v 993.1175999999999 1990.096 225.5628571428572
v 993.1175999999999 1990.096 235.5742857142857
v 993.1175999999999 1990.096 245.5857142857143
v 993.1175999999999 2000.08 225.5628571428572
v 993.1175999999999 2000.08 235.5742857142857
v 993.1175999999999 2000.08 245.5857142857143
v 993.1175999999999 2010.064 225.5628571428572
v 993.1175999999999 2010.064 235.5742857142857
v 993.1175999999999 2010.064 245.5857142857143
v 993.1175999999999 2020.048 225.5628571428572
v 993.1175999999999 2020.048 235.5742857142857
v 993.1175999999999 2020.048 245.5857142857143
v 993.1175999999999 2030.032 225.5628571428572
v 993.1175999999999 2030.032 235.5742857142857
v 993.1175999999999 2030.032 245.5857142857143
v 993.1175999999999 2040.016 235.5742857142857
v 993.1175999999999 2040.016 245.5857142857143
v 993.1175999999999 2050 235.5742857142857
v 993.1175999999999 2050 245.5857142857143
v 993.1175999999999 2059.984 235.5742857142857
v 993.1175999999999 2059.984 245.5857142857143
v 993.1175999999999 2069.968 235.5742857142857
v 993.1175999999999 2069.968 245.5857142857143
v 993.1175999999999 2079.952 235.5742857142857
v 993.1175999999999 2079.952 245.5857142857143
v 993.1175999999999 2089.936 235.5742857142857
v 993.1175999999999 2089.936 245.5857142857143
v 993.1175999999999 2099.92 235.5742857142857
v 993.1175999999999 2099.92 245.5857142857143
v 993.1175999999999 2109.904 225.5628571428572
v 993.1175999999999 2109.904 235.5742857142857
v 993.1175999999999 2109.904 245.5857142857143
v 1139.8824 2109.904 205.54
v 1139.8824 2109.904 215.5514285714286
v 1139.8824 2109.904 225.5628571428572
v 1139.8824 2109.904 235.5742857142857
v 1139.8824 2109.904 245.5857142857143
v 1139.8824 2099.92 205.54
v 1139.8824 2099.92 215.5514285714286
v 1139.8824 2099.92 225.5628571428572
v 1139.8824 2099.92 235.5742857142857
v 1139.8824 2099.92 245.5857142857143
v 1139.8824 2089.936 215.5514285714286
v 1139.8824 2089.936 225.5628571428572
v 1139.8824 2089.936 235.5742857142857
v 1139.8824 2089.936 245.5857142857143
v 1139.8824 2079.952 215.5514285714286
v 1139.8824 2079.952 225.5628571428572
v 1139.8824 2079.952 235.5742857142857
v 1139.8824 2079.952 245.5857142857143
v 1139.8824 2069.968 215.5514285714286
v 1139.8824 2069.968 225.5628571428572
v 1139.8824 2069.968 235.5742857142857
v 1139.8824 2069.968 245.5857142857143
v 1139.8824 2059.984 215.5514285714286
v 1139.8824 2059.984 225.5628571428572
v 1139.8824 2059.984 235.5742857142857
v 1139.8824 2059.984 245.5857142857143
v 1139.8824 2050 215.5514285714286
v 1139.8824 2050 225.5628571428572
v 1139.8824 2050 235.5742857142857
v 1139.8824 2050 245.5857142857143
v 1139.8824 2050 255.5971428571429
v 1139.8824 2040.016 215.5514285714286
v 1139.8824 2040.016 225.5628571428572
v 1139.8824 2040.016 235.5742857142857
v 1139.8824 2040.016 245.5857142857143
v 1139.8824 2040.016 255.5971428571429
v 1139.8824 2030.032 215.5514285714286
v 1139.8824 2030.032 225.5628571428572
v 1139.8824 2030.032 235.5742857142857
v 1139.8824 2030.032 245.5857142857143
v 1139.8824 2030.032 255.5971428571429
v 1139.8824 2020.048 215.5514285714286
v 1139.8824 2020.048 225.5628571428572
v 1139.8824 2020.048 235.5742857142857
v 1139.8824 2020.048 245.5857142857143
v 1139.8824 2020.048 255.5971428571429
v 1139.8824 2010.064 215.5514285714286
v 1139.8824 2010.064 225.5628571428572
v 1139.8824 2010.064 235.5742857142857
v 1139.8824 2010.064 245.5857142857143
v 1139.8824 2010.064 255.5971428571429
v 1139.8824 2000.08 215.5514285714286
v 1139.8824 2000.08 225.5628571428572
v 1139.8824 2000.08 235.5742857142857
v 1139.8824 2000.08 245.5857142857143
v 1139.8824 2000.08 255.5971428571429
v 1139.8824 1990.096 215.5514285714286
v 1139.8824 1990.096 225.5628571428572
v 1139.8824 1990.096 235.5742857142857
v 1139.8824 1990.096 245.5857142857143
v 1139.8824 1990.096 255.5971428571429
v 1110.52944 1990.096 215.5514285714286
v 1120.31376 1990.096 215.5514285714286
v 1130.09808 1990.096 215.5514285714286
v 1002.90192 1990.096 225.5628571428572
v 1012.68624 1990.096 225.5628571428572
v 1022.47056 1990.096 225.5628571428572
v 1032.25488 1990.096 225.5628571428572
v 1042.0392 1990.096 225.5628571428572
v 1081.17648 1990.096 225.5628571428572
v 1090.9608 1990.096 225.5628571428572
v 1100.74512 1990.096 225.5628571428572
v 1110.52944 1990.096 225.5628571428572
v 1120.31376 1990.096 225.5628571428572
v 1130.09808 1990.096 225.5628571428572
v 1002.90192 1990.096 235.5742857142857
v 1012.68624 1990.096 235.5742857142857
v 1022.47056 1990.096 235.5742857142857
v 1032.25488 1990.096 235.5742857142857
v 1042.0392 1990.096 235.5742857142857
v 1051.82352 1990.096 235.5742857142857
v 1061.60784 1990.096 235.5742857142857
v 1071.39216 1990.096 235.5742857142857
v 1081.17648 1990.096 235.5742857142857
v 1090.9608 1990.096 235.5742857142857
v 1100.74512 1990.096 235.5742857142857
v 1110.52944 1990.096 235.5742857142857
v 1120.31376 1990.096 235.5742857142857
v 1130.09808 1990.096 235.5742857142857
v 1002.90192 1990.096 245.5857142857143
v 1012.68624 1990.096 245.5857142857143
v 1022.47056 1990.096 245.5857142857143
v 1032.25488 1990.096 245.5857142857143
v 1042.0392 1990.096 245.5857142857143
v 1051.82352 1990.096 245.5857142857143
v 1061.60784 1990.096 245.5857142857143
v 1071.39216 1990.096 245.5857142857143
v 1081.17648 1990.096 245.5857142857143
v 1090.9608 1990.096 245.5857142857143
v 1100.74512 1990.096 245.5857142857143
v 1110.52944 1990.096 245.5857142857143
v 1120.31376 1990.096 245.5857142857143
v 1130.09808 1990.096 245.5857142857143
v 1110.52944 1990.096 255.5971428571429
v 1120.31376 1990.096 255.5971428571429
v 1130.09808 1990.096 255.5971428571429
v 1130.09808 2109.904 215.5514285714286
v 1120.31376 2109.904 215.5514285714286
v 1110.52944 2109.904 215.5514285714286
v 1100.74512 2109.904 215.5514285714286
v 1090.9608 2109.904 215.5514285714286
v 1081.17648 2109.904 215.5514285714286
v 1071.39216 2109.904 215.5514285714286
v 1061.60784 2109.904 215.5514285714286
v 1051.82352 2109.904 215.5514285714286
v 1130.09808 2109.904 225.5628571428572
v 1120.31376 2109.904 225.5628571428572
v 1110.52944 2109.904 225.5628571428572
v 1100.74512 2109.904 225.5628571428572
v 1090.9608 2109.904 225.5628571428572
v 1081.17648 2109.904 225.5628571428572
v 1071.39216 2109.904 225.5628571428572
v 1061.60784 2109.904 225.5628571428572
v 1051.82352 2109.904 225.5628571428572
v 1042.0392 2109.904 225.5628571428572
v 1032.25488 2109.904 225.5628571428572
v 1022.47056 2109.904 225.5628571428572
v 1012.68624 2109.904 225.5628571428572
v 1002.90192 2109.904 225.5628571428572
v 1130.09808 2109.904 235.5742857142857
v 1120.31376 2109.904 235.5742857142857
v 1110.52944 2109.904 235.5742857142857
v 1100.74512 2109.904 235.5742857142857
v 1090.9608 2109.904 235.5742857142857
v 1081.17648 2109.904 235.5742857142857
v 1071.39216 2109.904 235.5742857142857
v 1061.60784 2109.904 235.5742857142857
v 1051.82352 2109.904 235.5742857142857
v 1042.0392 2109.904 235.5742857142857
v 1032.25488 2109.904 235.5742857142857
v 1022.47056 2109.904 235.5742857142857
v 1012.68624 2109.904 235.5742857142857
v 1002.90192 2109.904 235.5742857142857
v 1130.09808 2109.904 245.5857142857143
v 1120.31376 2109.904 245.5857142857143
v 1110.52944 2109.904 245.5857142857143
v 1100.74512 2109.904 245.5857142857143
v 1090.9608 2109.904 245.5857142857143
v 1081.17648 2109.904 245.5857142857143
v 1071.39216 2109.904 245.5857142857143
v 1061.60784 2109.904 245.5857142857143
v 1051.82352 2109.904 245.5857142857143
v 1042.0392 2109.904 245.5857142857143
v 1032.25488 2109.904 245.5857142857143
v 1022.47056 2109.904 245.5857142857143
v 1012.68624 2109.904 245.5857142857143
v 1002.90192 2109.904 245.5857142857143
v 1135.430916113014 2109.279085784829 254.0856440008031
v 1127.575136976732 2084.754147118433 254.2730245216126
v 1133.876604713666 2093.66112026984 254.384230488716
v 1133.882103521439 2075.839351119358 254.8340562159829
v 1113.538904784302 2077.929473884305 253.6960114289677
v 1119.799374534606 2086.89446239706 253.8073587140154
v 1121.273606174978 2075.847207713194 254.1620478277785
v 1115.082095944382 2093.56473236375 253.3962667867721
v 1108.781280572385 2084.656701688058 253.2777703091713
v 1102.480446739789 2075.748807052876 253.1588960956012
v 1108.788198876051 2066.831010077804 253.7196977046865
v 1096.179598789108 2066.841193284113 253.038706800975
v 1102.487663698011 2057.923281523075 253.6034339782654
v 1089.865583691801 2093.582448907106 252.0774842264173
v 1096.172859900857 2084.665956858196 252.6110580293562
v 1083.564352412531 2084.674669860649 251.9537202723287
v 1089.871769521113 2075.758302432364 252.4885719884073
v 1127.586811759284 2049.109558825458 255.2016943652167
v 1133.88810597823 2058.016720452111 255.3009476624932
v 1133.894554942779 2040.193052158378 255.7809466316135
v 1127.600216681434 2013.46018746283 256.1689501691336
v 1133.901242486866 2022.368277516341 256.2644711873037
v 1133.907646509715 2004.542844915836 256.7334902390215
v 1114.99071605069 2013.469946739662 255.4886322153183
v 1102.379051276766 2013.480047112366 254.7788307588733
v 1108.681729803513 2022.38774901239 254.8936503907119
v 1108.688918859034 2004.56102676201 255.3776873177228
v 1121.298993654486 2004.551591241277 256.0660407451736
v 1121.292160446592 2022.377928303667 255.5897772633757
v 1102.385727833517 1995.649670003761 255.2422938082928
v 1089.771387142238 1995.659979915082 254.4797139849024
v 1096.074998927902 2004.57061050564 254.6454369566982
v 1114.997249233148 1995.642209190437 255.9482944960522
v 1090.809603024121 2013.506143242003 254.0913468691656
v 1083.59636308797 2013.378732521855 253.6550250399001
v 1088.355301510975 2024.461125747701 253.6606309537335
v 1085.052024926469 2002.332124151542 254.0211422664583
v 1096.069909296631 2022.396054837863 254.1690514550608
v 1089.878741261588 2057.93401840869 252.9152990075251
v 1096.187214818129 2049.015999869628 253.4828765441976
v 1083.577850489117 2049.027404950427 252.7857614668888
v 1089.886842452774 2040.109312594656 253.3547063688301
v 995.3309775480022 2049.073655205045 248.7751990560882
v 994.8936353696532 2013.654664643719 249.4961379239904
v 1064.660214459664 2057.953174438085 251.5844347911904
v 1070.96803094493 2049.037870087875 252.1041948808187
v 1058.358650149654 2049.046621400226 251.4548302007998
v 1064.666429189726 2040.1318700805 251.9620912143093
v 1052.05687712644 2040.140017465904 251.3207681484419
v 1058.36442720253 2031.22587442794 251.8119597812768
v 1045.754861096069 2031.232997566481 251.1869091074876
v 1052.061905551759 2022.319356576344 251.6593960958037
v 1052.06744618886 2004.49494323231 252.0077874740253
v 1058.377940939893 1995.572567754045 252.5677506805242
v 1045.763297140045 1995.580858193254 251.9086385943672
v 1026.846494142617 2022.329501134574 250.5348777120112
v 1033.150801864088 2013.415954014328 250.9658968153492
v 1020.545732612115 2013.420372106867 250.4702023516634
v 1026.849701125636 2004.506030947915 250.9033779502684
v 1014.245478402498 2004.511207229513 250.4284634449767
v 1020.549461506292 1995.596496031481 250.8671848634019
v 1007.945637603087 1995.602557023025 250.3956442555128
v 1026.839848316832 2057.97218730647 249.8584063993218
v 1033.144216465781 2049.059134545061 250.2912159193161
v 1020.539255272624 2049.064047045291 249.7697197694716
v 1026.843300464482 2040.151068987479 250.1945475930869
v 1013.024644302305 2040.156224923407 249.641577808789
v 1020.542561155178 2031.242664054126 250.1105708995126
v 1006.787502641076 2031.840468730432 249.5643090463245
v 1014.24209788683 2022.333965645168 250.0446900594266
v 1058.343903681027 2102.512203321939 250.3296366161844
v 1045.737820463888 2102.517911070957 249.7659518264489
v 1052.042763708498 2093.60391681707 250.2228608534308
v 1052.047248386499 2075.781959283707 250.5992390181144
v 1058.353328947537 2066.867760098838 251.0836861559941
v 1045.746208788393 2066.874458648183 250.4970789639863
v 1052.051984585055 2057.96068975964 250.9678157288333
v 1020.532550607457 2084.706404686512 249.0954894450133
v 1007.928528486038 2084.710899389474 248.6025755256407
v 1014.228968649792 2093.619418974054 248.6793338670475
v 1014.232153234468 2075.798084862308 249.0158737855848
v 995.3240543502582 2084.715570313456 248.1028896795876
v 1001.628007650827 2075.802627030931 248.519291091543
v 1001.624718752649 2093.623960629141 248.1879027534817
v 995.3202811871381 2102.538382751809 247.7583514286194
v 1129.170507551339 2100.31398521145 253.9740981213412
v 1124.490394309569 2093.611987629797 253.8907801596399
v 1121.382895934444 2102.472797422848 253.5146658748817
v 1127.580706884089 2066.932342123474 254.7287754209276
v 1121.279206283486 2058.025324586036 254.6234905628739
v 1116.007674256017 2066.95863977499 254.1063382308553
v 1102.47388469819 2093.573803525087 252.733477707067
v 1108.77485530066 2102.481707864856 252.8560147659617
v 1096.166730099201 2102.490278592379 252.2025806554789
v 1110.234464689868 2055.823066071172 254.0807619762398
v 1083.570613730117 2066.851009194792 252.364897721648
v 1103.973324530449 2046.857985073953 253.9702703083898
v 1114.977527426181 2049.118256079013 254.517157105484
v 1077.26303461692 2075.767116978193 251.8314379929117
v 1070.961655304346 2066.859951168549 251.7092360446066
v 1077.269385666964 2057.944198731911 252.2377435574485
v 1099.296466189337 2040.158064541377 253.8844262711125
v 1108.675551015214 2040.211091023177 254.4080363446629
v 1121.285386043739 2040.202366682082 255.1018505928444
v 1077.257422599913 2093.590424050997 251.4345854417904
v 1083.558695266091 2102.49830368972 251.5592952596436
v 1070.956067724183 2084.682572507776 251.3140928917976
v 1064.654681544777 2075.774996596392 251.1980486214083
v 1064.649703586678 2093.597577059149 250.8126867420671
v 1070.950991700167 2102.505632017614 250.9323429246524
v 1058.3484061644 2084.689601063295 250.7025287008304
v 1127.593415488236 2031.285567921942 255.6863572195721
v 1114.98374103785 2031.295116185218 254.9999454844178
v 1127.606381977865 1995.634313564959 256.6247066608627
v 1102.373095468973 2031.303759078053 254.2934162998536
v 1094.607209663944 2033.435068846765 253.7930407521572
v 1080.389700237339 1995.61312863436 253.8956695568309
v 1077.295086243123 2004.473082096279 253.4852487759127
v 1070.992041168274 1995.564468433004 253.3156181831543
v 1077.285698303308 2022.297922385901 253.0597860308234
v 1083.586436623395 2031.203330558232 253.2148416203357
v 1070.984190211929 2013.392222074038 252.8903940148244
v 1064.681681791888 2004.484403714489 252.7176346781162
v 1064.673589149508 2022.310231406792 252.3321767467597
v 1070.975492771676 2031.21581495305 252.4953385866283
v 1058.370951519263 2013.403771207755 252.1638527266617
v 1077.276831692131 2040.121385481419 252.6466656592987
v 995.3345448374484 2031.25238061348 249.1341311677188
v 1001.634762431582 2040.160595018381 249.1974449841783
v 1009.162091426652 2048.422986179189 249.3302964582498
v 1001.631328239259 2057.981714163905 248.8519836416918
v 995.3275170148261 2066.894553786622 248.4348234352939
v 1000.867268415361 2022.730267559503 249.5274245061273
v 1014.9189682345 2057.614439455977 249.383571560497
v 1007.931727635245 2066.889850822501 248.9333601817016
v 995.3421879066689 1995.608120137927 249.9144970059762
v 1001.642041526103 2004.516352621565 249.9606062329111
v 1007.941942138296 2013.42511391862 249.9971960153916
v 1045.750587673259 2049.053549242022 250.8498495102045
v 1039.445204384998 2057.966898433877 250.3937822794761
v 1039.44912913919 2040.14610072002 250.7330920957436
v 1033.147699145481 2031.238125354487 250.6248620650143
v 1039.45270828089 2022.325102470105 251.0636001856138
v 1045.758849176727 2013.411433384948 251.5183922327032
v 1039.455921550395 2004.500767915927 251.4148018966707
v 1033.154699923917 1995.589593027472 251.3606507765315
v 1020.830084246208 2067.101563703784 249.4413425449162
v 1033.140496237995 2066.880187494591 249.9500333543014
v 1026.400603790673 2076.02374546407 249.4956731687143
v 1039.441164893983 2075.788082569634 250.0408948826095
v 1034.480310213902 2101.8125040198 249.3146686854199
v 1038.323315102648 2093.61014952156 249.6339037884311
v 1045.741878673552 2084.695946037136 250.1304199150938
v 1020.529216994204 2102.527925223459 248.7491980169979
v 1026.83288424371 2093.614738204881 249.1708067115934
v 1032.171349740301 2085.208993734914 249.5500168149472
v 1007.925250971026 2102.532999543459 248.2602122636664
v 993.1175999999999 2020.048 249.286146817307
v 993.1175999999999 2022.477373159417 249.2325206503204
v 993.1175999999999 2004.302414853037 249.6323959892303
v 993.1175999999999 2010.064 249.5057212473678
v 993.1175999999999 2004.11968611393 249.6364984384185
v 993.1175999999999 1994.023759237615 249.8597943160133
v 993.1175999999999 1994.35124444469 249.8526489623949
v 993.1175999999999 1992.462545448617 249.8938582198334
v 993.1175999999999 1990.096 249.9444758108476
v 993.1175999999999 1995.583304130816 249.8257668255955
v 993.1175999999999 1998.471932440199 249.7632963498324
v 993.1175999999999 2000.08 249.7271935699
v 993.1175999999999 2010.951773121166 249.4862025857343
v 993.1175999999999 2013.622697080412 249.4266549528087
v 993.1175999999999 2013.888693790652 249.4209154768901
v 993.1175999999999 2016.288564551667 249.3691328799242
v 997.5486313958279 1990.096 250.1195964887789
v 999.2402493818314 1990.096 250.186451643267
v 1002.90192 1990.096 250.3262028674787
v 1004.051641980345 1990.096 250.3700831262489
v 1007.715265656545 1990.096 250.5107848302283
v 1011.839570313333 1990.096 250.6691790170302
v 1012.68624 1990.096 250.7008455932063
v 1016.659885049764 1990.096 250.8494652209626
v 1017.877093699306 1990.096 250.8970553942772
v 1022.47056 1990.096 251.0766497945038
v 1024.439015362398 1990.096 251.1536120572136
v 1028.050268413537 1990.096 251.2949360028622
v 1029.270051975306 1990.096 251.342671407539
v 1032.25488 1990.096 251.4684838227
v 1037.039552510371 1990.096 251.6701608370217
v 1038.252814176825 1990.096 251.7228694060919
v 1041.884211500841 1990.096 251.8806307216981
v 1042.0392 1990.096 251.8880936177141
v 1048.502779761275 1990.096 252.1993233148283
v 1049.643301831366 1990.096 252.2542409226458
v 1051.82352 1990.096 252.3681194531189
v 1054.503590304406 1990.096 252.5081065756104
v 1058.823311974923 1990.096 252.7479818088327
v 1061.60784 1990.096 252.9026073519525
v 1062.252242953731 1990.096 252.9383912104058
v 993.1175999999999 2023.660047456551 249.2076849495637
v 993.1175999999999 2059.984 248.4773406003071
v 993.1175999999999 2062.814606258917 248.4240969354522
v 993.1175999999999 2031.253295177374 249.0469766329832
v 993.1175999999999 2033.439287099926 249.0023620644861
v 993.1175999999999 2030.032 249.0731114183551
v 993.1175999999999 2057.985017912731 248.5149414259148
v 993.1175999999999 2053.017186136618 248.6111893952348
v 993.1175999999999 2034.38698461825 248.9830202199853
v 993.1175999999999 2040.016 248.8673452751026
v 993.1175999999999 2072.613876274161 248.2388594507382
v 993.1175999999999 2075.805922622701 248.1788229312091
v 993.1175999999999 2047.468399084609 248.7197184183591
v 993.1175999999999 2049.074544545566 248.6874482072653
v 993.1175999999999 2050 248.6695557414048
v 993.1175999999999 2045.944159827552 248.7503429936409
v 993.1175999999999 2043.225414091394 248.8039454487877
v 993.1175999999999 2028.117701017369 249.1140759566382
v 993.1175999999999 2052.203099964828 248.6269616967977
v 993.1175999999999 2069.968 248.2886180395047
v 993.1175999999999 2070.019045297382 248.2876634477991
v 993.1175999999999 2040.16399872429 248.8643039360559
v 993.1175999999999 2066.895439980404 248.3460775991536
v 993.1175999999999 2068.501988502318 248.3160337366953
v 993.1175999999999 2063.770039930735 248.4061252412072
v 993.1175999999999 2079.952 248.1024180231712
v 1067.123189506534 1990.096 253.2271004184729
v 1069.197653342901 1990.096 253.3516984474066
v 1071.39216 1990.096 253.4835065797842
v 1074.860243116716 1990.096 253.6918092327136
v 1076.558381703307 1990.096 253.7968435550704
v 1079.599906988185 1990.096 253.9839752486192
v 1081.17648 1990.096 254.0809748623233
v 1082.30773056376 1990.096 254.1505757414864
v 1085.834531938782 1990.096 254.3705638830091
v 1090.010808105782 1990.096 254.6251002427966
v 1090.9608 1990.096 254.6830005034386
v 1093.708486384735 1990.096 254.8504669405805
v 1098.455781250667 1990.096 255.1373644498406
v 1100.406485007894 1990.096 255.250647644879
v 1100.74512 1990.096 255.270313190565
v 993.1175999999999 2081.595973190911 248.0721224910241
v 993.1175999999999 2082.416029539766 248.0565131374032
v 993.1175999999999 2099.42378653423 247.7296428533509
v 993.1175999999999 2099.92 247.7196117819428
v 993.1175999999999 2093.627561881234 247.8425778378891
v 993.1175999999999 2092.21369745934 247.8696691556572
v 993.1175999999999 2084.716510573905 248.0127246562697
v 993.1175999999999 2086.322755311257 247.9822558553417
v 993.1175999999999 2083.11129232531 248.0432791655009
v 993.1175999999999 2087.83525852677 247.9535652341028
v 993.1175999999999 2089.936 247.9133125380743
v 993.1175999999999 2102.005997799061 247.6774428479599
v 993.1175999999999 2102.539342307862 247.6666611638221
v 993.1175999999999 2105.652947183042 247.6016969656905
v 993.1175999999999 2109.904 247.5108435586653
v 993.1175999999999 2100.934487633625 247.6991036768681
v 1000.529463102269 2109.904 247.813990105716
v 1000.716900631962 2109.904 247.8214511923463
v 1002.712379891537 2109.904 247.9008826895974
v 1002.90192 2109.904 247.9083735615106
v 1010.136823643503 2109.904 248.1943063750877
v 1012.68624 2109.904 248.2950626294501
v 1013.138039132041 2109.904 248.3129183194995
v 1015.312761959901 2109.904 248.3972715046806
v 1019.55945680961 2109.904 248.5643884965583
v 1022.47056 2109.904 248.6789469532972
v 1025.745770222295 2109.904 248.807833840509
v 1028.047498970625 2109.904 248.8987686995966
v 1028.980040809616 2109.904 248.936567348313
v 1032.25488 2109.904 249.0693061606473
v 1038.391539003007 2109.904 249.3180429017221
v 1039.522486431286 2109.904 249.3638835093718
v 1040.935332157752 2109.904 249.4222616939437
v 1042.0392 2109.904 249.4696146308457
v 1047.786763846789 2109.904 249.7161695333089
v 1050.962180459695 2109.904 249.8523862947308
v 1051.82352 2109.904 249.8908935819544
v 1053.115311764237 2109.904 249.9486447871075
v 1057.162266386442 2109.904 250.1344762529401
v 1061.60784 2109.904 250.3386118408563
v 1063.572596483276 2109.904 250.4288311814163
v 1065.717566168278 2109.904 250.5313528230968
v 1066.520829508042 2109.904 250.5701155796274
v 1071.39216 2109.904 250.805189419665
v 1075.864484955471 2109.904 251.0210086097024
v 1076.184459388407 2109.904 251.0364494874642
v 1078.320021483994 2109.904 251.1426199313724
v 1081.17648 2109.904 251.2849886966802
v 1085.195066423423 2109.904 251.4852790856985
v 1088.797353345776 2109.904 251.6648206888921
v 1090.922437213517 2109.904 251.773216889941
v 1090.9608 2109.904 251.7751696639028
v 1094.519055568937 2109.904 251.9562949017095
v 1100.74512 2109.904 252.273219130121
v 1106.315097169226 1990.096 255.5937784054567
v 1106.375212521441 1990.096 255.5971428571429
v 1110.52944 1990.096 255.829640831957
v 1110.769811366451 1990.096 255.8430935993347
v 1111.07368061392 1990.096 255.8601001270247
v 1118.920541389524 1990.096 256.2916667616227
v 1120.31376 1990.096 256.3663845322959
v 1121.107134646355 1990.096 256.4089329051346
v 1123.688728212229 1990.096 256.5473827611559
v 1130.09808 1990.096 256.8881007965488
v 1131.428893176404 1990.096 256.9588461801623
v 1131.523975711937 1990.096 256.963900721679
v 1136.302654945645 1990.096 257.214074398237
v 1139.8824 1990.096 257.400348891159
v 1139.8824 2000.08 257.1558157019294
v 1139.8824 1998.485647311212 257.1958756357354
v 1139.8824 1996.095972641481 257.2559189434431
v 1139.8824 1995.626540676606 257.2675696337117
v 1139.8824 1995.156706311116 257.2789458004826
v 1139.8824 2010.064 256.90201944979
v 1139.8824 2008.728527148357 256.9362845902469
v 1139.8824 2004.538857381471 257.0437818133122
v 1139.8824 2020.048 256.6393975497166
v 1139.8824 2018.980261506329 256.6678146983238
v 1139.8824 2013.912323513125 256.8026944913989
v 1139.8824 2013.451327531614 256.814894199225
v 1139.8824 2012.989854877172 256.8269487898364
v 1139.8824 2022.363930224879 256.5777606098158
v 1139.8824 2022.72159374529 256.5682118259039
v 1139.8824 2030.032 256.373040986132
v 1139.8824 2029.23706279032 256.3942639602559
v 1139.8824 2040.016 256.1021526420346
v 1139.8824 2039.498344241406 256.1162207469422
v 1139.8824 2031.728167785263 256.3273874455086
v 1139.8824 2031.2763408729 256.3395723145987
v 1139.8824 2030.824017213095 256.3518959691236
v 1139.8824 2050 255.8342622397245
v 1139.8824 2049.757015191644 255.8407952061807
v 1139.8824 2049.54323000166 255.8465431024565
v 1139.8824 2049.1006836455 255.8583251697106
v 1139.8824 2048.657672246165 255.8703745748269
v 1139.8824 2040.188648736722 256.0974606425734
v 1139.8824 2058.836590574264 255.5971428571429
v 1139.8824 2058.361528521214 255.6096480542292
v 1139.8824 2058.012491284026 255.6188358633027
v 1139.8824 2059.984 255.5669392639168
v 1139.8824 2067.357723064791 255.3729640057307
v 1139.8824 2066.924081377822 255.3841778164033
v 1139.8824 2066.490019512361 255.3956794132785
v 1139.8824 2069.968 255.3047545343503
v 1139.8824 2060.014932867726 255.5661250090108
v 1139.8824 2075.835398641618 255.151432810389
v 1139.8824 2070.267389201461 255.2969311578751
v 1139.8824 2079.952 255.0463454720156
v 1139.8824 2085.171907859497 254.9133516705535
v 1139.8824 2084.746573802583 254.9239518696008
v 1139.8824 2084.320865514122 254.9348184115546
v 1139.8824 2089.936 254.793379453786
v 1139.8824 2080.515637291131 255.0319571119155
v 1101.410957079106 2109.904 252.307112114185
v 1103.524653540024 2109.904 252.4166250540519
v 1103.837713333362 2109.904 252.4327658480686
v 1110.52944 2109.904 252.7777791140359
v 1113.152666012704 2109.904 252.913027880027
v 1114.024961734831 2109.904 252.9580018622252
v 1116.126594391254 2109.904 253.0677578719273
v 1120.31376 2109.904 253.2850539737201
v 1122.464325834411 2109.904 253.3966592017269
v 1126.639095849599 2109.904 253.6133120248889
v 1127.882099357771 2109.904 253.6784462146542
v 1130.09808 2109.904 253.7936058108682
v 1131.775509158147 2109.904 253.8807780816222
v 1133.127434953123 2109.904 253.9510346649578
v 1134.800729957386 2109.904 254.0381381092322
v 1135.290014744775 2109.904 254.0636078501351
v 1135.697643415484 2109.904 254.0846636971479
v 1138.574668941143 2109.904 254.2341705933798
v 1139.8824 2109.904 254.3022663809772
v 1139.8824 2099.92 254.5454674344227
v 1139.8824 2093.998515611878 254.6912659551187
v 1139.8824 2093.65748142947 254.6996628833283
v 1139.8824 2090.758209967778 254.7726740707722
v 1139.8824 2102.507626171754 254.4817758198008
v 1139.8824 2102.150300192488 254.4905530839898
v 1139.8824 2102.986087176715 254.4702450849893
v 1139.8824 2100.995194992789 254.5189940319558
v 1099.205682939926 2000.092838309567 215.2435316002902
v 1096.803124406695 2003.518017815868 215.7698745785199
v 1094.636943462929 2000.067622225062 216.1568277000975
v 1073.674754790816 2000.055548126827 231.1361906625991
v 1067.292774710404 2000.141365634871 231.7976998304854
v 1070.737487921477 1995.871342075788 231.3222755376979
v 1070.927507780946 2004.523021137088 231.6363552283315
v 1064.588306392118 2004.555160450936 231.0427752510505
v 1064.569437159081 1995.512429527991 230.7422417671539
v 1077.145257400395 2040.023888963298 224.0883237808264
v 1074.014834181475 2044.485235261675 223.9365633052675
v 1073.352755284577 2039.16279433438 225.1516122234887
v 1076.547085371549 2034.736582678107 225.2428654989077
v 1080.281980927263 2035.588570194222 224.0464490540766
v 1083.126326467038 2039.977651220378 222.3355687644742
v 1079.997136181592 2044.45932935099 222.3925936814089
v 1001.688093659443 2000.114298389085 220.1329727794669
v 1004.027113510479 2003.483965567117 220.3830307100397
v 1042.57554242552 2040.152934514676 227.9655118646253
v 1039.41757301385 2044.603091190603 228.0821856097739
v 1036.273584662453 2040.174566345954 228.2469442540241
v 1039.432060958643 2035.718650488245 228.0087545955584
v 1045.731623185516 2035.700458036509 227.9186948287275
v 1048.878015417975 2040.143968390439 227.6598439003737
v 1045.726204969344 2044.599162680369 227.589977067576
v 1004.80806840674 2080.463152059704 231.6768217040772
v 1001.397122199625 2084.371980359114 231.4096719053069
v 998.4880317212155 2080.228010832931 231.9991127205784
v 1001.630941773662 2075.777593035135 232.2489722633085
v 1008.184236265197 2075.634479236637 231.6696456631995
v 1011.130975745267 2080.302337561247 230.7479403773692
v 1007.977472884422 2084.786814269721 230.6594908909117
v 1021.294839748638 2018.855734491977 225.1359450548471
v 1017.345609184629 2022.154306485072 225.3931093821923
v 1017.454459321604 2017.385232678473 224.4333074412828
v 1023.66184614925 2022.232366149022 225.9577535689217
v 1020.526146247945 2026.734907217133 226.5438761369782
v 1023.676920956774 2040.245610583864 228.6989961576512
v 1020.505556106032 2043.978341966776 229.2271295667858
v 1017.384364888155 2040.283853306909 228.8001147013752
v 1020.538892894777 2035.777502523692 228.1097893280429
v 1026.835180872168 2035.760421530689 228.1346102390604
v 1029.97348020355 2040.206684576154 228.5013178190873
v 1026.808454484697 2044.671845839287 228.9684677697015
v 1004.803645270421 2040.309920662708 228.5548061266481
v 1001.674838543411 2044.026252854505 229.1817013095027
v 998.5071794855485 2040.27203617426 228.1280693349829
v 1001.467918028528 2035.575762481644 227.2446154984478
v 1007.671359500501 2035.369310295536 227.6072149402025
v 1011.094342550112 2040.309844051266 228.7647928536528
v 1007.936839915899 2042.64263040824 229.1491008496253
v 1005.546135390444 2045.533063307441 229.6396347139487
v 1001.665054515444 2022.501156779739 223.940133458856
v 998.5534703097378 2026.262595865012 224.6025339595983
v 995.0853350731392 2022.027682033987 223.1987561349338
v 998.7690574032825 2018.139646630191 222.6064953404249
v 1004.623135435757 2017.681987559632 223.0369911504302
v 1007.996425618192 2021.862884792904 224.3973151606609
v 1004.787037291161 2024.723888223933 224.7953750804233
v 1002.348597189897 2027.647430660239 225.3203077063602
v 1061.203976224632 2039.776029851195 226.8454456726232
v 1058.354258609754 2044.66969460186 226.4249129887041
v 1055.266214826445 2040.53542418851 227.2421003039927
v 1042.185067164683 2022.191235888955 227.2659050738997
v 1039.438239594651 2026.806979168308 227.4811828497882
v 1036.577438805555 2022.745035620816 226.9261932140539
v 1045.603105954072 2017.827261296736 227.2184791472329
v 1048.898866507042 2022.353703280031 227.8299661628023
v 1045.742222947646 2026.807005014142 227.7829376612906
v 1039.421908565966 2017.8536391025 226.6068957873079
v 1061.503902931023 2022.262899675863 228.8901399615727
v 1058.342301297797 2026.751785077774 228.3923890633078
v 1055.212121524139 2022.330459216732 228.413006067907
v 1058.39177945208 2017.861662293869 228.8932674773715
v 1062.260215518536 2016.803145460063 229.4527520994743
v 1064.633287161168 2019.992328439601 229.2859049775192
v 1067.757143486459 2022.205402879892 228.8969517448205
v 1064.621684595942 2026.714464129823 228.3940406283424
v 1038.697598410613 2003.507991578329 224.7814578274281
v 1039.385215373492 2008.875326414682 225.5351929623814
v 1036.285063538533 2006.805783496311 224.8955054452389
v 1033.181442953749 2004.627318110042 224.2184665320089
v 1036.329554665335 2000.15585981 224.0150359540534
v 1042.520858738575 2004.422210347677 225.4210428543236
v 1080.508410717341 2022.416044958271 225.9530009224344
v 1076.521057023643 2026.485999636503 226.655986541212
v 1074.640050214131 2022.283795124926 227.8393163764325
v 1077.662797062545 2018.118744198707 227.6299089085144
v 1070.25565675629 2079.359493051737 216.4234162911192
v 1073.52182517485 2075.047126785393 216.7301096992981
v 1080.984687967958 2058.197993163572 218.8596654061475
v 1077.738687991015 2062.609190937595 218.7155256667095
v 1074.852234783162 2059.004212672587 220.3866532608848
v 1077.232497660117 2055.8037143418 220.5523549727008
v 1079.644818625831 2052.505424556495 220.6656022139067
v 1084.141210910058 2053.757263839024 218.9269688421381
v 1048.841507966643 2097.925910610255 215.2257598212232
v 1052.013664250504 2093.415309742747 215.5928824323392
v 1058.313998955041 2093.506432839826 215.2265589131495
v 1055.21289050058 2084.832441524983 217.2503578605198
v 1052.264476110259 2080.505969367743 218.9081889229366
v 1058.208835886412 2080.039430683469 218.1611215314493
v 1058.280571996434 2057.833043267294 224.0057274909926
v 1055.4461075248 2062.763234663926 223.3582869830357
v 1052.757973820826 2058.922539015082 224.6949248254488
v 1055.183879286956 2055.745097986129 224.9482322077316
v 1057.605733902079 2052.564578902528 225.1927327669331
v 1061.414285123192 2053.341898829473 224.4426578878609
v 1064.638401905312 2058.191525821986 222.8009044020315
v 1061.047240776532 2062.301064222457 222.4730253833177
v 998.4825978813474 2089.314128408304 230.387822370423
v 1001.637234666424 2091.655664354343 229.6773434410333
v 1004.77356507004 2094.019795120271 228.6542385213635
v 1039.525349342315 2098.175208149222 216.9297367751178
v 1036.36001797802 2102.601596190397 217.1926024833005
v 1033.673309789241 2098.301761284182 218.8730536758582
v 1036.732121964622 2093.780617815955 218.7887731001792
v 1042.610648495613 2058.023073724928 226.5578741326357
v 1039.472657118179 2062.495877062842 226.4185499367297
v 1036.941580460065 2058.269645255725 227.4898216286717
v 1040.150609627672 2053.83781498602 227.4562125051738
v 1036.469984944229 2080.303478278742 222.924956044792
v 1033.176025583142 2084.715972197054 222.7756409469469
v 1030.680994538209 2081.224271540401 224.6840810144645
v 1033.865284047061 2076.798377775416 224.7614526594191
v 1039.928711036511 2075.93662635617 223.168456797633
v 1042.737839800423 2079.833736690975 221.1756921996638
v 1038.812040413335 2083.882500608233 221.0233710723699
v 1026.211717148558 2079.985048708503 226.5427638197115
v 1023.151139060761 2084.485770698398 226.6014102469104
v 1020.44358426901 2080.14247315991 228.3884583449647
v 1023.611526659893 2075.712888993849 228.1872610475783
v 1029.436953506191 2075.881943039862 226.3780324960614
v 1027.526375236664 2085.685108136024 224.683612209718
v 1025.292806242292 2057.976038904184 229.4517481391551
v 1023.743280185399 2053.496520029979 229.6461812279049
v 1027.291266438253 2053.523387661447 229.215211748203
v 1029.921979414745 2057.931367166194 228.7087372529487
v 1026.747882811789 2062.365772092398 228.9838972377874
v 1023.253030244729 2062.498361516166 229.6255852789677
v 1020.587172591428 2057.966374997824 230.1284207049972
v 1004.787669001313 2053.47195329936 230.9278500090527
v 1007.624919333407 2058.411059916767 231.416731099032
v 1001.631435016463 2058.371611102753 231.5460399141446
v 1023.8013752026 2097.868556642001 222.701045080713
v 1020.251674257491 2102.450108339312 222.4455472410563
v 1017.981620970032 2098.828652598298 224.3288357386014
v 1021.220557773494 2094.544269383346 224.6250008787748
v 1026.857274067624 2093.619554218001 222.7531224025691
v 1029.314826631852 2097.107220172018 220.8170021016242
v 1026.146478061343 2101.569948176788 220.7990085876554
v 1080.56625459915 2004.520817299162 227.4516436140574
v 1077.576568901271 2008.817392158028 228.986583583291
v 1076.69715670364 2003.532174454251 229.8866389138327
v 1077.829866659888 1998.96478014373 229.1268225483361
v 1081.621136729274 2000.067622225062 226.4426835194028
v 1082.598122202344 2008.9638627549 225.8457571612641
v 1084.730643233827 2003.788882949614 223.9338681983858
v 1059.958791065312 2004.522115815764 229.3354153111046
v 1061.837042198505 2009.054354286237 229.9363519418876
v 1058.461200947077 2009.023428134601 228.9773894489701
v 1054.640828575176 2004.543164598861 227.7091386165729
v 1090.462404991122 2036.701435082195 220.159990089543
v 1092.796018502427 2031.180144616222 219.8576072448891
v 1090.204590690772 2044.781620311611 218.7432339745045
v 1088.234879727905 2040.158064541377 220.466423110955
v 1086.088319390322 2035.399013495539 222.0960993795256
v 1089.547432689801 2031.367620295502 221.2546860581829
v 1091.57330490609 2026.794583769272 220.733175684211
v 1096.443082741711 2026.760826821446 218.4923423498645
v 1087.2148410139 2049.287410657837 218.8975100829701
v 1085.95843868454 2043.550410858807 220.6393956309151
v 1093.308241557807 2022.374404679163 219.9482374922147
v 1098.917835652813 2022.33527294769 217.4036141307138
v 1096.210959511708 2017.915355570717 218.3208636326322
v 1089.517487408811 2022.341041476323 221.808950647556
v 1091.49196598849 2017.885596587869 220.6181450837921
v 1093.420808973744 2013.189280735205 218.9955470810721
v 1098.958048551033 2013.309607313192 216.6585908903376
v 1086.870015433208 2026.746689318367 222.846627602894
v 1087.038515104683 2017.921738772663 223.0636390546965
v 1088.985221954758 2013.319952719169 221.5876585831907
v 1083.881167394608 2022.232459590849 224.5252026897452
v 1099.915740691098 2008.084602883772 215.6051936744812
v 1095.651002168848 2008.89626383571 217.1828581488731
v 1090.33239304532 2008.089794413836 219.8650762936294
v 1092.676187001076 2004.701177684002 217.7354127505687
v 1090.154397685589 2000.147517868319 218.8490821467897
v 1088.412771628448 2004.522115815764 220.7180002493397
v 1086.108434109709 1999.981871253405 222.3142586460687
v 1067.774390708917 2009.027989779709 231.0497944737682
v 1067.764271519503 1991.52542537394 230.2629098859251
v 1073.386990462609 1992.066895605104 229.7415313128269
v 1075.882441771031 1995.61312863436 229.7243993681818
v 1074.189675288882 2009.086373041244 230.2840142988985
v 1064.586185929472 2013.536747810343 230.0803497722586
v 1070.979747011758 2013.576803880436 230.1274683205365
v 1077.499733293933 1991.060363249235 227.6998651152141
v 1080.259536706924 1995.541853219277 226.9997368682148
v 1074.784676758292 2014.447808557017 229.1886307587174
v 1059.96510678124 2013.431102997167 229.3264835399832
v 1076.711240138702 2048.877048178694 222.319884875023
v 1082.824974566816 2048.065784763262 220.7233820828749
v 1070.9737978018 2035.788785731283 226.2422512163546
v 1074.123579900716 2031.315733997627 226.4275013792083
v 1079.678372731045 2030.198882871573 225.1334747438617
v 1070.932892410642 2042.437345129861 225.0039601235686
v 1067.830179451392 2040.270896853776 225.9475173531985
v 1083.956992538914 2031.195680137356 223.5120457583329
v 1070.8853261011 2048.964607847049 223.6591904457094
v 1068.54414942776 2045.623056880559 224.8114791508514
v 1081.90134312219 2026.794583769272 224.8729305174708
v 1073.833144809732 2053.192694660132 222.0410263472114
v 1064.690514251333 2044.759054106093 225.6008673628849
v 1064.594027992206 2035.568597770096 227.145952235337
v 1068.292902132811 2031.434988765978 227.3843186494487
v 1068.38980240444 2053.726110812235 223.1046954771019
v 1065.286676745545 2049.926046706258 224.5077069303022
v 1071.217988894169 2027.181952882109 227.687906387674
v 1011.040726498277 1999.96746829186 220.7649643032589
v 1007.891358801785 2004.412587101124 220.8857610608152
v 1001.637234666424 2006.736476625369 220.5103187254791
v 998.4634642775738 2008.871453445311 220.7737286559776
v 1004.750273803828 2008.866579440303 221.206199013067
v 1017.350166449797 1999.986921807169 221.517013972287
v 1014.203917690699 2004.449852988998 221.7020232504363
v 1011.062410248661 2008.91276804716 221.9642914691964
v 1001.617630738856 2013.345122846189 221.7832286894788
v 1008.154050461109 2013.849031235207 222.5569268427409
v 995.3138968494368 2013.314162005376 221.330397471105
v 1042.587609553078 2031.262323337596 227.8486663334581
v 1042.573881277608 2049.052069583505 227.5733293482558
v 1033.132893269034 2035.739179518905 228.0883287489589
v 1036.287388585817 2031.271934141562 227.744197527928
v 1048.887637882389 2031.246290583063 227.961228819168
v 1052.030326305976 2035.685875694161 227.8020615069397
v 1051.719167404542 2044.49466272054 227.097373385334
v 1048.234531011248 2048.798873142141 226.9714414862253
v 1036.256495366076 2049.049995529683 228.2523801367385
v 1045.434294972595 2053.103665833848 226.800466119214
v 1033.110825784393 2044.628288083414 228.5478348094859
v 1033.091478562842 2053.492857020786 228.4637431524377
v 1029.942995421795 2049.078119098499 228.8971572138225
v 1029.987780564776 2031.276195389319 227.632168088598
v 1033.063418186128 2026.726521213993 227.1943522221315
v 1052.046356487993 2026.790220263371 228.1161778828789
v 1055.184564009093 2031.223158868952 228.038276981239
v 1058.328688887489 2035.682070064203 227.5826535459423
v 1055.216959071816 2049.152099186582 226.1069513343045
v 1052.082864720167 2053.640250966848 225.7960025226013
v 995.5988031771458 2084.348414846283 231.3579194408818
v 1004.834794266634 2089.362573985319 230.092294668411
v 995.3454772474224 2075.78020341058 232.2020887367364
v 1014.293982203499 2075.842999262223 230.5712531897777
v 1016.68275909517 2079.213978022838 229.6042546282735
v 1013.550445066737 2083.730269756836 229.6907853816492
v 1010.321384128051 2088.141364603402 229.5352984549969
v 1004.776997664957 2071.336266128636 232.1701395724554
v 1007.936839915899 2091.177955884069 229.1996349707605
v 998.4896277098924 2071.340229009001 232.3680412815253
v 995.3447845118039 2066.897284434918 232.1063386059178
v 1001.634180400307 2066.896853758613 232.2316577210256
v 1008.362210356202 2066.886542536142 231.819913835795
v 1010.695524618857 2071.083216775604 231.5104007399413
v 1017.288106637144 2084.568567413048 228.5099927444942
v 1014.158263790308 2089.002830394457 228.4093088665233
v 1011.714130380527 2093.769664084071 227.6590655937837
v 1014.258916434282 2066.88915883388 231.0639251552823
v 1017.460677523611 2071.390392495952 230.2609507458127
v 1018.998716112678 2075.794013266991 229.4595476964587
v 1023.685853039585 2015.778192495247 224.8320836277062
v 1020.577382504297 2013.555201514701 224.0818147339817
v 1026.79628610873 2017.746815256118 225.4763639070692
v 1029.972749341043 2022.285986311349 226.4345107809089
v 1026.749374744345 2027.40096507402 226.9993901326012
v 1014.215936247669 2026.673184568669 226.0852034507658
v 1017.260164251953 2031.181916662044 227.2058830113726
v 1023.472055047005 2030.962674722383 227.4134906361635
v 1011.864794632361 2023.295608516456 225.1231815461935
v 1014.236445165373 2020.365301562551 224.6994681511043
v 1011.118082814432 2018.015241607758 223.8314769517663
v 1014.000497028609 2013.121086332935 223.1494997130198
v 1017.41016683422 2008.631258475873 222.8003257707695
v 1023.717007213794 2009.056922977059 223.7126675360539
v 1026.159861166454 2012.541773467266 224.5697268092472
v 1029.913407069307 2014.027721428199 225.202477691016
v 1033.111163685263 2017.807846558263 226.0491284248786
v 1014.242554250332 2035.782155863055 227.9784692744349
v 1011.024762895207 2031.688055172142 226.9756726841255
v 1007.90271190839 2026.590599722792 225.5458144229261
v 1030.036173619839 2009.107761963363 224.484116132186
v 995.3376294169499 2028.997900561223 224.9758563338351
v 1024.451896091409 2047.988937963665 229.3406353581541
v 1020.57105725588 2048.988837876485 229.7071122089551
v 1016.619256699973 2045.597734966878 229.5638006797981
v 1017.415835228348 2053.475162599393 230.3007720691597
v 1014.253581156392 2048.972091554095 230.080355559464
v 1011.088713733952 2045.215834839638 229.6266726089216
v 1014.236445165373 2042.602211675959 229.1895195819064
v 1001.62275554603 2048.928811894969 230.1374156931997
v 1007.939225218918 2048.957510124863 230.243089224391
v 1004.77247198369 2031.152014253017 226.4136777726539
v 998.487432041687 2046.704587758422 229.5416370901447
v 995.3790019148438 2044.800750229684 228.863905101627
v 1011.09793515992 2053.473493572807 230.7499054319496
v 995.5351602524065 2035.946408177634 226.7802523445602
v 998.455505125745 2031.071564274459 225.8381631313353
v 998.476017151575 2053.451055637614 230.7706943299292
v 995.2777437543393 2049.592224138935 229.8453466358356
v 1061.578392450127 2048.531923033806 225.3604849606432
v 1061.476183347853 2031.204679188123 227.9496259147899
v 1036.248588257203 2013.337838038188 225.749452823026
v 1042.563067458151 2013.390871966916 226.440721391072
v 1048.709679556121 2013.345869028821 227.2472019059276
v 1052.062438111873 2017.903342690449 228.0140667651772
v 1033.906602445088 2010.010994476611 225.0539464008662
v 1045.704772328442 2008.934759859708 226.3761101126009
v 1051.646117866013 2008.776905999085 227.3687651069031
v 1055.242458897317 2013.457704624557 228.373515465733
v 1026.85766922555 2004.574602612528 223.4195824687685
v 1024.368088174291 2000.3168101665 222.4628737617316
v 1029.747478450705 1999.741081707439 223.0723033013323
v 1020.778913860432 2004.611384252715 222.6276550671612
v 1067.804226759846 2017.305142420314 229.6715188096342
v 1071.626217888246 2018.809220504695 229.0833073361792
v 1048.85008232204 2004.488447671093 226.4475440840239
v 1082.966641689483 2016.842211236931 225.3361048483766
v 1080.261531284551 2013.475206723153 227.0814354141732
v 1084.717114917876 2013.431102997167 224.4005395887769
v 1086.681790072548 2008.976573916275 222.7244812784296
v 1084.322366744782 1995.26056934218 223.551957902547
v 1067.146300460275 2075.610499421131 217.9062704532564
v 1070.941971489096 2071.250129953344 218.2401307603463
v 1067.783089785905 2082.583740364296 216.150925860285
v 1064.675780105624 2080.383023774468 217.15397254413
v 1065.392077628909 2085.679616206072 215.8653998818388
v 1074.384393492302 2066.986520093764 218.5057510503282
v 1061.535317393096 2084.895137955456 216.5328085763602
v 1064.577824170346 2071.169742723097 219.5214503359941
v 1061.672436239268 2076.021933153715 218.7331098195149
v 1061.424471218908 2089.678418686177 215.5671423816296
v 1067.662918656015 2067.347404020384 219.9174618086487
v 1070.999220644955 2058.125550598558 221.5174762798511
v 1071.602270326585 2063.308942441204 220.0952392177799
v 1067.866905458365 2062.6423197812 221.0728926022073
v 1030.671084302341 2102.807926792327 218.9596625079704
v 1052.093329049102 2088.672661979873 216.5770272852395
v 1055.183879286956 2091.108137568712 215.7663358832973
v 1057.556747699044 2088.189742360075 216.2036833647613
v 1046.492711049992 2094.607537853279 215.8835553556866
v 1048.884274037482 2091.519058617228 216.177256931814
v 1042.667140991166 2093.758782257508 216.9063069520141
v 1045.503268349798 2088.873042986408 217.5450389072609
v 1043.276253948404 2099.089508549773 215.8167687963237
v 1048.836017183681 2084.594986858439 218.2052198501834
v 1055.093738174813 2076.19784396214 219.7405245995159
v 1046.34507747082 2080.99910950058 219.8843159558672
v 1048.884274037482 2077.876974029004 220.3531467063959
v 1051.309292261624 2074.900607025512 220.8062733644875
v 1059.061344733072 2072.241246623431 220.2009835223541
v 1055.256490282199 2071.585931751067 221.0555857169934
v 1042.486053591088 2084.450985150252 219.712238337378
v 1045.478114685874 2075.502691068371 221.8589777011069
v 1048.504421984352 2071.234082835154 222.4629889917084
v 1052.082921773551 2067.194971259524 222.8598856485204
v 1058.376436580724 2067.017832261656 221.7507031083707
v 1061.483484536431 2069.21689503986 220.602054898656
v 1063.981777269802 2066.054646179269 220.9729255043765
v 1048.953086111986 2058.138068715133 225.4768138326752
v 1048.765765566227 2062.945600218671 224.5269333776864
v 1045.654908321025 2066.696336478235 224.2623924908252
v 1045.120703531557 2061.60892187372 225.4895636428963
v 1007.569593734129 2097.839436425505 226.9703643666492
v 1014.374286937426 2097.681599332055 225.7118582731089
v 1011.086642540636 2100.676260202531 225.3344585171162
v 1017.178626902568 2093.35879796174 226.326592997934
v 1032.444059284311 2092.626974988134 220.7621601746688
v 1040.028235424608 2089.324158596765 218.8909780015864
v 1035.595479546985 2088.209348412672 220.8013148754187
v 1029.995356371856 2089.160907166399 222.737945770231
v 1033.774245882504 2062.717469615007 227.5420476100766
v 1036.336851924172 2066.969909748121 226.294461728286
v 1041.882837434506 2065.943956517674 225.2455641392514
v 1042.519148149314 2071.190008988738 223.8230659698843
v 1038.652560502493 2070.284273933049 225.0175801071533
v 1030.639813843432 2067.17986385636 227.6171785464562
v 1033.201772742722 2071.441034229596 226.2053761785134
v 1036.285063538533 2073.486337714354 224.8714975731496
v 1027.537663163909 2071.657327531658 227.7208601647062
v 1024.385266885881 2090.145269500138 224.7015755432704
v 995.3301198631037 2057.94899603935 231.237186170071
v 998.1889343357909 2062.015911677757 231.8582349564746
v 1020.00963633358 2088.966076782956 226.6158256595268
v 1021.259217728823 2072.419206704044 229.2815731768299
v 1020.624745504797 2066.93773535759 229.899373006396
v 1024.323710797395 2067.837298923186 229.0335130553454
v 1017.424867105925 2062.430615244951 230.609634558139
v 1014.255134694952 2057.954929241143 230.8811518286529
v 1010.44748283367 2062.762374509784 231.4894092766323
v 1004.784567674518 2062.438660830771 231.8743011499916
v 993.1175999999999 2020.048 222.5516281462994
v 993.1175999999999 2021.572404697956 222.8817057403978
v 993.1175999999999 2019.180508888971 222.3637912948293
v 993.1175999999999 2017.856227077598 222.0541497422755
v 993.1175999999999 2035.106440309154 226.2524952944448
v 993.1175999999999 2035.791698638596 226.4206777640807
v 993.1175999999999 2036.524544737202 226.6093519801658
v 993.1175999999999 2038.640648491971 227.1541515197217
v 993.1175999999999 2033.014197803067 225.7389976883117
v 993.1175999999999 2039.921448874004 227.4572508021629
v 993.1175999999999 2040.016 227.4797324633614
v 993.1175999999999 2032.340278379594 225.5628571428572
v 993.1175999999999 2043.967861789722 228.3866547649168
v 993.1175999999999 2044.768536886078 228.5666004101748
v 993.1175999999999 2045.454491904854 228.7237653767196
v 993.1175999999999 2046.730662040056 229.0161595295642
v 993.1175999999999 2042.503962263468 228.0576544674884
v 993.1175999999999 2048.770003168627 229.4385965407207
v 993.1175999999999 2050 229.6747733195607
v 993.1175999999999 2041.456613344528 227.8222707545607
v 993.1175999999999 2030.032 224.9780134879539
v 993.1175999999999 2030.905303643482 225.1985444762954
v 993.1175999999999 2031.666349015979 225.3867139993737
v 993.1175999999999 2022.195473556211 223.0166181228944
v 993.1175999999999 2025.434034154827 223.8207986565521
v 993.1175999999999 2027.552529158291 224.3518851540497
v 993.1175999999999 2029.252439489684 224.781154982788
v 993.1175999999999 2026.873574585392 224.1723146208795
v 993.1175999999999 2052.21579049542 230.1002364170618
v 993.1175999999999 2053.404552928281 230.3002354192403
v 993.1175999999999 2066.964727027484 231.8836337926595
v 993.1175999999999 2069.533588797482 232.0052665679979
v 993.1175999999999 2066.239277740418 231.8353197122325
v 993.1175999999999 2069.968 232.0115967539161
v 993.1175999999999 2084.517729418338 231.0619998389128
v 993.1175999999999 2085.28088865376 230.9063856006103
v 993.1175999999999 2081.362478298493 231.5550473111114
v 993.1175999999999 2079.952 231.7111960064648
v 993.1175999999999 2080.149028622121 231.6941213938062
v 993.1175999999999 2057.929877543765 230.9818753061516
v 993.1175999999999 2058.59660499897 231.0703728651901
v 993.1175999999999 2054.978238361431 230.5547719833031
v 993.1175999999999 2059.984 231.2545276799572
v 993.1175999999999 2074.969236204702 231.9974590632485
v 993.1175999999999 2075.751902815217 231.9774047724092
v 993.1175999999999 2073.145644582366 232.0441850079547
v 993.1175999999999 2076.333523768877 231.9458686143954
v 993.1175999999999 2071.340436618971 232.0315957293307
v 993.1175999999999 2061.629459170477 231.4729364449601
v 993.1175999999999 2063.44849330459 231.6494567083107
v 993.1175999999999 2062.515717846792 231.5659237000968
v 993.1175999999999 2085.349921102878 230.8923093351482
v 993.1175999999999 2054.785616009561 230.5268994550378
v 993.1175999999999 2078.765953476436 231.8139794739982
v 1041.87917931733 1998.962853451266 224.8271610864247
v 1045.656509853809 2000.063198464927 225.4893981466905
v 1061.793844977757 2000.079783629964 229.770172686637
v 1058.416804053368 2000.065499318719 228.5604836129937
v 995.3034449684041 2000.087687544445 220.0672062052655
v 998.4839464964349 1995.572987678817 220.0129322712855
v 1102.408449893904 2004.571080627447 214.9918165619025
v 1105.571588233344 2000.066491473942 214.6357212828872
v 1102.409598953959 1995.557913681268 215.0141613443819
v 1099.34598897657 2040.192669424403 217.1015906005465
v 1093.278269573803 2040.322503891015 218.4371546755251
v 1096.173498098281 2044.647601890759 217.4536454455174
v 1095.782158809144 2035.827039751088 218.1651576823595
v 1102.5276476982 2035.728779354275 216.5837112727598
v 1104.036478484375 2040.158064541377 216.0862968353221
v 1101.783041661379 2043.625713924359 216.3671053012723
v 1121.387707590856 2040.175908208454 212.6012775159201
v 1115.059557655621 2040.151603812849 213.8233432988008
v 1118.216843602595 2044.628552024463 213.0474881157405
v 1117.693867032611 2035.707167371828 213.4162652836537
v 1124.559108001855 2035.720478124807 212.1140996692878
v 1126.143266543146 2040.158064541377 211.7140676029297
v 1124.074688624627 2044.662952246474 211.9427147081731
v 1121.375807441336 2022.337162535841 212.7721557733284
v 1115.2272324114 2022.368028721221 213.863772068883
v 1117.72785088018 2026.793879985228 213.4593547454512
v 1118.203286945188 2017.881552844778 213.2646723750427
v 1124.546946158839 2017.883174776736 212.2108805879748
v 1127.183343428357 2022.344749920612 211.7686526830648
v 1124.551625278809 2026.797917277382 212.2163377006469
v 1099.350300238085 2022.314435599304 217.2598905403176
v 1101.793808089536 2018.865231505834 216.3895406197441
v 1104.043774515973 2022.34009017857 216.0966149821593
v 1102.531681665512 2026.776740650817 216.6198459327105
v 1118.205352446463 2008.973932853558 213.1429259862029
v 1112.380590193451 2008.649560701784 213.965350510266
v 1114.667251094576 2013.34789857574 213.7421068258583
v 1114.658880640966 2004.521742202799 213.6097125944396
v 1121.372771902311 2004.523617036448 212.6695466006928
v 1124.543134281452 2008.976965697065 212.1906075613828
v 1121.374608161962 2013.42704359151 212.6982599036074
v 1115.073284412743 2058.011907501782 212.8434495166906
v 1108.949132932728 2058.089759874568 213.9146083320935
v 1111.913449712935 2062.463759891739 213.034982211291
v 1111.654888167296 2053.658480385831 213.7731362563919
v 1118.236627627858 2053.559702981189 212.5778481083217
v 1120.89518061681 2058.068470616029 211.8099022304414
v 1118.260097028923 2062.501701991308 211.9513925740982
v 1129.128761985201 2008.976609406465 211.4817021567859
v 1130.706112092666 2004.513744878998 211.2652364137672
v 1127.187247727702 2004.531917005419 211.8056025417371
v 1129.174766490943 2000.067622225062 211.5467623527371
v 1133.872719431302 2000.057954521035 210.8259545009433
v 1137.042911305636 2004.516763682889 210.2763780506287
v 1133.874810424869 2008.970985902185 210.7320977095463
v 1096.155528033778 2084.748102694397 213.0101123591024
v 1089.892169534738 2084.370831757824 213.7722208233826
v 1093.007804769687 2089.209102232646 212.8795241980697
v 1093.157725768298 2080.319209768983 213.8763154578779
v 1099.303763015101 2080.2874758923 213.1159502436755
v 1102.482878604915 2084.788253564652 212.2153638923513
v 1099.33243052923 2089.24723451445 212.1353337720012
v 1096.859433396632 2059.009641788466 215.8790124001586
v 1096.206327182553 2053.611284325728 216.5779994211255
v 1093.048320632902 2058.076172639295 216.6046026761857
v 1099.978849787895 2054.533817195887 215.8147087747921
v 1099.22911248723 2062.359133265331 215.1311425662788
v 1102.377110906651 2057.915721699638 215.0695635568252
v 1114.76441375183 2097.945077770921 209.2631201152721
v 1108.708197079257 2098.032018907876 210.056082576894
v 1111.582289170724 2102.387053624749 209.2543158474746
v 1111.856207642118 2093.576661855357 210.0808953242786
v 1117.905947426207 2093.484252075349 209.2570799000287
v 1121.365943037775 2098.114394180279 208.3351691814941
v 1118.214416839459 2102.56907439506 208.3513519898257
v 1093.033824060706 2098.163387628179 211.9269993467875
v 1086.712954457308 2098.128251944571 212.6000781007049
v 1089.885405209291 2102.620030613641 211.819390376431
v 1089.860313615288 2093.669398126484 212.7384278006223
v 1096.182802301708 2093.705763706122 212.0354903370294
v 1096.859672912124 2099.077403535969 211.4021769667007
v 1093.68009452452 2103.490308189758 211.3184787421129
v 1131.444068588652 2099.020184625642 206.8007563801783
v 1130.854414216947 2093.699321172414 207.3550808207937
v 1127.699849005352 2098.153732741102 207.4250806047173
v 1134.353527026002 2093.497955709107 206.8457969453787
v 1133.883817804699 2102.466815079833 206.13810681828
v 1137.035526392616 2098.017625976828 206.0561817019098
v 1130.747286585858 2057.955243253405 210.0849205513671
v 1124.397959680349 2057.918692698673 211.2025900336318
v 1127.586296722309 2062.397697727341 210.3575074418288
v 1127.560097627158 2053.481047421549 210.8988057150267
v 1134.370445504024 2053.51352900524 209.6861034602872
v 1136.468457607966 2057.622129745556 209.1028585966226
v 1133.627120093176 2062.596765037995 209.3049819754669
v 1133.984093341557 2080.302357399352 207.9858154062086
v 1127.029678435274 2079.946264376686 209.1158743602139
v 1130.827393689589 2084.754505004315 208.1227036814667
v 1130.800005634773 2075.813865869789 208.8477963681983
v 1137.142409622555 2075.850466924255 207.8125212153937
v 1139.475236741352 2079.142906737506 207.1902525966919
v 1136.374876687943 2083.677136171211 207.3399107946264
v 1111.101272937473 2079.141778002012 211.6072153384857
v 1107.948372407869 2083.601165756751 211.607728403445
v 1111.823935372976 2084.624249419654 210.9656599094624
v 1105.63443755979 2080.329432038592 212.2640020001906
v 1108.787511258015 2075.871297357707 212.2702642590763
v 1113.450546236751 2075.794013266991 211.5818247650249
v 1114.971728617661 2080.174207331553 210.9394936264323
v 1052.031341675979 2102.528830959911 214.9100821939834
v 1055.182679776126 2098.032877406663 214.9367075478382
v 1040.985321477662 2102.520974811201 216.0083672871469
v 1074.100686745709 2097.821558645071 213.7864945571324
v 1067.776381487575 2098.04850713024 214.2451522783289
v 1070.420169714417 2102.311410534381 213.6946789350514
v 1070.922571523418 2093.58070631936 214.4349770564586
v 1077.57406554546 2093.738372400397 213.90152046018
v 1080.396319570669 2098.096144458929 213.2140149284495
v 1077.249636811833 2102.554482268388 213.0802535702873
v 1001.582026844641 2098.451734301006 227.4193016292797
v 1004.830086056167 2102.728880577834 225.8160679106246
v 1010.354348514931 2101.590859218591 225.2134373903793
v 1074.026233056064 2080.836692859901 215.7471030793773
v 1078.013605303856 2076.826937083696 215.9532691938365
v 1074.124553026088 2075.931032758032 216.450792856857
v 1077.208326172912 2084.629093654444 214.977181158028
v 1080.34800257481 2080.150905403118 215.2747358117936
v 1039.503289516501 1995.621758004649 224.4019917516756
v 1044.007748754089 1995.61312863436 225.1666341374125
v 1048.826716080071 1995.610825381125 226.0861550035684
v 1052.499996436927 1999.6983390113 226.9153336877172
v 1033.161209185702 1995.618077338495 223.4157339377596
v 1036.329160689678 1991.164430706079 223.8468097250434
v 1042.132563242168 1991.174282382609 224.7956154652531
v 1045.651644824828 1991.146760923037 225.4274281348279
v 1052.570081117316 1991.526220830776 226.8881444509306
v 1054.875207979618 1995.612118634227 227.5230032048694
v 1060.055874007543 1995.61312863436 229.198119297526
v 1058.420500042236 1991.182048731714 228.3805010057932
v 1062.200871234637 1992.194499008306 229.5832647537711
v 1067.784743222877 1990.961099020297 230.1507767673951
v 1081.953053045167 1991.158635043658 224.9460593918547
v 1086.336167331194 1990.839966080442 221.9346946481866
v 1088.111862114564 1995.61312863436 220.2924499337567
v 995.3376294169499 2006.851762602637 220.3950327482116
v 1020.501895162811 1995.605281138762 221.6480819356738
v 1027.319683575197 1995.929191592813 222.5742267554548
v 1014.189124953967 1995.605711553018 220.8974522740116
v 1017.344609449702 1991.160163436675 221.2405262859008
v 1023.662652764509 1991.156780264102 222.0199149913412
v 1029.474604515092 1991.201241237236 222.822131572271
v 1009.559917484606 1995.61312863436 220.4293012246355
v 1011.55694968697 1991.172986024061 220.6514069577569
v 995.3329371738307 1991.13299483972 220.0457610444532
v 1001.648519029392 1991.112437683839 220.0820601822933
v 1004.814108077795 1995.593735074893 220.1492729124442
v 1007.973378146243 1991.132375782513 220.3785408857772
v 1108.717730482381 2004.526352776837 214.3448314986114
v 1105.546403275826 2009.016714923572 214.8786994514331
v 1096.774230726434 1996.574871570695 215.6866576804674
v 1099.935365766858 1992.042871406677 215.6251775631089
v 1105.545355396961 1991.104573326604 214.9686285502862
v 1108.717316781922 1995.605191577755 214.3882410604601
v 1112.412963204652 2000.026435008323 213.900188290314
v 1102.83341488684 2013.575638955303 215.6838949112363
v 1108.69678498643 2013.455802026444 214.670414097071
v 1096.252451537241 1991.270879791999 216.7144507628491
v 1092.507065046782 1995.316518072941 217.5611403784688
v 1112.403616444888 1991.15226435112 214.0962802795686
v 1114.602935432465 1995.339683392869 213.6886679567672
v 1118.204226181447 2000.070458451471 213.1412218416534
v 1090.63599544614 1991.059505073209 219.2203999108198
v 1099.333678169035 2031.254781268101 217.4404304431119
v 1102.852335794179 2048.960429973065 215.7706696657907
v 1105.492103257659 2044.562992310924 215.5497350200581
v 1099.37008642062 2049.148056166907 216.4273864725654
v 1106.007528086685 2035.672774697592 215.8055944828338
v 1108.662770789885 2040.1348056472 215.1123939814432
v 1104.173567737195 2031.249077359974 216.2801703159161
v 1093.01099024428 2049.100983795938 217.6405541556986
v 1112.33189878395 2044.603924036331 214.1863950018302
v 1108.690597707754 2049.04047337256 214.6435004865748
v 1105.530543450408 2053.477197749845 214.9083788155717
v 1106.007826038851 2026.828694695311 215.8084050578377
v 1108.650829463914 2031.249958009959 215.2858911291373
v 1111.840868653879 2035.697307689232 214.5789939276235
v 1089.856416065575 2053.558377700368 217.6790405779901
v 1115.388778777198 2031.239844911851 213.9121547238164
v 1121.378963826598 2031.253698418286 212.7696664327913
v 1121.402937644984 2049.106019836409 212.2438107142246
v 1128.315360229678 2036.774184034623 211.4019914464144
v 1130.709904813567 2040.136291863189 210.8776478526105
v 1127.539466167174 2044.576732723555 211.3079864148101
v 1127.171927587306 2031.269101978858 211.706462404916
v 1125.205826529588 2050.172145469689 211.4934209687542
v 1114.472085345666 2048.739599521773 213.5603471358011
v 1111.841332213276 2026.80112433343 214.58910142463
v 1133.893056748761 2044.598287155396 210.1565295681648
v 1130.72543942444 2049.041136214217 210.5469937969334
v 1122.996541248614 2053.521545313482 211.7184196050431
v 1130.702374473614 2031.236176744699 211.075645585947
v 1133.881340881871 2035.691534480647 210.4231847142853
v 1137.487061450002 2040.153613929908 209.6624833193893
v 1129.082812454186 2026.794583769272 211.4167197068399
v 1108.664715739852 2022.366170700542 215.1090179369669
v 1112.472766521843 2017.893871435657 214.2348843329248
v 1127.182611095089 2013.433131354871 211.7766290179505
v 1129.110884062063 2017.885596587869 211.4564189554167
v 1130.70196217161 2022.334552075798 211.1679731545523
v 1105.494220377897 2017.945496207783 215.5171550309128
v 1133.875947681234 2026.787074452364 210.5804388160887
v 1130.704774224971 2013.427080876588 211.2101344570265
v 1133.874897528269 2017.880825536253 210.6658787239573
v 1137.047835295793 2022.335872710434 210.0919019874871
v 1124.539072749839 2000.075938489619 212.2371719575993
v 1121.368705414775 1995.622318824685 212.7571531883723
v 1127.705092126164 1995.6295900671 211.8297006689015
v 1106.011297259038 2062.642094299275 214.0047188854849
v 1115.100003448511 2066.957727078274 212.1197643062018
v 1121.982615038413 2063.394641096583 211.2486200090276
v 1118.894500560599 2067.927696045571 211.4144215813305
v 1108.757122825131 2066.91653806955 213.1519935029405
v 1111.942560063432 2071.414102324838 212.2246169494042
v 1124.428305175578 2066.839787932868 210.5802609898975
v 1115.788597244693 2072.433547756262 211.5278626992478
v 1121.273395355348 2071.282588304026 210.7508452803431
v 1102.962716465382 2067.132368701376 214.0390717779705
v 1105.6038647809 2071.371232145538 213.1986944578642
v 1137.052634962381 2031.243518393394 209.9567104169979
v 1137.045413161005 2013.427225127692 210.1838228736223
v 1139.680613589213 2044.269919160585 209.1372740356592
v 1137.208101622151 2049.023319363493 209.3899587466568
v 1137.038485896055 1995.604488557183 210.4022659632972
v 1131.205915389277 1995.590732247132 211.3027702958665
v 1124.533501868133 1991.175404257563 212.390904154087
v 1129.269977840178 1991.158635043658 211.681411534116
v 1133.866835902347 1991.142376928257 210.9753089908014
v 1118.19836266542 1991.165966263691 213.3082537793763
v 1086.660391095645 2080.197350394158 214.6276342872677
v 1089.801715906352 2075.729513256282 214.8346932435181
v 1096.536297988331 2075.964117219132 213.9660409660175
v 1102.452991205353 2075.828275927035 213.1830737725402
v 1105.580721282751 2086.928236624651 211.5864349392366
v 1103.209367705398 2090.243897978444 211.5484959027545
v 1100.037063455056 2094.663114166073 211.481396395576
v 1083.518219801856 2084.667553927558 214.3965467967956
v 1086.090181551858 2088.93628173245 213.6433758544702
v 1083.485960158944 2075.675304243262 215.5571555622682
v 1092.942887609671 2071.266247132509 214.9989560156295
v 1099.804526894741 2071.570528768716 214.0234923884023
v 1108.677346177577 2089.077279475785 210.955020833456
v 1105.531377192697 2093.532951038492 210.9156068889076
v 1102.385546258038 2097.990646615952 210.8558498889008
v 1083.542633631427 2093.635339800032 213.3767387453442
v 1080.652451852558 2089.532172475309 214.092501194222
v 1086.602987013738 2071.916779185895 215.7100107375052
v 1093.707305237679 2063.441558621492 215.8531468404548
v 1096.084907868386 2066.8091889098 215.1030590190441
v 1089.894529863432 2062.544434860701 216.5243553879604
v 1090.526328545217 2067.837573380525 215.7505812194163
v 1086.707026206564 2058.022360972056 217.5926481555326
v 1086.74339350173 2067.016185583357 216.3565975058539
v 1083.560513768352 2062.493164478245 217.4057550078667
v 1080.415270191812 2066.969641629451 217.1405857503095
v 1077.270219236111 2071.449829004622 216.8164912174425
v 1082.837892508948 2070.409610380795 216.3585148851596
v 1115.063710683233 2107.024382564036 208.3471559888399
v 1121.393938381686 2107.06371071997 207.4909529624539
v 1108.366605825823 2106.814059025953 209.2341626680599
v 1125.176925988108 2107.966590296782 206.8840839883017
v 1124.546402911507 2102.608522998993 207.4692450918784
v 1102.413027919411 2106.946020417585 209.9577814951884
v 1105.560550513696 2102.488618488329 210.0130084940134
v 1115.004914528108 2089.122945946727 210.0807690058147
v 1121.000692357959 2089.000456785943 209.2326316590146
v 1124.518482963447 2093.660410950611 208.2943048095773
v 1118.154721082722 2084.67113027396 210.0491020155214
v 1124.043406958302 2084.489337433396 209.1864737298885
v 1127.672237865275 2089.207137392103 208.2246585081521
v 1128.314164462693 2103.498423722832 206.8526426135086
v 1099.239507694684 2102.449614761906 210.7837725189067
v 1089.758223930867 2107.594735278552 211.3457237512244
v 1096.093065856991 2106.909120722552 210.7061392977172
v 1083.565722186679 2102.585584485706 212.4749114335704
v 1085.997253651653 2106.026418312443 211.8983982862379
v 1080.418576749516 2107.042051916039 212.3683881320214
v 1137.00490821245 2089.08036121275 206.807166211227
v 1137.710319869469 2107.283361801892 205.1529837519675
v 1130.733097366056 2106.917162848327 206.1962393732215
v 1133.264261061452 2088.195227189347 207.458927006449
v 1137.11820096689 2066.914988210616 208.4347532232337
v 1131.012827332993 2067.012007267099 209.4604757341548
v 1128.185118193875 2071.632089508473 209.5953787840176
v 1133.958133757465 2071.364416866767 208.6615324919715
v 1125.092635531817 2075.777282181281 209.7672544537384
v 1121.306061659441 2080.221254691618 209.9799888468926
v 1118.121352813312 2075.727130156227 210.869612366388
v 1039.005178195845 2107.030009208988 216.2689067888994
v 1042.509297000294 2106.964868829032 215.637192423153
v 1032.569744713537 2106.658530944191 217.8710686487099
v 1045.683364296781 2102.526499152289 215.2780488775996
v 1048.864092474826 2106.990236612503 214.9220687616157
v 1026.743055226163 2106.890223656246 219.5152266594504
v 1055.17270555121 2106.963361560525 214.5364164462649
v 1061.771314210909 2107.38104205279 214.0235431300591
v 1058.326582256674 2102.501890485373 214.5642999875242
v 1064.628317755601 2102.50984750987 214.1325820033334
v 1067.04217958979 2106.656031919988 213.6377476813034
v 1061.475299905514 2098.037597026055 214.6427537138636
v 1064.620556371292 2093.562245878093 214.8393895969131
v 1067.763171727251 2089.078615566348 215.1340405891923
v 1074.06657514138 2089.10676348936 214.6881522789726
v 1074.102615269137 2107.01145796438 212.9779951835553
v 1070.903004543967 2084.590880450445 215.4834301316423
v 995.3376294169499 2091.678990117928 229.7006692046188
v 998.4508979599347 2094.109622542108 228.9710665250285
v 995.6424117336637 2098.432864116204 227.7458129285875
v 998.5003044840863 2102.625533052831 226.4434845419176
v 995.3700122910096 2107.166636091962 225.588583056298
v 998.487432041687 2109.11576723102 224.864978364202
v 1000.933290536395 2106.130366301839 225.3385436898834
v 1023.003976126204 2105.981172438612 220.7660639930231
v 1016.877596052379 2106.789155772944 222.3335030822587
v 1011.041684272068 2106.856318931591 223.66442284179
v 1014.150222258884 2102.342922071967 224.1013005392326
v 1004.702338633301 2107.494655343639 224.5449041756404
v 1007.936839915899 2104.628545256523 224.832249980407
v 1080.382300284854 2073.68671379306 216.1628864704522
v 993.1175999999999 1990.459737824276 220.0955061287475
v 993.1175999999999 1990.436170731052 220.095608996249
v 993.1175999999999 1990.096 220.0970938002019
v 993.1175999999999 1995.115779842075 220.0853717394
v 993.1175999999999 1994.616362558403 220.0842097082889
v 993.1175999999999 1990.79503647108 220.0940425908509
v 993.1175999999999 1996.263912711519 220.0880731690869
v 993.1175999999999 1995.608782161665 220.0865188443398
v 993.1175999999999 1991.141178915914 220.0925317210921
v 993.1175999999999 1992.811264125992 220.0876585521641
v 993.9903636482755 1990.096 220.0786537522684
v 994.1643869862943 1990.096 220.0749769278486
v 994.2558093137136 1990.096 220.0730453257441
v 994.597899442272 1990.096 220.0658175288707
v 995.1837273786128 1990.096 220.0648931773559
v 995.5381684308084 1990.096 220.0643339207838
v 1001.023128224798 2000.114114423933 220.1023299500702
v 1000.457302910049 2001.590003429151 220.1391892016865
v 1001.045562804202 2000.086157522431 220.1017022192651
v 1001.420432081492 1999.738292297599 220.0983007002513
v 997.5355000513301 1990.096 220.0718746320238
v 1000.848350754237 1990.096 220.0907745358558
v 1000.926319468492 1990.096 220.0912193495023
v 1001.210226511238 1990.096 220.0992453723506
v 1001.429718237002 1999.732852815648 220.098268098713
v 1002.020759168028 1999.597292997363 220.1102729029719
v 1002.050218963617 1999.59812986896 220.111378831847
v 1002.37162185849 1990.096 220.1320778991622
v 1002.442425373853 1990.096 220.1354003790202
v 1002.807851624036 1990.096 220.1525481343201
v 1002.90192 1990.096 220.1569623259434
v 1002.954101068222 1990.096 220.1594109409203
v 1006.024651635734 1990.096 220.3034976061265
v 1006.938838799497 1999.458783961289 220.2904109222339
v 1005.365403277214 1999.412845058361 220.2313236833212
v 1007.550948665086 1999.134130757212 220.3220057654345
v 1007.255342440566 1999.268318898467 220.3049947956558
v 1008.025683371395 1998.92481380759 220.3493445780405
v 1010.568932226396 1998.627439851125 220.5798651693161
v 993.1175999999999 2000.740371404011 220.1817186531987
v 993.1175999999999 2000.111490929399 220.1575452224122
v 993.1175999999999 1994.269672429986 220.0834030387397
v 993.1175999999999 1997.335121868694 220.0975886111451
v 993.1175999999999 1996.970325010612 220.089749161938
v 993.1175999999999 2000.094220893372 220.1568813824021
v 993.1175999999999 2000.08 220.1565757767786
v 993.1175999999999 1999.497478397946 220.1440574438757
v 993.1175999999999 1999.381318880319 220.1415611870737
v 996.067371032615 1990.096 220.063498915834
v 996.5081838758591 1990.096 220.0660137651563
v 1007.238938914682 1990.096 220.3604784637215
v 1007.62250500405 1990.096 220.3815853511948
v 1008.109503591734 1990.096 220.4083839256122
v 1008.175824320564 1990.096 220.4134479295061
v 1008.518122560333 1990.096 220.4395845484741
v 1009.437484513292 1990.096 220.509783603761
v 1009.787554787053 1990.096 220.5365136663038
v 1011.005192933485 1990.096 220.629487981029
v 993.1175999999999 2016.24292130412 221.7473249340763
v 993.1175999999999 2016.193748620793 221.7400638737148
v 993.1175999999999 2008.290299648378 220.6640785109336
v 993.1175999999999 2005.59941180266 220.4298169995545
v 993.1175999999999 2008.985720637653 220.7581301173718
v 993.1175999999999 2009.802155976407 220.8590660383147
v 993.1175999999999 2003.978133454352 220.3212946132797
v 993.1175999999999 2003.100378850786 220.2771958567553
v 993.1175999999999 2004.236968545225 220.3331966437095
v 993.1175999999999 2013.42423281339 221.3311046693482
v 993.1175999999999 2013.337704781135 221.3183275495601
v 993.1175999999999 2010.201203963037 220.9086327804141
v 993.1175999999999 2010.167959727305 220.9042903650048
v 993.1175999999999 2010.064 220.8914378213698
v 993.1175999999999 2014.108717330564 221.4321787425839
v 993.1175999999999 2004.236976118498 220.3331969919518
v 993.1175999999999 2004.882808313286 220.3674314130472
v 993.1175999999999 2004.772347953813 220.3578150290724
v 993.1175999999999 2002.69693519975 220.2569266798509
v 993.1175999999999 2009.96174425564 220.878795941188
v 993.4600992449034 2015.766515614977 221.6625701924279
v 993.2552700755517 2016.256712101412 221.7435705364624
v 994.4513506124616 2013.333969018725 221.2616744297086
v 994.4472649011019 2013.404034051784 221.2721924057868
v 994.640252376306 2012.36155206537 221.1267009848893
v 994.3124428268459 2013.726689791214 221.3255082222437
v 996.0737845560337 2009.404539242249 220.7147533942621
v 996.0381191015485 2009.47798429165 220.7249814265805
v 996.0997497974208 2009.351069618382 220.7073071600308
v 996.1114820960778 2009.274552051104 220.6967345256964
v 996.1034326161819 2009.336900756862 220.7054369187591
v 994.6482269533435 2012.340157197046 221.1235705379806
v 996.3137372125624 2007.707948381208 220.4780739978933
v 996.4206036397852 2007.608148872163 220.4695896164169
v 993.1946872327937 2016.402074647096 221.7675837189118
v 993.1701482153356 2016.469172427963 221.7789680727095
v 998.3567869243733 2004.454588463605 220.2047015189567
v 998.2414115757745 2004.600257139098 220.2151146797863
v 997.8334322441494 2005.085734704212 220.2481707376989
v 998.495167910691 2004.365555372567 220.2031050116879
v 998.6600123800481 2004.371876771489 220.2042689691944
v 999.0765460187934 2004.454425404931 220.2156422006055
v 999.9105694425349 2003.822746848067 220.2088472411581
v 1000.266340820331 2002.092057126268 220.1517367385622
v 1007.045620711463 1999.370647509523 220.2929488468598
v 993.1175999999999 2016.461450490801 221.779593940116
v 993.1175999999999 2016.512064836045 221.7870678827832
v 993.1175999999999 2016.612856609434 221.8033466965007
v 1011.070630939719 1998.619188483 220.6304820628694
v 1012.010160075002 1998.672979310822 220.726386146839
v 1012.427322727101 1998.753234788945 220.7747118030438
v 1016.23358956287 1998.481504041835 221.1922165150466
v 1016.290455334412 1998.481559489838 221.198979292904
v 1018.310020623549 1998.61855826002 221.4415823702923
v 1012.194629837448 1990.096 220.7261327961926
v 1012.591188760155 1990.096 220.7664900604562
v 1012.68624 1990.096 220.7761632963497
v 1013.294538633458 1990.096 220.8380690240891
v 1014.645028559299 1990.096 220.9755065540545
v 1016.239503976899 1990.096 221.1377741569387
v 1016.590425713771 1990.096 221.1734869866341
v 1018.099644908347 1990.096 221.3338566943893
v 1018.370100446534 1990.096 221.3672198446538
v 1018.53292130591 1990.096 221.3873052784149
v 1020.370176467464 1990.096 221.6139474113146
v 1020.400620890865 1990.096 221.6177030078147
v 1020.505689276977 1990.096 221.6306641487748
v 1022.47056 1990.096 221.8730488217679
v 1022.909621262574 1990.096 221.9272110215024
v 1023.056488806922 1990.096 221.9458418103677
v 1023.345637332945 1990.096 221.9825215626095
v 1024.109154336674 1990.096 222.0793770261817
v 1024.519424785906 1990.096 222.1314216229048
v 1024.916823882445 1990.096 222.1862549002045
v 1026.547530371234 1990.096 222.4112603968771
v 1028.930166960419 1990.096 222.7400174925448
v 1029.586558223914 1990.096 222.8325996628409
v 1030.366523318985 1990.096 222.9426115799289
v 1030.38017257965 1990.096 222.9445367703535
v 1030.380461720796 1990.096 222.9445800119626
v 1030.860160893808 1990.096 223.0163199368681
v 1031.228457192766 1990.096 223.0713993497933
v 1032.25488 1990.096 223.2249028354255
v 1033.882350334404 1990.096 223.468294123434
v 1034.224617453007 1990.096 223.5194808228649
v 1035.431107323264 1990.096 223.6999136807078
v 1035.568953417436 1990.096 223.7205288266175
v 1037.090329748305 1990.096 223.9548327603783
v 1037.485958985999 1990.096 224.0195043828486
v 1040.283267883831 1990.096 224.4767671120328
v 1041.109790671074 1990.096 224.6118748456552
v 1041.495649789988 1990.096 224.6749493934579
v 1041.845130590034 1990.096 224.7337368515934
v 1041.992308369534 1990.096 224.7584941703065
v 1042.0392 1990.096 224.7663819849234
v 1042.59062015269 1990.096 224.8591384085584
v 1042.601916025723 1990.096 224.8610385291457
v 1042.845856891993 1990.096 224.9048689020293
v 1044.706972202058 1990.096 225.2392670669078
v 1044.711913769293 1990.096 225.2401549490321
v 1045.27952419956 1990.096 225.3421410458745
v 1046.398035951586 1990.096 225.5476153169665
v 1046.470874541324 1990.096 225.5628571428572
v 1046.858707132468 1990.096 225.6440129814067
v 1051.231373895305 1990.096 226.5590145721399
v 1051.391974482414 1990.096 226.5926210188799
v 1051.46414992069 1990.096 226.6077240771317
v 1051.82352 1990.096 226.6820142320921
v 1052.018761913774 1990.096 226.7223752773324
v 1053.194215940124 1990.096 226.9653689676644
v 1053.307608840922 1990.096 226.9888099179735
v 1053.692027660305 1990.096 227.0882958628794
v 1054.056367162171 1990.096 227.1825853663635
v 1057.211242689778 1990.096 227.9990536480871
v 1057.582547923571 1990.096 228.0951458531763
v 1057.69118327915 1990.096 228.1173510394001
v 1058.63280041575 1990.096 228.3098186182863
v 1059.195447616695 1990.096 228.4248243253022
v 1059.428147777607 1990.096 228.4891172608803
v 1061.60784 1990.096 229.0913463744536
v 1061.944297850546 1990.096 229.1843066148982
v 1063.666558562293 1990.096 229.5030307554674
v 1063.71188196699 1990.096 229.5114183724589
v 1063.732799894083 1990.096 229.5152894753005
v 1063.837010036064 1990.096 229.5288059295088
v 1065.2448540499 1990.096 229.7114086856667
v 1018.362461921347 1998.614815273283 221.4477508077446
v 1022.657757700939 1998.638775174394 222.0008785164275
v 1023.034880632748 1998.659697738334 222.0521692681062
v 1024.750487538533 1998.834330682005 222.2871258131809
v 1025.107074890266 1998.879308523436 222.3372628750331
v 1029.035202194447 1999.116675158029 222.8836418437224
v 1029.333273459013 1999.150398839063 222.9275229808629
v 1030.129904208303 1999.2181869627 223.0443761050373
v 1030.23310744729 1999.227061817071 223.0595161522023
v 1036.022578994829 1999.74639595001 223.9120858164107
v 1036.093591603139 1999.742721238848 223.9223487483092
v 1036.560311103746 1999.757054322424 223.9951009455177
v 1036.609268570786 1999.759813515851 224.0029053840044
v 1041.153742550975 2000.090457642803 224.7254794085104
v 1037.985632310471 1999.834287311563 224.2220035364311
v 1037.631463606648 1999.816730287624 224.1658461487179
v 1041.381203450132 2000.130666887982 224.7618776883827
v 1042.020066113908 2000.235846236894 224.8632044036555
v 1042.144259897097 2000.22306533656 224.8825379599639
v 1045.359641118237 2000.399510785504 225.4405334201686
v 1045.452462992816 2000.410582914496 225.4566866707967
v 1045.969614785459 2000.503132431165 225.550041452646
v 1046.049463631482 2000.53455723077 225.5663198912877
v 1051.818125718056 2000.594634302211 226.7646001825441
v 1052.172503152402 2000.702823628805 226.8461860030481
v 1052.686427699202 2000.776721066149 226.9640336348879
v 1052.873239554735 2000.576374036364 227.0055858248654
v 1057.982715055038 2000.562922276075 228.431489402309
v 1057.998906029685 2000.579539724668 228.4368899042895
v 1058.620664693263 2000.687577593467 228.6353973910069
v 1058.639535843485 2000.661761838991 228.6409349436111
v 1061.763227927129 2000.105890372181 229.7592347385236
v 1061.785415173549 2000.101653785614 229.7671775779772
v 1061.801590226571 2000.092447402143 229.7726343135141
v 1061.812275989956 2000.079746364729 229.7758780725441
v 1061.82014398754 2000.073868773902 229.7784560317594
v 1064.507756099109 1995.528577681092 230.7184532079793
v 1063.457612181059 1997.322453220176 230.3513609832524
v 1064.416333431213 1995.471348913578 230.6811681260239
v 1064.543241081127 1995.477182899474 230.7253553786794
v 1064.528975363934 1995.209739495978 230.6595320147831
v 1063.200015241002 1997.781244230752 230.2612249276849
v 1061.875281613992 2000.032793803499 229.7965191692852
v 1065.068409098737 1994.83007040129 230.6523811399149
v 993.1175999999999 2087.940314064404 230.4394287971594
v 993.1175999999999 2086.487670169159 230.6603132508305
v 993.5959786233152 2087.248190400494 230.5556343644079
v 993.1175999999999 2090.061202622987 230.0467912237988
v 993.1175999999999 2090.014500441963 230.0580407174348
v 993.1175999999999 2089.936 230.0756908842559
v 993.1175999999999 2089.30403016604 230.2177840077644
v 993.1175999999999 2087.983602318955 230.4323931567856
v 993.1175999999999 2089.392352407474 230.1979254916038
v 993.5992855218955 2087.255989323319 230.5543924841218
v 995.0965343407501 2088.457228744122 230.3707814571675
v 996.1420875412003 2089.296073767816 230.2425628909196
v 996.1481338366881 2089.340820198632 230.2325479903056
v 996.6955925019524 2090.611501500182 229.9510073258782
v 993.1175999999999 2108.193459990049 225.5551627035161
v 993.1175999999999 2108.156633961088 225.5628571428572
v 993.1175999999999 2108.467590900973 225.4978857251088
v 993.1175999999999 2109.904 225.1897108857368
v 993.1175999999999 2109.727303894737 225.2283648219962
v 993.1175999999999 2109.598519671815 225.2565375830011
v 993.1175999999999 2109.574829612188 225.261720006538
v 993.1175999999999 2109.433973691497 225.2925335650604
v 993.1175999999999 2109.084055456775 225.3690814726718
v 993.2512902583862 2109.904 225.1778428862133
v 993.5169264488962 2109.904 225.1542617351224
v 993.5222538173377 2109.904 225.1537888120621
v 995.3159749637439 2109.904 224.9945559556991
v 997.5982336368874 2109.904 224.7771488064601
v 999.6186994239554 2109.904 224.5590108509701
v 1000.720674664367 2109.904 224.4468116185342
v 1001.421277507186 2109.904 224.3754787080258
v 1001.885685275909 2109.904 224.3178953437549
v 1002.729850633454 2109.904 224.213224654412
v 1002.90192 2109.904 224.1893812753489
v 1002.93329504314 2109.904 224.1850336854105
v 1004.45449630468 2109.904 223.9742432406142
v 1003.297492650268 2095.985903312115 228.019029809604
v 1005.932423653066 2097.940517986127 227.0617095017032
v 1006.113628593285 2098.073701386038 226.9962786663275
v 1007.13547136827 2098.469890394374 226.7632775314318
v 1007.151097970872 2098.49221975043 226.7534797285896
v 1004.770892675697 2109.904 223.9304006975761
v 1007.812297966254 2099.026716553347 226.4688875768865
v 1006.905320226789 2109.904 223.6346364589738
v 1008.963383123737 2109.904 223.3011939577129
v 1008.443486111257 2099.239431216037 226.2914604014758
v 1010.846358166764 2100.946120474551 225.2645053687806
v 1009.374417497724 2109.904 223.2345991369376
v 1010.174349450076 2109.904 223.0841234504993
v 1012.68624 2109.904 222.6116101902822
v 1012.942046138207 2109.904 222.5634903419269
v 1013.15769477206 2109.904 222.5229245461574
v 993.1175999999999 2101.668191595872 227.071241735826
v 993.1175999999999 2101.474939854298 227.1220688099418
v 993.1175999999999 2093.609039946764 229.183397741355
v 993.1175999999999 2093.560368539363 229.1971827386471
v 993.1175999999999 2107.140344576491 225.7752008911081
v 993.1175999999999 2103.602197598051 226.5968998589124
v 993.1175999999999 2102.949459122677 226.7520076972038
v 993.1175999999999 2094.138750523111 229.0333700505503
v 993.1175999999999 2094.317233466666 228.9812466239254
v 993.1175999999999 2095.630731902138 228.6062624067756
v 993.1175999999999 2095.323181796382 228.6874736005332
v 993.1175999999999 2098.200525720335 227.9276867217712
v 993.1175999999999 2097.5571823932 228.0975669416598
v 993.1175999999999 2093.031347445007 229.3313508623287
v 993.1175999999999 2102.250114907657 226.918190285646
v 993.1175999999999 2100.454043866014 227.3764438160067
v 993.1175999999999 2099.92 227.5068677373302
v 993.1175999999999 2101.206059452818 227.1927869518999
v 993.1175999999999 2098.245379484666 227.9158427078118
v 993.1175999999999 2098.781329673308 227.7849532253454
v 993.1175999999999 2093.401237352795 229.2422527929784
v 996.73875648655 2090.617584705015 229.949967669432
v 998.4647150429994 2092.465345965803 229.4114107060134
v 998.4744693823644 2092.473516286526 229.409070878446
v 999.7416197825464 2093.084259792608 229.2258523564084
v 999.7208316583121 2093.125205229839 229.2130702465573
v 1000.39571697403 2094.064472229354 228.8319576799471
v 1003.232657502577 2095.815906270074 228.0824651205025
v 1000.087572136305 2093.9206964166 228.8993924175535
v 1013.252302032586 2101.782016222024 224.4651168169484
v 1014.116152755564 2101.996613572299 224.2005937095457
v 1014.177133823518 2102.051372710108 224.1675357760419
v 1013.782905061898 2109.904 222.3787977107447
v 1014.769914773924 2109.904 222.1512669284969
v 1016.071698833719 2109.904 221.8447908837268
v 1014.314412344112 2102.107854146757 224.1102154412487
v 1014.324109664268 2102.109778632704 224.1069211593693
v 1016.394155220037 2109.904 221.7688757139671
v 1015.153884175199 2102.345152369665 223.8079495927294
v 1019.377784196714 2103.389029251757 222.3472417493074
v 1014.91875143487 2102.27438632446 223.8936523185039
v 1019.550733076464 2103.419755473703 222.2915996202354
v 1018.432074782358 2109.904 221.2890929709536
v 1020.494609842597 2103.711745205683 221.9614775907185
v 1019.395571120386 2109.904 221.0622592310505
v 1019.788519742065 2109.904 220.9522958416277
v 1020.267102913656 2109.904 220.8183683387292
v 1022.47056 2109.904 220.2577996703612
v 1021.18230910728 2103.677711238339 221.7734704716557
v 1022.397218614407 2103.979949312744 221.3225065198828
v 1022.768670352359 2109.904 220.1819591539815
v 1024.296622630747 2104.072511315853 220.6854810883426
v 1023.435758973687 2109.904 220.0122490278082
v 1024.598881212252 2109.904 219.6682835223194
v 1024.993587493722 2109.904 219.5671508105195
v 1028.325618868801 2109.904 218.7134087127032
v 1025.831655553946 2104.03697786395 220.2366598088544
v 1026.811448376601 2104.285478356488 219.8780367028231
v 1028.81711696225 2109.904 218.5874757408495
v 1029.470779748012 2109.904 218.4001519174017
v 1029.06222487472 2104.125280963175 219.1623415898044
v 1029.950294439837 2103.819420042699 218.9422714034106
v 1030.531367804234 2109.904 218.0962132289495
v 1031.183411038588 2103.931213756241 218.5761699757791
v 1031.360678800854 2103.970039462524 218.5186512981072
v 1030.645255753375 2109.904 218.0635757183824
v 1031.293578721796 2109.904 217.9135247317751
v 1032.25488 2109.904 217.6910365395511
v 1034.967670379521 2109.904 217.0631752840766
v 1035.838304093692 2103.127219939035 217.2578425930831
v 1036.074737092393 2103.003633878284 217.2063774756928
v 1035.129105115873 2109.904 217.0258120521038
v 1035.615441990822 2109.904 216.9066196260521
v 1037.302863758865 2109.904 216.4930628824339
v 1038.725894205535 2109.904 216.2213265921271
v 1036.620233795618 2103.00580984308 217.0721508986242
v 1036.647248020194 2103.007019194231 217.0653495349417
v 1038.838133782836 2102.558233768748 216.542059529225
v 1038.928768347506 2102.540458201024 216.5203706850974
v 1040.798913296382 2102.013108054435 216.0937138995856
v 1040.814815273114 2102.008535238363 216.0900927848883
v 1041.609838563309 2101.566215705989 215.936808714392
v 1044.752107993069 2101.203643307012 215.4581217312996
v 1044.753133574525 2101.186047100749 215.45898932467
v 1047.188098481566 2100.324289646659 215.2298653998386
v 1044.611494648926 2109.904 215.2902059236339
v 1042.726656133345 2109.904 215.5514285714286
v 1046.781995209016 2109.904 215.0462796139569
v 1047.015316168226 2109.904 215.024828989422
v 1048.512387120895 2109.904 214.8871940893401
v 1047.172270180221 2100.376555473118 215.2287442254778
v 1050.339014207647 2100.098785404291 215.0499801391275
v 1050.342792617024 2100.087618433806 215.0501959215894
v 1050.938871529904 2109.904 214.6641125188984
v 1051.271746539388 2109.904 214.6436998892081
v 1051.82352 2109.904 214.6098639237452
v 1054.357483904191 2098.006204149384 214.968822133643
v 1055.049302769214 2097.841209273141 214.9563779229938
v 1055.057310905847 2097.840096966388 214.9561437533813
v 1054.409071033385 2098.023651514337 214.9655949589693
v 1052.780739173184 2109.904 214.5511651330342
v 1052.802390094678 2109.904 214.5498374507801
v 1053.093281319453 2109.904 214.5319993593575
v 1054.736788655174 2109.904 214.4013480459599
v 1055.463431299049 2097.609886219801 214.957308049665
v 1057.52251430527 2109.904 214.1798956027367
v 1058.810260886267 2109.904 214.0848828745498
v 1055.505124875502 2097.572003842119 214.9584965836165
v 1059.038905488861 2094.564453838869 215.0339907250547
v 1059.04721472772 2094.558039452147 215.0340865712633
v 1060.136399854916 2109.904 213.9870374729578
v 1060.153542667107 2109.904 213.9855515190163
v 1061.60784 2109.904 213.859491755317
v 1059.73841148752 2093.517135309081 215.0828887874507
v 1062.521010242252 2091.012313559701 215.2313259713616
v 1059.738536860315 2093.548217925448 215.0793547263477
v 1062.647838802678 2109.904 213.7693437502646
v 1063.112896101307 2109.904 213.7290321772143
v 1063.414440660706 2109.904 213.7028940312912
v 1062.648063154129 2090.741825658969 215.2558233177949
v 1063.456560584147 2089.479688247256 215.3432227004943
v 1064.02527524809 2089.059700946059 215.3547707617652
v 1066.038927312479 2087.033441273774 215.5054864431469
v 1039.228217527988 2109.904 216.1254049085838
v 1039.596876760704 2109.904 216.0550071932574
v 1039.663952863085 2109.904 216.042868524255
v 1041.24441158085 2109.904 215.756855107167
v 1041.931497709781 2109.904 215.661630791461
v 1042.0392 2109.904 215.6467041666112
v 1067.630255478875 1991.444161670013 230.2167031021553
v 1067.588883185305 1991.46418969863 230.2188118960545
v 1066.228354477201 2086.882298043388 215.5116251313638
v 1065.722876820778 1990.096 229.7734100683559
v 1066.485643390281 1990.096 229.8723438113896
v 1063.553740520829 2109.904 213.6908193976842
v 1065.412771672065 2109.904 213.5360653869302
v 1067.734913057437 1991.393497691842 230.2113685837102
v 1067.76498354753 1991.378940784692 230.2098358558728
v 1067.594304154418 1990.096 229.9248125889827
v 1067.910038724014 1991.412413353468 230.2171860697851
v 1067.782254954411 1990.096 229.9337075991087
v 1067.883558623187 1990.096 229.9258554812521
v 1068.242113202051 1990.096 229.8980636663525
v 1069.131527226517 1990.096 229.8291245664381
v 1069.63052657795 1990.096 229.7589418735153
v 1068.023832264156 1991.5504211843 230.2388415638111
v 1070.62818941242 1990.628070305865 229.6999512089431
v 1068.509658173973 1991.122863343114 230.0735455940593
v 1068.680673898708 1991.613675313716 230.1779345261946
v 1068.388427294662 1991.828260388622 230.2848589283153
v 1071.39216 1990.096 229.5111736606964
v 1071.681660649468 1990.382027092731 229.5141758321632
v 1071.772029512043 1990.096 229.4577462058553
v 1071.790821531224 1990.096 229.4551031673267
v 1073.011566071319 1990.096 229.1410020892553
v 1071.955479329197 1990.318075438991 229.4658890193797
v 1073.094838286837 1990.096 229.1195759089134
v 1073.627233072117 1990.096 228.9825892007827
v 1073.072887282641 1990.373137671341 229.1915556444034
v 1073.853957991919 1990.096 228.9242522274057
v 1074.106394404669 1990.096 228.8162393827049
v 1074.357260297521 1990.096 228.7088985342509
v 1073.129207767764 1990.375912961806 229.1777284752692
v 1073.603150521054 1990.399267320365 229.061371405629
v 1073.739324688143 1990.578946794604 229.0693388906262
v 1073.965109605323 1990.552472858927 228.9674652056096
v 1074.170616403044 1990.528376591505 228.8747409659155
v 1075.341962173149 1990.391032906367 228.3462321907509
v 1074.434523939416 1990.096 228.675838859293
v 1076.689200381366 1990.23306532327 227.7383611133521
v 1076.881269610827 1990.210544649658 227.6516998765083
v 1076.566567607429 1990.096 227.7635770381894
v 1076.806566404148 1990.096 227.6608860179996
v 1077.014022449256 1990.232080503607 227.5991799554895
v 1077.919649154458 1990.426324773564 227.2593867579288
v 1077.922933984532 1990.436441130737 227.2599608153607
v 1078.006174886403 1990.692799808567 227.2745080087556
v 1078.157218643719 1990.733037917553 227.1876048221814
v 1078.340016647621 1990.781735368769 227.0824317960281
v 1076.932286276899 1990.096 227.6070928233362
v 1078.161644267587 1990.096 227.0952232867634
v 1078.178044261479 1990.096 227.0883947979614
v 1081.681400992612 1991.754803607874 225.1669563171747
v 1079.995676576521 1991.241562025329 226.1316913829403
v 1079.558285304772 1991.106282558746 226.3814996271584
v 1079.049519421262 1990.096 226.5881679928547
v 1080.753946714659 1990.096 225.5628571428572
v 1078.307727546081 1990.096 227.0343983841479
v 1078.659059682098 1990.096 226.8230519380972
v 1081.020040504436 1990.096 225.4027864546958
v 1081.17648 1990.096 225.3086791185885
v 1081.214886434938 1990.096 225.2855754434692
v 1081.520980099197 1990.096 225.1014425348397
v 1081.689823873662 1990.096 225.0093306206164
v 1081.699991249167 1991.814399183316 225.1615155637375
v 1082.535740981316 1992.229756470007 224.5326176974087
v 1082.53703805701 1992.23082086714 224.531712911921
v 1084.963461131535 1993.674276675553 222.8455922071349
v 1082.383769180411 1990.096 224.6307520750137
v 1082.692945391267 1990.096 224.4187589607915
v 1082.695109481469 1990.096 224.4172751072304
v 1085.630381066048 1990.096 222.4046449550593
v 1085.070957774664 1993.866995903632 222.7693763359745
v 1087.847601999773 1995.589309028307 220.5010237349184
v 1088.04030554998 1995.750515889517 220.3439352740817
v 1087.877196400947 1995.610844541774 220.4766810049872
v 1085.869956756412 1990.096 222.2403748886412
v 1085.900972318263 1990.096 222.2227827604164
v 1086.675258499912 1990.096 221.783605103228
v 1086.734055245309 1990.096 221.7502553967426
v 1086.973310063014 1990.096 221.6002907929412
v 1087.04450910303 1990.096 221.5556633286778
v 1088.046763641272 1995.755014753202 220.3387144245696
v 1088.247213509374 1995.931832638306 220.1793903982464
v 1089.394572817135 1990.096 220.0826464959373
v 1089.816397213655 1990.096 219.8182475212183
v 1088.248748145445 1995.919683316445 220.1785417404207
v 1091.404106026485 1997.491401437202 218.0547055915218
v 1090.17410323544 1990.096 219.5940378591145
v 1092.753689786494 2040.302181629494 218.5533179701181
v 1092.910651061315 2039.989936200172 218.5487258777566
v 1091.938373085386 2042.047232537112 218.553162512654
v 1092.952765017134 2039.89148452524 218.5488843102853
v 1090.956947890352 2044.065816394363 218.5613149921638
v 1091.493625220857 1997.736203079251 217.9915940612073
v 1090.809945681363 1990.096 219.2841967241557
v 1090.9608 1990.096 219.2106865745901
v 1091.232085980017 1990.096 219.078491002423
v 1091.551645610849 1990.096 218.9374231886231
v 1092.513970768492 1990.096 218.5126101238448
v 1094.310558508732 1999.376857875572 216.3373535624609
v 1094.359710420999 1999.443839061673 216.3093427974457
v 1094.893832104435 1999.446201032803 216.093688442666
v 1093.450681836158 1990.096 218.0991042559926
v 1094.600039830526 1990.096 217.5917265903073
v 1094.907358415408 1990.096 217.4560625178571
v 1095.455063074534 1990.096 217.2142813558573
v 1095.757738224464 1990.096 217.1148675602029
v 1095.856364868733 1998.061239024335 215.8749667897077
v 1098.670893486899 1999.296198500479 215.3354164352922
v 1098.910672596358 1999.590680601875 215.2930322137246
v 1097.079052862565 1990.096 216.6808811445436
v 1097.313878177107 1990.096 216.6191288786355
v 1097.655429910032 1990.096 216.5293106515244
v 1099.267482440229 1999.992857626841 215.2314303700413
v 1099.270326751734 2000.002378368084 215.2309926089741
v 1099.795931244446 2004.07872781818 215.3123820064535
v 1099.45623245392 2000.444335368553 215.2177333645111
v 1099.730632141064 1990.096 215.9835924855171
v 1100.74512 1990.096 215.7665631218772
v 1099.452145053818 2000.410530841718 215.2169735266384
v 1099.312821813949 2000.087456743337 215.2259512981651
v 1099.310703274216 2000.07178295362 215.2259494150142
v 1100.919016484459 1990.096 215.7293614510747
v 1102.002085166449 1990.096 215.5514285714286
v 1104.833351114262 1990.096 215.1703582779919
v 1106.259093949562 1990.096 214.9469758072764
v 1106.731701066942 1990.096 214.8870858986164
v 1107.775195848552 1990.096 214.7548517344246
v 1108.005187282437 1990.096 214.7257066677055
v 1108.9150368472 1990.096 214.6104083462793
v 1101.32436349072 1990.096 215.6426455756235
v 1101.372719181587 1990.096 215.6361372088195
v 1108.972304921977 1990.096 214.603151198341
v 1109.533207707503 1990.096 214.5320722506126
v 1099.826551865298 2004.107566128317 215.309505556947
v 1100.491515439992 2007.266924628518 215.4448881175764
v 1100.473500771315 2007.314721100801 215.4507507967847
v 1110.261635007679 1990.096 214.4397641941558
v 1110.286863422138 1990.096 214.4365671889012
v 1110.52944 1990.096 214.40582730252
v 1110.578039076087 1990.096 214.3996687109103
v 1111.187211611425 1990.096 214.3224729045884
v 1111.530621112311 1990.096 214.2789552280984
v 1113.093400248166 1990.096 214.0475881205547
v 1113.543163954749 1990.096 213.9864701844411
v 1117.559336107372 1990.096 213.4407166043886
v 1118.076186124498 1990.096 213.3637533863616
v 1118.163068118304 1990.096 213.3508159429828
v 1118.211275534523 1990.096 213.3436374622591
v 1118.703293579898 1990.096 213.2703719290392
v 1118.95920111502 1990.096 213.2322651925243
v 1119.390454123868 1990.096 213.1698387995114
v 1119.888474564347 1990.096 213.0977474306215
v 1120.31376 1990.096 213.0361848786996
v 1123.765341831951 1990.096 212.5365482395658
v 1125.301827389898 1990.096 212.3028647105032
v 1125.623651577581 1990.096 212.2546289598915
v 1126.71605096006 1990.096 212.0908976239685
v 1128.893221585191 1990.096 211.7645782752925
v 1129.866223511791 1990.096 211.6138835448626
v 1129.963023805658 1990.096 211.5988914941881
v 1130.09808 1990.096 211.5781353398
v 1133.124697726256 1990.096 211.1129886273071
v 1134.610615404295 1990.096 210.8814593626541
v 1135.046739945965 1990.096 210.8134575851633
v 1135.224778954625 1990.096 210.7856972371553
v 1139.45262456649 1990.096 210.126479538782
v 1139.8824 1990.096 210.0585269688163
v 1139.8824 1998.964549238956 209.904759679172
v 1139.8824 2000.063919691791 209.8873011044864
v 1139.8824 2000.08 209.8871046924277
v 1139.8824 1995.676898089204 209.9551983446164
v 1139.8824 1991.152198527381 210.0371374984936
v 1139.8824 1991.605101369931 210.0291705906796
v 1139.8824 1990.700365661376 210.0466901851005
v 1139.8824 1995.600024738361 209.9563777243767
v 1139.8824 2001.164346782281 209.8738599970495
v 1139.8824 2004.532545576403 209.8259602961975
v 1139.8824 2004.814587398542 209.8225122645039
v 1093.046010614544 2039.737325879576 218.5377582430443
v 1090.645429155444 2044.695420783594 218.5662524069601
v 1094.673113083073 2035.817859133534 218.4360792852179
v 1094.67985879497 2035.794005313689 218.436229660052
v 1095.172871639169 2034.568827819043 218.3799670980512
v 1095.178987329083 2034.556268864229 218.3789266699525
v 1096.298850445862 2031.25610454909 218.2327257593899
v 1096.300486022444 2031.244471879361 218.2328140006547
v 1097.26520592152 2028.328997819694 217.9984450627429
v 1097.26665865346 2028.324737161239 217.9980827265822
v 1099.123060488091 2021.907721299743 217.2997320195776
v 1099.406016699233 2018.553565075584 217.0320192894185
v 1099.776927301768 2017.893442359379 216.8493395816795
v 1099.814498511427 2015.179737866019 216.5212269245283
v 1097.800206971772 2026.791967565584 217.8648565910387
v 1097.81278604121 2026.770805165262 217.8606158686096
v 1098.884384614885 2022.973695734462 217.411473121363
v 1098.974833644471 2022.453000528947 217.3759355359803
v 1100.194815549563 2013.384283621213 216.2515432177454
v 1100.144847773898 2008.608636645474 215.6010825329117
v 1100.057938500355 2014.857855958879 216.4143567071155
v 1100.193806417411 2013.38614073113 216.2520277758358
v 1099.004362844089 2022.316579742113 217.3648558455178
v 1099.105505283192 2022.022051474614 217.3110440552557
v 1099.00649428368 2022.335371179163 217.3645017180305
v 1100.180319242546 2008.602757862867 215.5922804692119
v 1100.177180825486 2008.148467301252 215.5503780940292
v 1100.171058285202 2008.122783031507 215.5493918382653
v 1139.8824 2005.805299161732 209.8104005658461
v 1139.8824 2008.015517940547 209.7833800894456
v 1139.8824 2008.974467455501 209.7725567488651
v 1139.8824 2009.93372381089 209.7635418559623
v 1139.8824 2010.064 209.7619769688952
v 1139.8824 2017.134572835346 209.6767670481744
v 1139.8824 2018.166924706826 209.6666064003909
v 1139.8824 2019.132509892079 209.6562418018055
v 1139.8824 2015.90777818988 209.6915960458616
v 1139.8824 2020.048 209.6441435996479
v 1139.8824 2013.457739949495 209.7212111175726
v 1139.8824 2013.471214945583 209.7210482372677
v 1139.8824 2026.026506491784 209.5564976112604
v 1139.8824 2026.754821993279 209.5471119178005
v 1139.8824 2027.601759400427 209.5324917467432
v 1139.8824 2030.032 209.4875595278432
v 1139.8824 2025.916483723845 209.5579154582943
v 1139.8824 2022.492316725866 209.6114699115481
v 1139.8824 2022.338906398046 209.6138692706432
v 1139.8824 2036.218264879295 209.348168458949
v 1139.8824 2039.805648559867 209.2494495174068
v 1139.8824 2040.016 209.2436609892284
v 1139.8824 2035.440912326167 209.3677609190403
v 1139.8824 2035.732134365359 209.3616018375307
v 1139.8824 2036.069737092861 209.352255701121
v 1139.8824 2031.248433130958 209.4650691457276
v 1088.182901547613 2049.350664209235 218.4856650612589
v 1088.316978926433 2049.099035045791 218.4903565735202
v 1090.437349853614 2045.142714964838 218.5618948253758
v 1090.490057188375 2045.0057121855 218.5681220210563
v 1090.536813719054 2044.907057400821 218.5687002915678
v 1139.8824 2046.535294141184 209.0142242815052
v 1139.8824 2049.051662897131 208.9170830155333
v 1139.8824 2044.579496116655 209.0897254160823
v 1139.8824 2040.453940212643 209.2298274400231
v 1139.8824 2044.048136629392 209.1091242647141
v 1139.8824 2040.160071022874 209.2396963899128
v 1139.8824 2044.529586804465 209.0916521026057
v 1139.8824 2044.280689673131 209.1014151428471
v 1078.61711566069 2066.860391871679 217.3595913262259
v 1079.443407532829 2065.541439178345 217.4741701744808
v 1078.495475126995 2067.043917491359 217.3455052860402
v 1079.502851185163 2065.461620555269 217.4784745782514
v 1080.926034467177 2062.609034035075 217.7206946116139
v 1081.049582809756 2062.408350533854 217.7347824643276
v 1082.230627160955 2060.414392403163 217.889274786248
v 1082.282265453352 2060.341556628558 217.8922659890751
v 1083.344835215134 2058.181377899872 218.0475723851439
v 1083.406782478751 2058.075489251571 218.0537848034789
v 1085.041100044216 2055.235218698772 218.2298671446556
v 1085.042266352684 2055.232320378278 218.2301180472084
v 1085.765373828246 2053.746256954569 218.311124507879
v 1085.778187339195 2053.72324604457 218.3121192343825
v 1087.770022475408 2050.170337766039 218.4605958616381
v 1087.807220992956 2050.08221805676 218.466237777981
v 1070.43863554808 2081.084076440539 216.0143529977236
v 1070.45646911156 2081.063432782508 216.0157473902613
v 1071.214479974584 2079.704580993322 216.1425332689519
v 1071.29159308812 2079.55441974127 216.1579806115521
v 1073.155397618289 2076.76264529888 216.409811881463
v 1073.614821037103 2076.044784473568 216.4787801056145
v 1074.68140011879 2073.985334417363 216.6906472992738
v 1076.041055082298 2071.483897518945 216.9344954536559
v 1076.072694768371 2071.44152264879 216.9377637550762
v 1076.663792300157 2070.584622832263 217.0157495861319
v 1076.697432223438 2070.543663087044 217.0181623815999
v 1073.667372565484 2075.928497870879 216.4919002393767
v 1073.835786664111 2075.51908829571 216.5423288039908
v 1073.987975547518 2075.209551165019 216.574112931899
v 1067.154148378711 2085.319639986113 215.6445521988433
v 1067.477028000002 2084.982487803927 215.6649497327533
v 1068.85012071949 2083.26743829093 215.8148187066402
v 1068.894249813402 2083.205935468542 215.820547373272
v 1067.617980131762 2109.904 213.331320027522
v 1069.252868769596 2109.904 213.179526730941
v 1069.683075704515 2109.904 213.1395836257335
v 1069.900560138203 2109.904 213.1201446483455
v 1071.39216 2109.904 212.9868239527264
v 1072.05248032962 2109.904 212.9278038576385
v 1072.059963640482 2109.904 212.9271349917884
v 1072.825874998827 2109.904 212.8522775253472
v 1073.647862526618 2109.904 212.7719393724967
v 1074.157253339429 2109.904 212.72215331663
v 1076.145255288557 2109.904 212.5278530394892
v 1078.397495240244 2109.904 212.3114277078029
v 1080.554071425583 2109.904 212.0921271332878
v 1080.591710625419 2109.904 212.0882996319899
v 1080.621961293067 2109.904 212.0852234648506
v 1080.771444371024 2109.904 212.0700226455617
v 1081.17648 2109.904 212.0288348838042
v 1081.626367928149 2109.904 211.983086126222
v 1081.77106321469 2109.904 211.9683721737618
v 1082.440840666705 2109.904 211.9002630195279
v 1083.202309532912 2109.904 211.8233320949975
v 1085.005942378327 2109.904 211.6330786945238
v 1086.459050025401 2109.904 211.4797998984468
v 1087.827635381075 2109.904 211.3330049315978
v 1090.9608 2109.904 210.988605292772
v 1091.708967161345 2109.904 210.9063662369011
v 1093.979676887496 2109.904 210.6534723782799
v 1139.8824 2049.462109443727 208.8985235425112
v 1139.8824 2050 208.8742013369747
v 1139.8824 2056.992058448097 208.5401611715512
v 1139.8824 2057.814291316877 208.498929578503
v 1139.8824 2058.306564603144 208.4713669116848
v 1139.8824 2059.984 208.3774463308963
v 1139.8824 2053.536898389653 208.714192539125
v 1139.8824 2053.945253208311 208.6929459099311
v 1139.8824 2052.979766895397 208.7394629556532
v 1139.8824 2067.592485605388 207.9220405330591
v 1139.8824 2069.968 207.7671201551734
v 1139.8824 2061.959924696023 208.2668131611227
v 1139.8824 2062.47305052307 208.2373044891895
v 1139.8824 2063.024817801453 208.2027999044013
v 1139.8824 2066.939549869189 207.9646220687536
v 1139.8824 2067.055761727286 207.957043253398
v 1139.8824 2070.807272979806 207.7123865414871
v 1139.8824 2071.396312154905 207.6727357678442
v 1139.8824 2071.990191568681 207.6305379626755
v 1095.972258352677 2109.904 210.4236468414244
v 1098.206884789586 2109.904 210.1659036928965
v 1100.324478421255 2109.904 209.9163576044227
v 1100.74512 2109.904 209.8656117894977
v 1104.285551825633 2109.904 209.4384973356347
v 1106.098018814105 2109.904 209.2142969662074
v 1107.056353051793 2109.904 209.0937024447621
v 1110.52944 2109.904 208.6566573701048
v 1110.715464533591 2109.904 208.6332484813024
v 1113.027966092478 2109.904 208.3339445319397
v 1117.100052341726 2109.904 207.8003834853539
v 1118.256911204741 2109.904 207.6445913048599
v 1119.384880371811 2109.904 207.4926896497089
v 1120.31376 2109.904 207.3676942175193
v 1121.732560623816 2109.904 207.1767721736043
v 1121.788868579991 2109.904 207.1690047612942
v 1123.811179622716 2109.904 206.8900366588205
v 1126.547230994586 2109.904 206.5133380531684
v 1128.619588328212 2109.904 206.2209422454295
v 1129.562973235121 2109.904 206.087527386132
v 1139.8824 2078.312471019256 207.1840331812413
v 1139.8824 2078.54399993014 207.1671615918063
v 1139.8824 2079.355756962963 207.1084045030536
v 1139.8824 2079.952 207.0633497362718
v 1139.8824 2079.25411693038 207.1160848744447
v 1139.8824 2075.816909984632 207.3658855513198
v 1130.09808 2109.904 206.011851812755
v 1133.149144976783 2109.904 205.5803657866333
v 1133.427817028549 2109.904 205.54
v 1135.942244577489 2109.904 205.1757839069166
v 1139.304899145625 2109.904 204.689286818825
v 1139.8824 2109.904 204.6038648498557
v 1139.8824 2089.124560221302 206.3536690088599
v 1139.8824 2089.936 206.2884027006496
v 1139.8824 2084.565509526282 206.7141136767429
v 1139.8824 2085.024655504726 206.6773080206013
v 1139.8824 2082.41577976665 206.8771756161682
v 1139.8824 2089.099403175888 206.3556924584402
v 1139.8824 2093.137998420358 206.0308572594742
v 1139.8824 2093.565758170991 205.9953691161273
v 1139.8824 2094.00123111378 205.9587707599925
v 1139.8824 2098.104816413832 205.6166851141496
v 1139.8824 2098.771005680707 205.5607536301676
v 1139.8824 2099.018198222046 205.54
v 1139.8824 2099.92 205.4642871144785
v 1139.8824 2101.688268080572 205.3158280162282
v 1139.8824 2102.726227667867 205.2258811294207
v 1139.8824 2104.015443341213 205.114115612688
v 1139.8824 2100.002405003705 205.4573686089217
v 1139.8824 2107.512238484487 204.8117990163676
v 1139.8824 2106.772040653042 204.875934928992
v 1139.8824 2107.175117412941 204.8411075358713
f 2026 2025 657
f 2027 2026 657
f 2028 2027 657
f 2029 2028 658
f 2028 657 658
f 658 2035 2029
f 658 2036 2035
f 658 2037 2036
f 2046 145 2045
f 2043 145 2042
f 2045 145 2044
f 145 2043 2044
f 1766 146 1765
f 1766 145 146
f 146 1749 1765
f 1766 2042 145
f 1858 1857 103
f 103 1860 1859
f 1858 103 1859
f 103 1864 1860
f 1864 103 104
f 1730 1723 1727
f 1727 1723 665
f 1728 1727 666
f 666 1727 665
f 1729 1728 666
f 666 1735 1729
f 666 667 1735
f 667 1740 1739
f 1738 667 1739
f 1738 1735 667
f 1820 102 1821
f 104 1873 1872
f 1868 104 1872
f 104 1874 1873
f 1864 104 1865
f 104 1866 1865
f 1866 1868 1867
f 104 1868 1866
f 104 1880 1879
f 104 1879 1874
f 1653 1652 679
f 1654 1653 679
f 1652 1592 679
f 1655 1654 680
f 1656 1655 680
f 1654 679 680
f 1659 1656 1657
f 1657 1656 680
f 1657 680 681
f 1658 681 1615
f 1657 681 1658
f 1393 4 1394
f 1357 1394 4
f 1357 4 1358
f 1354 1358 4
f 2017 2016 659
f 2017 659 664
f 2017 664 2018
f 732 1947 1946
f 2016 2015 659
f 2015 2014 659
f 2014 2013 659
f 659 2013 660
f 660 2013 2012
f 1889 94 1890
f 1890 94 1891
f 1894 1891 94
f 1895 1894 94
f 1887 1886 94
f 1888 94 1889
f 1887 94 1888
f 1885 94 1886
f 1895 94 1899
f 1899 94 1900
f 1900 94 1901
f 94 1902 1901
f 1903 1902 94
f 95 1909 1908
f 1903 94 1904
f 1904 94 1905
f 1905 94 1906
f 1906 95 1907
f 1907 95 1908
f 94 95 1906
f 95 1912 1911
f 95 1913 1912
f 95 1914 1913
f 1914 95 1915
f 95 1910 1909
f 1911 1910 95
f 1353 1 1361
f 1362 1361 1
f 1363 1362 1
f 1364 1363 1
f 1365 1364 1
f 1 1366 1365
f 1399 1366 1
f 1400 1399 1
f 1371 1400 1
f 1371 1 97
f 2047 2048 145
f 145 2048 2049
f 1403 1402 98
f 1404 1403 98
f 98 1405 1404
f 98 1406 1405
f 1407 1406 98
f 1408 1407 98
f 1463 1408 98
f 1464 1463 98
f 1465 1464 98
f 1467 98 1468
f 1465 98 1466
f 98 1467 1466
f 99 1471 1470
f 99 1470 98
f 1470 1469 98
f 98 1469 1468
f 99 1475 1474
f 1473 99 1474
f 1472 99 1473
f 1472 1471 99
f 1475 99 1476
f 1479 1478 99
f 1477 1476 99
f 1477 99 1478
f 1480 1479 99
f 1481 1480 99
f 1481 99 1482
f 1482 99 1483
f 1484 1483 99
f 1484 100 1485
f 1484 99 100
f 1485 100 1486
f 1486 1488 1487
f 1486 100 1488
f 100 1489 1488
f 100 1490 1489
f 1490 100 1491
f 1491 100 1492
f 1492 100 1493
f 1493 100 1494
f 1495 1494 100
f 1496 1495 100
f 1497 1496 100
f 1498 1497 101
f 1497 100 101
f 1499 1498 101
f 1502 101 1503
f 1500 1499 101
f 1501 1500 101
f 1501 101 1502
f 1503 101 1504
f 1505 1504 101
f 1505 101 1506
f 1506 101 1507
f 1507 101 1508
f 1509 1508 101
f 1509 101 1510
f 1510 101 1511
f 102 1820 1817
f 2056 144 2055
f 2058 144 2057
f 144 2054 2055
f 2057 144 2056
f 2052 145 2051
f 2053 144 2052
f 2052 144 145
f 2054 144 2053
f 1821 102 1822
f 1837 1832 1838
f 1832 103 1838
f 1839 1838 103
f 1831 1830 103
f 1831 103 1832
f 1823 1822 102
f 1823 102 1824
f 103 1842 1841
f 1840 103 1841
f 1840 1839 103
f 1829 1824 102
f 1830 1829 103
f 1829 102 103
f 103 1845 1842
f 103 1846 1845
f 103 1856 1849
f 103 1849 1846
f 1856 103 1857
f 1743 1747 146
f 1748 146 1747
f 1748 1749 146
f 146 1737 1741
f 1742 146 1741
f 1737 146 1736
f 1736 146 1734
f 146 147 1734
f 1742 1743 146
f 147 1732 1733
f 1734 147 1733
f 147 1731 1732
f 147 1726 1731
f 147 1719 1720
f 1725 147 1724
f 147 1720 1724
f 1725 1726 147
f 147 1716 1718
f 147 1717 1716
f 1718 1719 147
f 33 2117 2118
f 2119 33 2118
f 2116 2117 33
f 139 2115 2116
f 33 139 2116
f 2114 2115 139
f 1514 1513 113
f 1515 113 1516
f 1515 1514 113
f 1512 1511 113
f 1512 113 1513
f 113 1511 101
f 2098 141 2097
f 2098 2099 141
f 141 2096 2097
f 2095 2096 141
f 2094 2095 141
f 142 2094 141
f 2094 142 2093
f 142 2092 2093
f 2091 2092 142
f 142 2089 2090
f 2091 142 2090
f 2088 2089 142
f 142 143 2088
f 1520 114 1521
f 1518 1520 1519
f 114 1520 1518
f 1523 114 1524
f 1522 114 1523
f 1522 1521 114
f 1524 114 1525
f 1530 114 1531
f 114 1530 1529
f 1528 114 1529
f 1531 114 1532
f 1532 114 1533
f 1533 114 1534
f 1534 114 1763
f 114 115 1763
f 1764 115 1769
f 1764 1763 115
f 1769 115 1771
f 1771 115 1772
f 1772 115 1773
f 1773 115 1774
f 1774 115 1775
f 1775 115 1781
f 115 1783 1781
f 115 1785 1784
f 1783 115 1784
f 115 1788 1787
f 1785 115 1787
f 1791 1790 115
f 115 1790 1788
f 1791 115 1792
f 116 1799 1792
f 115 116 1792
f 1816 102 1817
f 1799 116 1802
f 116 1803 1802
f 1810 116 1811
f 1803 116 1810
f 1758 1759 157
f 1758 157 158
f 1819 116 1816
f 116 102 1816
f 1812 116 1818
f 1818 116 1819
f 1587 1584 26
f 1579 26 1580
f 26 1020 1580
f 26 1579 1586
f 26 1586 1585
f 26 1585 1587
f 158 1702 1703
f 1699 1702 158
f 1699 158 1698
f 158 1704 1705
f 158 1703 1704
f 1754 1755 158
f 1754 158 1705
f 1755 1756 158
f 1756 1757 158
f 1757 1758 158
f 158 1697 1698
f 1696 158 1693
f 1696 1697 158
f 1693 158 1690
f 159 1690 158
f 1686 1689 159
f 1689 1690 159
f 159 1678 1681
f 1681 1683 159
f 1683 1684 159
f 1684 1685 159
f 1685 1686 159
f 159 1676 1677
f 159 1677 1678
f 1675 159 1673
f 1676 159 1675
f 159 1668 1673
f 159 160 1668
f 160 1664 1665
f 1663 1664 160
f 1630 1663 160
f 1630 160 1629
f 1668 160 1665
f 1628 1629 160
f 161 1614 1620
f 1620 1622 161
f 161 1622 160
f 1622 1623 160
f 1623 1626 160
f 1626 1627 160
f 1628 160 1627
f 161 1612 1613
f 1614 161 1613
f 161 1609 1610
f 1608 1609 161
f 161 1610 1611
f 161 1611 1612
f 30 1603 1604
f 1607 1608 161
f 30 1605 1606
f 1607 161 1606
f 1605 30 1604
f 161 30 1606
f 1603 30 1602
f 1602 30 1596
f 1996 733 1997
f 739 733 1996
f 1633 28 1634
f 1649 28 1642
f 1650 28 1649
f 1641 1640 28
f 1641 28 1639
f 1643 28 1640
f 1643 1642 28
f 28 1633 1638
f 28 1638 1639
f 28 1650 1647
f 1582 1644 26
f 1582 26 1583
f 26 1584 1583
f 1651 1634 26
f 1651 26 1644
f 1634 28 26
f 1596 30 1597
f 30 1598 1597
f 30 1594 1593
f 1599 1598 30
f 30 1593 1595
f 1601 1600 30
f 1595 1601 30
f 1599 30 1600
f 1637 31 1645
f 1631 1645 31
f 1632 1631 31
f 31 1635 1594
f 1636 1635 31
f 1636 31 1637
f 31 1594 30
f 1647 1646 28
f 1648 28 1646
f 1632 28 1648
f 28 1632 31
f 1423 7 1418
f 1410 7 1423
f 1418 7 1419
f 7 1420 1419
f 1420 7 1421
f 7 1422 1421
f 1409 10 1410
f 7 1410 10
f 576 1567 1568
f 1566 1567 727
f 1569 1570 1568
f 1570 576 1568
f 1567 576 727
f 727 1563 1564
f 1563 727 730
f 1397 1396 4
f 1355 1354 4
f 4 1393 1398
f 4 1398 1397
f 1943 1941 731
f 1944 1943 731
f 1945 1944 732
f 1946 1945 732
f 1944 731 732
f 1353 1352 1
f 1 1352 1351
f 1351 1356 1
f 1 1356 1359
f 1 1359 1360
f 1998 1997 733
f 1999 1998 733
f 1942 1999 733
f 1854 733 1852
f 1854 1942 733
f 1850 1852 734
f 1851 1850 734
f 733 734 1852
f 1853 731 1941
f 1851 731 1853
f 731 1851 734
f 2047 145 2046
f 7 1414 1428
f 1422 7 1428
f 1413 7 1411
f 7 1412 1411
f 7 1413 1414
f 1425 1412 7
f 1424 4 1417
f 1955 738 1956
f 1955 1950 738
f 1391 1390 4
f 4 1416 1415
f 1417 4 1415
f 4 1390 1427
f 4 1427 1416
f 1425 4 1426
f 1426 4 1424
f 4 1425 7
f 1952 743 1953
f 1951 743 1952
f 743 1951 742
f 742 1951 1964
f 1963 742 1964
f 742 1963 1965
f 1958 742 1965
f 1956 738 1957
f 742 1958 1957
f 742 1957 738
f 743 1954 1953
f 743 747 1954
f 1962 1961 747
f 747 1961 1954
f 1959 1962 747
f 1960 1959 747
f 752 1960 747
f 1967 752 1968
f 1960 752 1967
f 1966 1960 1967
f 1 1360 1392
f 1 1392 1355
f 4 1 1355
f 1896 1897 752
f 1877 1896 752
f 1877 752 570
f 571 1861 1862
f 756 1855 1861
f 571 756 1861
f 1862 1863 571
f 1968 752 1898
f 752 1897 1898
f 1844 1835 1843
f 758 1835 1844
f 758 1844 756
f 1847 1848 1844
f 1848 756 1844
f 1855 756 1848
f 2050 145 2049
f 577 1571 1573
f 1572 1571 577
f 1454 10 1409
f 10 1454 1455
f 10 1455 1456
f 10 1456 972
f 1780 760 1776
f 1780 574 760
f 1779 574 1780
f 1779 761 574
f 1561 730 1560
f 1562 730 1561
f 730 1562 1563
f 2051 145 2050
f 1371 97 1372
f 1380 1379 97
f 1380 97 1381
f 1374 1373 97
f 97 1373 1372
f 1378 1374 97
f 1378 97 1379
f 97 1382 1381
f 1383 1382 97
f 1401 1383 97
f 1402 1401 97
f 1402 97 98
f 1386 789 1387
f 1386 788 789
f 1384 1453 1387
f 789 1384 1387
f 1384 789 586
f 1449 1450 1448
f 1448 1450 791
f 1450 790 791
f 790 1450 1451
f 586 790 1451
f 1388 788 1386
f 1389 788 1388
f 788 1389 1457
f 1459 788 1458
f 788 1457 1458
f 1460 793 1459
f 1460 1461 793
f 788 1459 793
f 1445 1448 1446
f 791 1442 1447
f 791 1447 1446
f 1446 1448 791
f 144 2059 2060
f 144 2058 2059
f 144 2060 2061
f 2063 144 2062
f 2062 144 2061
f 1833 899 1828
f 1833 1834 899
f 1834 1836 1835
f 1834 1835 758
f 1834 758 899
f 577 1573 1574
f 1575 577 1574
f 1578 1761 760
f 577 1578 760
f 577 1575 1578
f 889 1536 1537
f 1462 1535 793
f 793 1535 1536
f 889 793 1536
f 889 1538 1539
f 889 1537 1538
f 890 1540 1541
f 889 1539 1540
f 890 889 1540
f 1542 890 1541
f 890 1542 1543
f 1544 890 1543
f 651 890 1544
f 1462 793 1461
f 652 1552 1553
f 652 1553 1554
f 1547 1550 651
f 651 1550 1549
f 652 1554 1555
f 1557 652 1555
f 1556 1557 1555
f 894 652 1557
f 651 1545 1546
f 651 1544 1545
f 1547 651 1546
f 1559 894 1558
f 894 1557 1558
f 1559 1560 730
f 894 1559 730
f 139 2107 2114
f 139 140 2107
f 2101 2102 140
f 140 2103 2104
f 140 2104 2105
f 2102 2103 140
f 2105 2106 140
f 140 2106 2107
f 899 1827 1828
f 767 1826 1827
f 899 767 1827
f 1813 1825 767
f 767 1825 1826
f 767 1814 1813
f 767 1815 1814
f 766 1815 767
f 1517 1516 113
f 1518 1517 113
f 114 1518 113
f 114 1527 1526
f 1525 114 1526
f 114 1528 1527
f 143 2066 2067
f 2068 2088 143
f 2068 143 2067
f 143 2063 2064
f 2065 143 2064
f 2065 2066 143
f 2063 143 144
f 901 2031 2030
f 901 2030 658
f 658 2030 2037
f 2025 2024 657
f 902 2041 2040
f 902 2024 2041
f 2024 902 657
f 904 2038 1762
f 904 2039 2038
f 902 2040 2039
f 902 2039 904
f 1391 1396 1395
f 1391 4 1396
f 2032 2031 905
f 2033 2032 905
f 2034 2033 905
f 2031 901 905
f 905 2010 2034
f 909 1750 1745
f 909 1751 1750
f 1753 1752 904
f 909 904 1752
f 909 1752 1751
f 1762 1753 904
f 2019 664 2020
f 2019 2018 664
f 660 2012 2011
f 2021 2020 664
f 2022 2021 739
f 2021 664 739
f 38 2136 2132
f 33 2134 2133
f 2134 33 2135
f 2133 2136 38
f 33 2119 2137
f 33 2138 2135
f 33 2139 2138
f 33 2137 2139
f 33 2133 38
f 2010 905 2008
f 2009 2008 660
f 2011 2009 660
f 2008 905 660
f 1706 683 1707
f 1706 1701 683
f 683 1708 1707
f 1695 1694 914
f 914 1694 1692
f 1695 914 1700
f 914 683 1700
f 1700 683 1701
f 1745 1744 909
f 1744 667 909
f 1740 667 1746
f 1744 1746 667
f 38 2132 2131
f 2121 43 2126
f 2126 43 2127
f 2127 43 2128
f 43 2129 2128
f 2129 43 2130
f 2130 43 38
f 2130 38 2131
f 1721 1715 1722
f 1722 665 1723
f 1715 665 1722
f 1714 922 1715
f 922 665 1715
f 1714 1713 1712
f 1714 1712 922
f 1710 1712 1711
f 682 1712 1710
f 922 1712 682
f 1759 1717 157
f 1717 147 157
f 1949 1948 732
f 1947 732 1948
f 1950 1949 738
f 1949 732 738
f 116 1812 1811
f 1782 761 1777
f 761 1782 1786
f 760 1770 1776
f 1778 1777 1779
f 761 1779 1777
f 2124 2111 47
f 2125 2123 47
f 47 2123 2122
f 2122 2124 47
f 2120 2125 47
f 2120 43 2121
f 43 2120 47
f 1438 791 1439
f 1439 791 1437
f 1442 791 1441
f 1441 791 1438
f 791 1436 1435
f 1435 1437 791
f 1440 1436 798
f 1433 1440 798
f 791 798 1436
f 1616 1615 681
f 1616 681 941
f 941 1617 1616
f 941 1618 1617
f 941 1619 1618
f 2087 2086 51
f 2085 2079 51
f 2087 51 2113
f 2086 2085 51
f 51 2108 2113
f 1589 679 1590
f 1590 679 1591
f 1624 943 1625
f 941 1624 1621
f 941 943 1624
f 941 1621 1619
f 714 1679 1674
f 1679 714 1680
f 1672 714 1674
f 1682 719 1687
f 1687 719 1688
f 719 1691 1688
f 914 1692 1691
f 914 1691 719
f 1680 719 1682
f 1680 714 719
f 1591 679 1592
f 1709 1708 682
f 1709 682 1710
f 1708 683 682
f 1456 1444 972
f 624 972 1444
f 1444 1443 1430
f 624 1444 1430
f 798 624 1430
f 55 2082 2081
f 2080 55 2081
f 2082 55 2083
f 55 2078 2084
f 2083 55 2084
f 2080 2074 55
f 2079 2078 51
f 51 2078 55
f 739 1996 1995
f 2023 739 1995
f 2023 2022 739
f 2076 59 2071
f 2076 2075 59
f 2077 59 2075
f 2070 59 2077
f 2073 55 2074
f 2071 55 2072
f 2072 55 2073
f 2071 59 55
f 1580 819 1581
f 819 1580 1020
f 819 1588 1581
f 798 1432 1431
f 1433 798 1431
f 1434 1432 798
f 1430 1429 798
f 1434 798 1429
f 2005 1990 64
f 2000 2002 64
f 2004 2003 64
f 2007 2004 64
f 2003 2005 64
f 2002 2006 64
f 2006 2007 64
f 2000 59 2001
f 2069 2001 59
f 2069 59 2070
f 2000 64 59
f 1994 1984 69
f 1992 1991 69
f 1988 1993 69
f 69 1993 1992
f 1991 1994 69
f 1988 64 1989
f 1989 64 1990
f 1988 69 64
f 74 1986 1987
f 1985 1986 74
f 1981 1985 74
f 1987 1978 74
f 1983 69 1984
f 1983 1982 69
f 69 1982 1981
f 74 69 1981
f 760 1767 1768
f 1767 760 1760
f 760 1761 1760
f 760 1768 1770
f 1793 1794 761
f 1789 1793 761
f 761 1786 1789
f 1794 1795 761
f 761 1795 1796
f 766 1800 1801
f 766 1798 1800
f 1797 1798 761
f 766 761 1798
f 761 1796 1797
f 79 1979 1973
f 79 1980 1979
f 79 1977 1980
f 1976 74 1978
f 1974 1977 74
f 1974 74 1975
f 1975 74 1976
f 79 74 1977
f 2101 140 2100
f 2100 140 2099
f 140 141 2099
f 84 1938 1932
f 1938 84 1939
f 84 1940 1939
f 84 1969 1940
f 1970 1969 79
f 84 79 1969
f 1971 1970 79
f 1972 1971 79
f 1973 1972 79
f 942 1661 1660
f 942 1662 1661
f 942 1660 943
f 1934 89 1935
f 1936 89 1934
f 1929 89 1936
f 1933 1937 89
f 1935 89 1937
f 1930 84 1931
f 84 1932 1931
f 84 1930 1933
f 84 1933 89
f 1662 1667 1666
f 1662 942 1667
f 715 1667 942
f 1671 1667 715
f 714 1671 715
f 1669 714 1670
f 714 1669 1671
f 714 1672 1670
f 766 1804 1805
f 766 1801 1804
f 943 1660 1625
f 1806 766 1805
f 1815 766 1809
f 1807 766 1806
f 1808 766 1807
f 1809 766 1808
f 47 2111 2110
f 47 2110 2112
f 2109 47 2112
f 2109 2108 47
f 2108 51 47
f 1589 1588 819
f 1589 819 679
f 96 1918 1917
f 1919 1918 96
f 95 1916 1915
f 95 96 1916
f 1916 96 1917
f 1920 96 1921
f 1921 96 1922
f 1922 96 1923
f 1920 1919 96
f 1924 96 1925
f 1924 1923 96
f 96 89 1925
f 1925 89 1926
f 1926 89 1927
f 1927 89 1928
f 1928 89 1929
f 104 1884 1880
f 105 1884 104
f 1893 1884 1885
f 1893 1892 1884
f 105 1885 1884
f 94 1885 105
f 1870 1863 1869
f 1871 571 1870
f 569 571 1871
f 1863 1870 571
f 569 1871 1875
f 569 1875 1876
f 569 1876 1883
f 1882 569 1883
f 1878 569 1881
f 1881 569 1882
f 1878 1877 570
f 1878 570 569
f 1577 576 1570
f 1577 573 576
f 1576 573 1577
f 1576 1572 573
f 573 1572 577
f 585 1368 1367
f 585 1367 1369
f 585 1369 1370
f 585 1376 1377
f 585 1375 1376
f 1370 1375 585
f 585 1377 1385
f 1384 586 1385
f 585 1385 586
f 1452 1368 586
f 1452 586 1451
f 585 586 1368
f 647 1549 1548
f 651 1549 647
f 652 1551 1552
f 647 1548 1551
f 652 647 1551
f 1564 1565 727
f 727 1565 1566
f 20 1008 1009
f 1011 20 1009
f 1010 1008 20
f 998 18 997
f 18 987 997
f 1021 1010 18
f 1010 20 18
f 998 1021 18
f 22 1000 1002
f 999 22 1001
f 999 1000 22
f 1017 20 1011
f 1019 20 1017
f 1001 20 1018
f 1018 20 1019
f 1001 22 20
f 1020 26 1004
f 1003 1004 26
f 1003 26 24
f 1005 24 1007
f 1005 1003 24
f 24 1006 1007
f 977 973 16
f 973 974 16
f 974 975 16
f 975 976 16
f 980 977 13
f 976 978 16
f 978 979 16
f 13 977 16
f 993 10 992
f 993 996 10
f 994 995 13
f 10 996 994
f 994 13 10
f 10 969 970
f 10 970 992
f 971 969 10
f 972 971 10
f 995 989 13
f 13 990 991
f 989 990 13
f 991 980 13
f 986 987 18
f 18 982 983
f 984 18 983
f 982 18 981
f 984 986 18
f 985 981 18
f 985 16 988
f 16 979 988
f 985 18 16
f 1022 24 1015
f 1006 24 1022
f 22 1002 1016
f 1013 24 1012
f 1014 22 1016
f 1012 22 1014
f 1015 24 1013
f 1012 24 22
f 3 355 363
f 122 363 364
f 122 3 363
f 122 364 365
f 122 365 366
f 367 122 366
f 369 123 368
f 368 123 367
f 367 123 122
f 370 123 369
f 371 123 370
f 371 372 124
f 123 371 124
f 373 124 372
f 374 124 373
f 125 374 375
f 376 125 375
f 374 125 124
f 377 125 376
f 378 125 377
f 126 378 379
f 380 126 379
f 378 126 125
f 380 381 126
f 127 381 382
f 383 127 382
f 381 127 126
f 384 127 383
f 385 127 384
f 385 386 128
f 127 385 128
f 415 128 414
f 414 128 387
f 387 128 386
f 415 416 129
f 128 415 129
f 417 129 416
f 418 419 129
f 418 129 417
f 420 130 419
f 419 130 129
f 130 422 423
f 421 130 420
f 422 130 421
f 131 423 424
f 131 130 423
f 131 424 425
f 427 131 426
f 426 131 425
f 427 428 132
f 131 427 132
f 132 428 483
f 484 132 483
f 484 136 132
f 357 6 358
f 353 3 356
f 356 6 357
f 3 6 356
f 355 3 354
f 3 353 352
f 3 352 354
f 136 484 485
f 486 136 485
f 489 137 488
f 136 486 487
f 488 137 487
f 137 136 487
f 489 490 137
f 492 138 491
f 491 137 490
f 491 138 137
f 492 493 138
f 138 494 495
f 138 493 494
f 496 93 495
f 93 138 495
f 6 349 351
f 349 9 350
f 349 6 9
f 358 6 351
f 50 536 541
f 50 541 46
f 538 537 46
f 538 46 539
f 539 46 541
f 540 46 537
f 347 362 12
f 362 361 9
f 362 9 12
f 360 9 361
f 9 359 350
f 360 359 9
f 555 37 556
f 556 37 557
f 555 554 37
f 558 557 37
f 559 37 560
f 559 558 37
f 553 176 554
f 554 176 37
f 551 176 552
f 552 176 553
f 551 550 176
f 550 549 177
f 176 550 177
f 548 177 549
f 546 177 547
f 547 177 548
f 546 545 178
f 177 546 178
f 545 544 178
f 482 179 542
f 179 543 542
f 179 544 543
f 179 178 544
f 482 481 179
f 480 180 481
f 180 179 481
f 477 180 478
f 180 479 478
f 479 180 480
f 476 181 477
f 477 181 180
f 473 181 474
f 181 475 474
f 475 181 476
f 182 473 472
f 182 181 473
f 471 182 472
f 468 183 469
f 183 471 470
f 469 183 470
f 471 183 182
f 468 467 183
f 184 467 466
f 465 184 466
f 467 184 183
f 463 184 464
f 464 184 465
f 463 462 185
f 184 463 185
f 459 185 460
f 185 462 461
f 460 185 461
f 458 186 459
f 459 186 185
f 458 457 186
f 455 454 187
f 186 457 456
f 455 187 456
f 186 456 187
f 453 187 454
f 188 451 450
f 188 452 451
f 187 453 452
f 187 452 188
f 449 188 450
f 189 449 448
f 189 188 449
f 189 448 447
f 189 447 446
f 445 443 32
f 445 189 446
f 445 32 189
f 405 15 393
f 388 15 405
f 388 12 15
f 12 388 348
f 12 348 347
f 568 42 561
f 568 37 42
f 37 567 560
f 566 37 568
f 37 565 567
f 37 566 565
f 528 533 58
f 533 54 58
f 54 530 529
f 530 54 531
f 54 529 532
f 531 54 533
f 17 397 396
f 15 17 396
f 15 396 392
f 15 391 393
f 392 391 15
f 525 528 58
f 525 58 63
f 63 519 527
f 525 63 526
f 526 63 527
f 400 403 19
f 17 19 403
f 400 19 401
f 403 404 17
f 401 19 402
f 17 409 397
f 17 404 409
f 63 523 522
f 521 520 63
f 68 524 523
f 521 63 522
f 523 63 68
f 68 514 524
f 520 519 63
f 394 395 21
f 389 394 21
f 395 19 21
f 402 19 406
f 395 406 19
f 518 73 512
f 515 68 516
f 73 517 516
f 73 518 517
f 516 68 73
f 515 514 68
f 411 23 407
f 23 410 412
f 412 21 23
f 410 23 411
f 390 21 412
f 390 389 21
f 510 511 78
f 510 78 505
f 511 73 78
f 73 511 513
f 73 513 512
f 398 23 399
f 23 25 399
f 399 25 413
f 408 407 23
f 23 398 408
f 509 83 502
f 506 78 507
f 507 83 508
f 508 83 509
f 507 78 83
f 505 78 506
f 535 54 532
f 54 535 50
f 437 430 25
f 435 27 436
f 435 437 25
f 438 436 27
f 439 438 27
f 27 435 25
f 25 429 413
f 430 429 25
f 536 50 534
f 50 535 534
f 46 540 564
f 42 46 564
f 42 562 561
f 562 42 563
f 563 42 564
f 504 88 497
f 504 83 88
f 504 503 83
f 503 502 83
f 433 29 431
f 29 432 431
f 433 434 27
f 433 27 29
f 434 439 27
f 88 499 498
f 88 500 499
f 88 501 500
f 496 501 93
f 88 93 501
f 498 497 88
f 440 29 441
f 29 442 441
f 29 32 442
f 442 32 443
f 29 444 432
f 29 440 444
f 4 5 1
f 5 2 1
f 5 6 2
f 6 3 2
f 7 8 4
f 8 5 4
f 8 9 5
f 9 6 5
f 10 11 7
f 11 8 7
f 11 12 8
f 12 9 8
f 13 14 10
f 14 11 10
f 14 15 11
f 15 12 11
f 16 14 13
f 16 17 14
f 17 15 14
f 18 19 16
f 19 17 16
f 20 21 18
f 21 19 18
f 22 23 20
f 23 21 20
f 24 25 22
f 25 23 22
f 26 27 24
f 27 25 24
f 28 29 26
f 29 27 26
f 31 32 28
f 32 29 28
f 38 39 33
f 39 34 33
f 39 40 34
f 40 35 34
f 40 41 35
f 41 36 35
f 41 42 36
f 42 37 36
f 43 39 38
f 43 44 39
f 44 40 39
f 44 45 40
f 45 41 40
f 45 46 41
f 46 42 41
f 47 48 43
f 48 44 43
f 48 49 44
f 49 45 44
f 49 50 45
f 50 46 45
f 51 52 47
f 52 48 47
f 52 53 48
f 53 49 48
f 53 54 49
f 54 50 49
f 55 56 51
f 56 52 51
f 56 57 52
f 57 53 52
f 57 58 53
f 58 54 53
f 59 60 55
f 60 56 55
f 60 61 56
f 61 57 56
f 61 62 57
f 62 58 57
f 62 63 58
f 64 65 59
f 65 60 59
f 65 66 60
f 66 61 60
f 66 67 61
f 67 62 61
f 67 68 62
f 68 63 62
f 69 70 64
f 70 65 64
f 70 71 65
f 71 66 65
f 71 72 66
f 72 67 66
f 72 73 67
f 73 68 67
f 74 75 69
f 75 70 69
f 75 76 70
f 76 71 70
f 76 77 71
f 77 72 71
f 77 78 72
f 78 73 72
f 79 80 74
f 80 75 74
f 80 81 75
f 81 76 75
f 81 82 76
f 82 77 76
f 82 83 77
f 83 78 77
f 84 85 79
f 85 80 79
f 85 86 80
f 86 81 80
f 86 87 81
f 87 82 81
f 87 88 82
f 88 83 82
f 89 90 84
f 90 85 84
f 90 91 85
f 91 86 85
f 91 92 86
f 92 87 86
f 92 93 87
f 93 88 87
f 105 106 94
f 106 95 94
f 106 107 95
f 107 96 95
f 107 90 96
f 90 89 96
f 2 108 1
f 108 97 1
f 108 109 97
f 109 98 97
f 109 110 98
f 110 99 98
f 110 111 99
f 111 100 99
f 111 112 100
f 112 101 100
f 112 113 101
f 116 117 102
f 117 103 102
f 117 118 103
f 118 104 103
f 118 119 104
f 119 105 104
f 119 120 105
f 120 106 105
f 120 121 106
f 121 107 106
f 121 91 107
f 91 90 107
f 3 122 2
f 122 108 2
f 122 123 108
f 123 109 108
f 123 124 109
f 124 110 109
f 124 125 110
f 125 111 110
f 125 126 111
f 126 112 111
f 126 127 112
f 127 113 112
f 127 128 113
f 128 114 113
f 128 129 114
f 129 115 114
f 129 130 115
f 130 116 115
f 130 131 116
f 131 117 116
f 131 132 117
f 132 118 117
f 132 133 118
f 133 119 118
f 133 134 119
f 134 120 119
f 134 135 120
f 135 121 120
f 135 92 121
f 92 91 121
f 136 133 132
f 136 137 133
f 137 134 133
f 137 138 134
f 138 135 134
f 138 93 135
f 93 92 135
f 34 139 33
f 35 148 34
f 148 139 34
f 148 149 139
f 149 140 139
f 149 150 140
f 150 141 140
f 150 151 141
f 151 142 141
f 151 152 142
f 152 143 142
f 152 153 143
f 153 144 143
f 153 154 144
f 154 145 144
f 154 155 145
f 155 146 145
f 155 156 146
f 156 147 146
f 156 157 147
f 36 162 35
f 162 148 35
f 162 163 148
f 163 149 148
f 163 164 149
f 164 150 149
f 164 165 150
f 165 151 150
f 165 166 151
f 166 152 151
f 166 167 152
f 167 153 152
f 167 168 153
f 168 154 153
f 168 169 154
f 169 155 154
f 169 170 155
f 170 156 155
f 170 171 156
f 171 157 156
f 171 172 157
f 172 158 157
f 172 173 158
f 173 159 158
f 173 174 159
f 174 160 159
f 174 175 160
f 175 161 160
f 175 31 161
f 31 30 161
f 37 176 36
f 176 162 36
f 176 177 162
f 177 163 162
f 177 178 163
f 178 164 163
f 178 179 164
f 179 165 164
f 179 180 165
f 180 166 165
f 180 181 166
f 181 167 166
f 181 182 167
f 182 168 167
f 182 183 168
f 183 169 168
f 183 184 169
f 184 170 169
f 184 185 170
f 185 171 170
f 185 186 171
f 186 172 171
f 186 187 172
f 187 173 172
f 187 188 173
f 188 174 173
f 188 189 174
f 189 175 174
f 189 32 175
f 32 31 175
f 191 537 538
f 192 537 191
f 191 538 539
f 193 191 539
f 522 207 521
f 207 208 521
f 523 207 522
f 523 209 207
f 210 507 508
f 211 507 210
f 508 509 210
f 212 210 509
f 425 219 426
f 425 220 219
f 426 219 427
f 427 219 428
f 428 219 483
f 487 486 222
f 219 484 483
f 485 222 486
f 219 485 484
f 219 222 485
f 382 244 383
f 384 383 243
f 383 244 243
f 369 250 370
f 368 251 369
f 369 251 250
f 260 465 466
f 260 261 465
f 261 464 465
f 413 429 271
f 399 413 272
f 413 271 272
f 271 438 439
f 273 434 433
f 273 439 434
f 273 271 439
f 567 565 275
f 275 190 567
f 565 566 275
f 566 192 275
f 555 275 554
f 275 553 554
f 552 553 275
f 555 190 275
f 551 552 275
f 551 275 277
f 549 277 548
f 550 551 277
f 550 277 549
f 278 529 530
f 278 193 529
f 531 278 530
f 208 278 531
f 282 547 548
f 282 548 277
f 283 542 543
f 283 543 282
f 544 282 543
f 545 282 544
f 546 282 545
f 547 282 546
f 295 478 479
f 295 479 283
f 283 479 480
f 481 283 480
f 482 283 481
f 542 283 482
f 475 299 474
f 475 295 299
f 295 475 476
f 295 476 477
f 295 477 478
f 471 299 470
f 472 299 471
f 473 299 472
f 299 473 474
f 301 516 517
f 301 209 516
f 518 301 517
f 301 518 211
f 303 499 500
f 303 212 499
f 500 495 494
f 500 494 303
f 501 495 500
f 492 303 493
f 492 491 303
f 494 493 303
f 489 222 490
f 489 488 222
f 222 303 490
f 490 303 491
f 488 487 222
f 421 306 422
f 220 422 306
f 220 425 424
f 423 422 220
f 423 220 424
f 418 417 306
f 308 306 417
f 419 418 306
f 420 419 306
f 421 420 306
f 308 415 414
f 308 416 415
f 308 417 416
f 318 397 409
f 396 397 318
f 317 396 318
f 404 403 232
f 404 232 318
f 409 404 318
f 394 320 395
f 232 406 395
f 232 395 320
f 321 390 412
f 394 389 320
f 390 320 389
f 321 320 390
f 388 322 348
f 405 322 388
f 322 405 317
f 399 272 398
f 272 321 398
f 408 398 321
f 358 325 357
f 351 349 326
f 358 351 326
f 325 358 326
f 350 326 349
f 326 350 233
f 359 233 350
f 322 362 347
f 322 347 348
f 362 322 233
f 364 363 325
f 355 354 363
f 363 354 325
f 364 325 365
f 365 325 251
f 366 365 251
f 335 378 377
f 378 335 244
f 378 244 379
f 244 381 380
f 244 382 381
f 379 244 380
f 243 385 384
f 243 387 386
f 385 243 386
f 308 414 387
f 308 387 243
f 376 375 335
f 377 376 335
f 374 373 250
f 375 374 335
f 374 250 335
f 250 371 370
f 371 250 372
f 372 250 373
f 251 367 366
f 367 251 368
f 469 260 468
f 260 466 467
f 468 260 467
f 469 470 260
f 260 470 299
f 464 261 463
f 261 462 463
f 461 462 261
f 261 460 461
f 261 340 460
f 340 457 458
f 459 340 458
f 456 457 340
f 460 340 459
f 343 455 456
f 343 456 340
f 346 451 452
f 343 346 452
f 454 455 343
f 453 343 452
f 453 454 343
f 446 274 445
f 446 447 346
f 446 346 274
f 448 346 447
f 449 346 448
f 450 346 449
f 450 451 346
f 431 273 433
f 431 274 273
f 442 443 445
f 442 445 274
f 232 400 401
f 400 232 403
f 406 232 402
f 401 402 232
f 359 360 233
f 233 361 362
f 360 361 233
f 271 435 436
f 438 271 436
f 271 437 435
f 430 271 429
f 430 437 271
f 274 444 440
f 441 274 440
f 432 444 274
f 432 274 431
f 441 442 274
f 317 392 396
f 317 391 392
f 321 412 410
f 411 321 410
f 408 321 407
f 411 407 321
f 393 391 317
f 393 317 405
f 357 325 356
f 353 325 352
f 325 353 356
f 352 325 354
f 534 193 536
f 536 193 541
f 541 193 539
f 192 563 564
f 540 192 564
f 537 192 540
f 524 209 523
f 208 520 521
f 208 519 520
f 527 519 208
f 503 212 502
f 212 503 504
f 212 509 502
f 505 506 211
f 505 211 510
f 507 211 506
f 559 560 567
f 190 559 567
f 563 192 562
f 568 561 192
f 561 562 192
f 568 192 566
f 193 534 535
f 193 535 532
f 529 193 532
f 526 527 208
f 208 525 526
f 208 528 525
f 531 533 208
f 533 528 208
f 209 524 514
f 209 514 515
f 209 515 516
f 511 510 211
f 211 512 513
f 211 518 512
f 211 513 511
f 212 498 499
f 497 498 212
f 497 212 504
f 496 495 501
f 557 558 190
f 557 190 556
f 556 190 555
f 558 559 190
f 194 195 196
f 195 191 196
f 197 195 198
f 195 194 198
f 199 200 201
f 200 202 201
f 203 204 205
f 204 206 205
f 213 214 215
f 213 216 214
f 213 217 216
f 213 210 217
f 213 218 210
f 213 215 218
f 219 220 221
f 219 216 222
f 219 221 216
f 223 224 225
f 223 226 224
f 223 221 226
f 223 214 221
f 223 227 214
f 223 225 227
f 228 229 230
f 229 231 230
f 234 235 236
f 235 237 236
f 238 239 240
f 239 241 240
f 242 243 244
f 245 246 247
f 246 248 247
f 249 250 251
f 252 253 254
f 253 255 254
f 256 257 258
f 257 259 258
f 260 262 261
f 263 264 265
f 264 266 265
f 267 268 269
f 270 268 267
f 271 268 272
f 271 273 268
f 192 276 275
f 192 191 276
f 275 276 277
f 193 196 191
f 193 278 196
f 208 279 278
f 208 207 279
f 278 280 196
f 278 279 280
f 191 195 276
f 276 197 277
f 276 195 197
f 196 280 194
f 197 281 282
f 197 198 281
f 197 282 277
f 198 204 281
f 198 199 204
f 198 194 199
f 194 200 199
f 194 280 200
f 281 203 283
f 281 204 203
f 281 283 282
f 199 206 204
f 199 201 206
f 200 284 202
f 284 200 280
f 280 279 284
f 201 285 206
f 201 228 285
f 201 202 228
f 202 229 228
f 202 286 229
f 286 202 284
f 284 287 286
f 284 279 287
f 206 288 205
f 206 285 288
f 285 289 288
f 285 290 289
f 285 228 290
f 228 230 290
f 229 291 231
f 291 229 286
f 286 292 291
f 286 287 292
f 287 293 292
f 287 207 293
f 287 279 207
f 203 294 295
f 203 205 294
f 203 295 283
f 205 296 294
f 205 288 296
f 288 297 296
f 288 289 297
f 294 298 299
f 294 296 298
f 294 299 295
f 296 300 298
f 296 297 300
f 209 293 207
f 209 301 293
f 211 218 301
f 211 210 218
f 301 302 293
f 301 218 302
f 293 302 292
f 212 217 210
f 212 303 217
f 303 222 217
f 218 215 302
f 217 222 216
f 302 304 292
f 302 215 304
f 215 227 304
f 215 214 227
f 216 221 214
f 304 305 291
f 304 227 305
f 304 291 292
f 227 225 305
f 221 220 226
f 220 306 226
f 226 307 224
f 226 306 307
f 306 308 307
f 225 309 310
f 225 224 309
f 225 310 305
f 224 311 309
f 224 307 311
f 307 312 311
f 307 308 312
f 305 310 231
f 305 231 291
f 309 313 314
f 309 311 313
f 309 314 310
f 311 315 313
f 311 312 315
f 316 310 314
f 310 316 231
f 230 235 290
f 230 316 235
f 230 231 316
f 290 234 289
f 290 235 234
f 235 316 237
f 316 314 237
f 232 319 318
f 232 320 319
f 322 317 258
f 317 318 258
f 258 318 256
f 256 318 319
f 319 254 256
f 319 323 254
f 319 320 323
f 320 324 323
f 320 321 324
f 321 272 324
f 233 327 326
f 233 322 327
f 325 326 251
f 326 249 251
f 326 327 249
f 322 259 327
f 322 258 259
f 327 247 249
f 327 259 247
f 234 266 264
f 234 236 266
f 234 264 289
f 236 328 266
f 236 238 328
f 236 237 238
f 237 239 238
f 237 314 239
f 289 264 297
f 266 329 265
f 266 328 329
f 238 330 328
f 238 240 330
f 239 313 241
f 239 314 313
f 264 263 297
f 328 253 329
f 328 330 253
f 240 331 330
f 240 332 331
f 240 241 332
f 241 333 332
f 241 315 333
f 241 313 315
f 330 255 253
f 330 331 255
f 331 257 255
f 331 245 257
f 331 332 245
f 332 246 245
f 332 333 246
f 333 334 246
f 333 242 334
f 333 315 242
f 315 312 242
f 242 244 334
f 242 312 243
f 244 335 334
f 243 312 308
f 334 248 246
f 334 335 248
f 335 250 248
f 245 259 257
f 245 247 259
f 247 248 249
f 248 250 249
f 257 256 255
f 323 336 252
f 323 252 254
f 252 329 253
f 252 337 329
f 337 252 336
f 254 255 256
f 336 338 337
f 336 324 270
f 336 323 324
f 336 270 338
f 329 337 265
f 337 339 265
f 337 338 339
f 260 298 262
f 260 299 298
f 340 261 341
f 261 262 341
f 262 342 341
f 262 300 342
f 262 298 300
f 340 344 343
f 340 341 344
f 341 342 345
f 341 345 344
f 342 339 345
f 342 263 339
f 342 300 263
f 300 297 263
f 263 265 339
f 345 339 338
f 267 338 270
f 338 267 345
f 344 345 267
f 267 269 344
f 270 272 268
f 270 324 272
f 344 269 343
f 269 273 346
f 269 268 273
f 269 346 343
f 346 273 274
f 1005 1007 596
f 1005 596 819
f 596 1006 1022
f 1007 1006 596
f 1022 821 596
f 1014 1016 828
f 1014 828 821
f 828 1002 1000
f 1016 1002 828
f 829 828 1000
f 971 972 624
f 971 624 623
f 993 622 996
f 993 623 622
f 994 996 860
f 860 996 622
f 860 989 995
f 994 860 995
f 860 990 989
f 615 988 979
f 615 979 978
f 615 872 988
f 976 615 978
f 976 874 615
f 986 984 877
f 984 872 877
f 980 991 875
f 980 875 977
f 874 977 875
f 991 990 860
f 875 991 860
f 819 1004 1003
f 819 1020 1004
f 1003 1005 819
f 1013 821 1015
f 1015 821 1022
f 1013 1012 821
f 1012 1014 821
f 993 992 623
f 992 970 623
f 969 971 623
f 970 969 623
f 983 982 872
f 984 983 872
f 872 982 981
f 872 981 985
f 988 872 985
f 874 975 974
f 874 976 975
f 874 974 973
f 874 973 977
f 959 1008 1010
f 1021 959 1010
f 1008 959 1009
f 959 1011 1009
f 1017 1011 959
f 829 999 1001
f 829 1001 1018
f 829 1000 999
f 987 986 877
f 987 877 997
f 997 876 998
f 997 877 876
f 876 1021 998
f 1021 876 959
f 960 1019 1017
f 959 960 1017
f 1019 960 1018
f 960 829 1018
f 569 570 571
f 572 573 574
f 573 572 575
f 573 577 574
f 573 575 576
f 578 579 580
f 578 580 581
f 578 581 582
f 578 582 583
f 584 578 583
f 578 584 579
f 587 588 589
f 587 589 590
f 587 590 591
f 587 591 592
f 587 592 593
f 587 593 588
f 594 595 596
f 594 596 597
f 594 597 598
f 594 598 599
f 594 599 600
f 594 600 595
f 601 602 603
f 604 605 602
f 601 604 602
f 606 607 608
f 606 608 609
f 606 609 610
f 606 610 611
f 606 611 612
f 606 612 607
f 613 614 615
f 613 615 616
f 613 616 617
f 613 617 618
f 613 618 619
f 613 619 620
f 613 620 614
f 621 622 623
f 621 623 624
f 621 624 625
f 621 625 626
f 621 626 627
f 621 627 628
f 621 628 622
f 629 630 631
f 632 633 634
f 632 635 636
f 632 636 637
f 632 637 633
f 632 634 638
f 632 638 635
f 639 640 641
f 639 641 642
f 639 642 643
f 639 643 644
f 639 644 645
f 639 645 646
f 639 646 640
f 647 648 649
f 647 649 650
f 647 650 651
f 652 648 647
f 653 654 655
f 653 655 656
f 659 660 661
f 659 661 662
f 659 662 663
f 659 663 664
f 668 669 670
f 671 672 673
f 671 673 674
f 671 674 675
f 671 675 676
f 671 676 677
f 678 671 677
f 671 678 672
f 682 683 684
f 682 684 685
f 686 687 688
f 686 688 689
f 690 691 692
f 690 692 693
f 690 693 694
f 690 694 695
f 690 695 696
f 690 696 691
f 697 698 699
f 700 697 699
f 697 700 701
f 697 701 692
f 702 697 692
f 697 702 698
f 703 704 705
f 703 705 706
f 703 706 707
f 708 703 707
f 703 708 709
f 704 703 709
f 710 711 712
f 713 714 715
f 716 713 715
f 717 713 716
f 718 713 717
f 713 718 719
f 713 719 714
f 720 721 722
f 720 722 723
f 720 723 724
f 720 725 721
f 720 724 726
f 720 726 725
f 727 576 728
f 729 727 728
f 729 730 727
f 731 734 735
f 731 736 732
f 736 731 735
f 732 736 737
f 732 737 738
f 733 739 740
f 733 740 734
f 734 740 583
f 734 583 735
f 741 742 738
f 743 742 741
f 738 737 741
f 741 737 744
f 741 744 745
f 741 745 743
f 743 745 746
f 743 746 747
f 748 737 736
f 744 737 748
f 749 745 744
f 750 745 749
f 746 745 750
f 751 744 748
f 749 744 751
f 753 747 746
f 747 753 752
f 746 750 754
f 746 754 753
f 570 752 753
f 570 753 755
f 571 570 755
f 756 571 755
f 757 755 754
f 756 755 757
f 755 753 754
f 756 757 758
f 759 576 575
f 576 759 728
f 577 760 574
f 574 761 762
f 574 762 572
f 723 572 762
f 572 723 722
f 575 572 722
f 575 722 763
f 575 763 759
f 759 764 728
f 759 763 765
f 759 765 764
f 762 761 766
f 762 766 767
f 762 767 723
f 724 723 767
f 722 721 763
f 768 763 721
f 763 768 765
f 729 728 769
f 728 764 769
f 583 582 735
f 583 740 584
f 584 770 579
f 584 740 771
f 584 771 770
f 581 580 772
f 581 772 773
f 581 773 774
f 582 581 774
f 775 580 579
f 580 775 776
f 580 776 772
f 582 774 777
f 582 777 735
f 771 740 739
f 736 735 777
f 579 778 779
f 579 779 775
f 579 770 778
f 771 739 664
f 663 771 664
f 771 663 770
f 654 774 773
f 774 654 780
f 777 774 780
f 778 770 781
f 779 782 776
f 775 779 776
f 770 663 781
f 772 776 783
f 784 772 783
f 773 772 784
f 778 785 786
f 778 786 779
f 778 781 785
f 779 786 782
f 776 782 629
f 776 629 783
f 773 784 787
f 773 787 654
f 777 780 748
f 777 748 736
f 586 789 792
f 790 586 792
f 790 792 791
f 788 793 794
f 788 794 789
f 789 794 795
f 789 795 792
f 792 796 791
f 792 795 797
f 792 797 796
f 791 796 798
f 591 590 799
f 800 588 593
f 590 589 801
f 590 801 802
f 590 802 799
f 799 802 633
f 799 633 637
f 799 637 803
f 799 803 591
f 591 803 804
f 591 804 592
f 593 592 805
f 806 593 805
f 593 806 800
f 592 804 631
f 805 592 631
f 800 689 807
f 800 807 588
f 808 800 806
f 800 808 689
f 588 807 809
f 588 809 589
f 589 809 611
f 589 611 801
f 807 810 811
f 807 811 809
f 807 689 810
f 809 811 612
f 809 612 611
f 801 611 610
f 801 610 812
f 801 812 802
f 802 812 813
f 802 813 633
f 803 637 814
f 803 814 815
f 803 815 804
f 804 815 816
f 804 816 631
f 631 816 629
f 631 630 805
f 805 630 817
f 805 817 806
f 806 817 818
f 806 818 808
f 595 819 596
f 595 679 819
f 595 600 820
f 595 820 679
f 596 821 597
f 822 599 598
f 599 822 823
f 599 823 824
f 599 824 600
f 600 824 825
f 600 825 820
f 598 597 826
f 680 820 681
f 820 680 679
f 820 825 827
f 681 820 827
f 597 821 828
f 597 828 826
f 828 829 830
f 828 830 826
f 826 830 831
f 826 831 832
f 826 832 598
f 598 832 822
f 824 833 834
f 825 824 834
f 825 834 835
f 827 825 835
f 827 835 681
f 823 699 833
f 824 823 833
f 836 832 831
f 832 836 837
f 832 837 822
f 822 837 838
f 822 838 823
f 699 823 838
f 839 601 840
f 601 839 841
f 601 841 604
f 601 603 840
f 604 841 842
f 604 842 843
f 604 843 605
f 844 605 845
f 605 844 602
f 846 605 843
f 846 845 605
f 602 844 847
f 602 847 848
f 603 602 848
f 603 848 849
f 603 849 850
f 603 850 840
f 840 850 851
f 840 851 852
f 840 852 853
f 840 853 839
f 839 853 841
f 853 854 841
f 841 854 855
f 841 855 842
f 842 855 634
f 813 842 634
f 843 842 813
f 812 843 813
f 846 843 812
f 845 856 857
f 845 846 609
f 845 609 856
f 845 857 844
f 844 857 858
f 844 858 847
f 846 812 610
f 846 610 609
f 849 848 847
f 847 626 849
f 847 858 626
f 849 626 625
f 849 625 797
f 849 797 850
f 850 797 795
f 850 795 851
f 853 852 859
f 854 853 859
f 626 858 627
f 607 861 862
f 861 607 612
f 612 811 861
f 861 811 705
f 861 705 704
f 861 704 862
f 607 862 863
f 607 863 608
f 811 810 705
f 609 608 856
f 862 864 865
f 862 865 863
f 862 704 864
f 863 865 866
f 863 866 867
f 608 863 867
f 608 867 618
f 608 618 856
f 867 866 618
f 856 618 617
f 856 617 857
f 618 866 619
f 619 866 620
f 614 620 868
f 620 866 869
f 620 869 868
f 617 616 870
f 617 870 857
f 866 865 869
f 869 710 868
f 614 868 871
f 614 871 872
f 614 872 615
f 865 873 869
f 869 873 710
f 616 615 874
f 616 874 875
f 616 875 870
f 870 875 628
f 870 628 858
f 870 858 857
f 868 876 877
f 868 877 871
f 868 710 876
f 872 871 877
f 622 875 860
f 628 875 622
f 624 798 796
f 625 624 796
f 625 796 797
f 627 858 628
f 629 816 783
f 629 782 630
f 630 782 878
f 630 878 817
f 879 783 816
f 784 783 879
f 782 786 878
f 675 878 676
f 878 675 817
f 878 786 676
f 786 785 676
f 816 815 879
f 817 675 818
f 879 815 640
f 879 640 646
f 879 646 784
f 815 814 640
f 813 634 633
f 634 855 638
f 638 855 880
f 638 880 881
f 635 638 881
f 635 882 883
f 635 883 636
f 635 881 882
f 855 854 880
f 880 854 884
f 880 884 648
f 880 648 881
f 881 648 885
f 882 881 885
f 882 886 887
f 882 887 883
f 882 885 886
f 636 883 641
f 636 641 814
f 636 814 637
f 883 887 642
f 883 642 641
f 814 641 640
f 888 889 890
f 889 888 891
f 889 891 793
f 888 852 891
f 888 890 650
f 888 650 859
f 888 859 852
f 851 891 852
f 794 891 851
f 891 794 793
f 890 651 650
f 851 795 794
f 859 650 884
f 859 884 854
f 650 649 884
f 769 643 642
f 643 769 764
f 643 764 892
f 643 892 644
f 645 644 892
f 642 887 769
f 887 886 729
f 887 729 769
f 645 892 893
f 645 893 655
f 645 655 787
f 645 787 646
f 764 765 892
f 892 765 893
f 646 787 784
f 893 765 768
f 893 768 656
f 893 656 655
f 787 655 654
f 652 894 885
f 652 885 648
f 648 884 649
f 730 886 894
f 885 894 886
f 895 653 656
f 751 653 895
f 780 653 751
f 653 780 654
f 656 768 896
f 656 896 895
f 780 751 748
f 895 749 751
f 895 896 897
f 749 895 897
f 898 897 725
f 750 897 898
f 897 750 749
f 725 897 896
f 721 896 768
f 896 721 725
f 658 657 900
f 658 900 901
f 657 902 903
f 657 903 900
f 904 906 903
f 902 904 903
f 907 900 908
f 900 907 901
f 908 900 903
f 904 909 906
f 903 906 670
f 908 903 670
f 910 901 907
f 905 901 910
f 663 662 781
f 661 911 781
f 662 661 781
f 660 905 912
f 660 912 661
f 912 913 911
f 661 912 911
f 785 781 911
f 905 910 912
f 912 910 913
f 677 911 913
f 677 785 911
f 915 916 666
f 916 915 917
f 667 916 917
f 667 666 916
f 666 665 918
f 666 918 919
f 666 919 915
f 917 909 667
f 668 917 915
f 917 668 906
f 909 917 906
f 918 920 921
f 919 918 921
f 919 921 915
f 665 922 918
f 918 922 920
f 922 682 920
f 923 915 921
f 915 923 668
f 924 670 669
f 908 670 924
f 670 906 668
f 669 668 923
f 669 923 925
f 669 925 926
f 669 926 927
f 669 927 924
f 908 924 928
f 908 928 907
f 924 927 929
f 924 929 928
f 923 921 930
f 925 923 930
f 695 925 930
f 925 931 926
f 931 925 695
f 927 926 931
f 927 931 932
f 927 932 929
f 929 932 933
f 928 934 935
f 928 935 907
f 934 928 929
f 934 929 933
f 672 678 934
f 913 678 677
f 678 913 936
f 678 936 934
f 675 674 818
f 673 937 818
f 674 673 818
f 672 933 938
f 672 938 673
f 672 934 933
f 936 910 907
f 935 936 907
f 936 935 934
f 936 913 910
f 677 676 785
f 673 938 937
f 818 937 808
f 933 932 939
f 933 939 938
f 938 939 940
f 938 940 937
f 937 940 686
f 937 686 808
f 681 835 941
f 942 941 835
f 941 942 943
f 835 834 944
f 835 944 942
f 920 682 685
f 914 684 683
f 684 914 718
f 684 718 945
f 684 945 685
f 920 685 946
f 921 920 946
f 685 945 947
f 685 947 946
f 914 719 718
f 717 945 718
f 717 948 945
f 947 945 948
f 946 947 696
f 946 696 930
f 946 930 921
f 947 948 691
f 696 947 691
f 808 686 689
f 686 940 687
f 949 687 950
f 949 688 687
f 687 940 951
f 687 951 950
f 688 949 706
f 688 706 810
f 688 810 689
f 951 940 939
f 951 939 952
f 953 951 952
f 951 953 950
f 939 932 952
f 954 950 955
f 954 949 950
f 950 953 955
f 949 954 707
f 949 707 706
f 810 706 705
f 696 695 930
f 931 695 694
f 693 701 955
f 956 693 955
f 956 955 953
f 694 956 953
f 694 693 956
f 693 692 701
f 694 953 952
f 694 952 931
f 931 952 932
f 691 948 702
f 691 702 692
f 957 701 700
f 955 701 957
f 948 717 958
f 948 958 702
f 702 958 698
f 955 957 954
f 959 876 712
f 960 959 712
f 698 961 833
f 699 698 833
f 698 958 961
f 699 838 700
f 700 838 962
f 700 962 957
f 833 961 834
f 958 716 961
f 958 717 716
f 838 837 962
f 962 963 964
f 962 964 957
f 963 962 837
f 957 964 954
f 961 944 834
f 961 716 944
f 704 709 864
f 708 963 965
f 708 965 709
f 964 708 707
f 708 964 963
f 709 965 966
f 709 966 864
f 707 954 964
f 963 837 836
f 963 836 965
f 965 836 967
f 965 967 966
f 864 966 873
f 864 873 865
f 966 967 711
f 966 711 873
f 710 712 876
f 710 873 711
f 711 968 712
f 711 967 968
f 968 830 960
f 968 960 712
f 968 967 831
f 968 831 830
f 960 830 829
f 831 967 836
f 715 944 716
f 944 715 942
f 899 724 767
f 726 724 758
f 724 899 758
f 726 898 725
f 726 758 757
f 726 757 898
f 754 898 757
f 898 754 750
f 729 886 730
f 1552 1551 1023
f 1553 1552 1023
f 1554 1553 1023
f 1555 1554 1024
f 1554 1023 1024
f 1024 1556 1555
f 1567 1566 1025
f 1025 1566 1026
f 1026 1566 1565
f 1568 1567 1025
f 1564 1563 1565
f 1562 1026 1563
f 1563 1026 1565
f 1027 1448 1445
f 1027 1452 1448
f 1448 1452 1449
f 1027 1368 1452
f 1027 1367 1368
f 1027 1369 1367
f 1370 1369 1028
f 1028 1369 1027
f 1375 1370 1028
f 1883 1881 1882
f 1883 1030 1881
f 1881 1030 1029
f 1876 1875 1883
f 1031 1883 1875
f 1883 1031 1030
f 1958 1965 1053
f 1958 1053 1957
f 1965 1963 1053
f 1964 1053 1963
f 1952 1054 1951
f 1951 1054 1053
f 1964 1951 1053
f 1056 1955 1956
f 1957 1056 1956
f 1957 1053 1056
f 1723 1132 1722
f 1730 1132 1723
f 1133 1132 1730
f 1727 1728 1730
f 1730 1728 1133
f 1711 1712 1134
f 1709 1710 1134
f 1710 1711 1134
f 1142 1615 1616
f 1142 1616 1617
f 1142 1658 1615
f 1618 1143 1617
f 1143 1142 1617
f 1144 1624 1625
f 1143 1618 1619
f 1143 1619 1621
f 1143 1621 1624
f 1143 1624 1144
f 1549 1023 1548
f 1549 1550 1023
f 1023 1551 1548
f 1550 1547 1150
f 1547 1546 1150
f 1550 1150 1023
f 1024 1557 1556
f 1557 1024 1153
f 1557 1153 1558
f 1561 1560 1559
f 1558 1153 1559
f 1153 1561 1559
f 1544 1543 1154
f 1544 1154 1545
f 1150 1546 1545
f 1150 1545 1154
f 1153 1562 1561
f 1153 1026 1562
f 1572 1160 1571
f 1572 1576 1160
f 1576 1025 1160
f 1570 1025 1577
f 1576 1577 1025
f 1569 1025 1570
f 1568 1025 1569
f 1160 1573 1571
f 1573 1162 1574
f 1573 1160 1162
f 1162 1575 1574
f 1162 1578 1575
f 1578 1162 1163
f 1760 1761 1163
f 1767 1163 1768
f 1768 1163 1770
f 1770 1163 1776
f 1776 1163 1780
f 1760 1163 1767
f 1163 1761 1578
f 1814 1164 1813
f 1164 1825 1813
f 1826 1825 1164
f 1827 1826 1164
f 1827 1165 1828
f 1827 1164 1165
f 1828 1165 1833
f 1834 1833 1165
f 1836 1834 1166
f 1834 1165 1166
f 1835 1836 1166
f 1843 1835 1166
f 1844 1843 1847
f 1847 1843 1166
f 1779 1780 1778
f 1163 1778 1780
f 1775 1778 1774
f 1777 1778 1775
f 1778 1163 1774
f 1781 1782 1777
f 1783 1784 1782
f 1781 1783 1782
f 1782 1784 1786
f 1775 1781 1777
f 1446 1027 1445
f 1446 1415 1416
f 1446 1416 1427
f 1027 1446 1427
f 1424 1167 1426
f 1447 1417 1415
f 1447 1167 1424
f 1417 1447 1424
f 1447 1415 1446
f 1411 1412 1167
f 1412 1425 1167
f 1425 1426 1167
f 1447 1442 1167
f 1442 1441 1167
f 1438 1439 1413
f 1411 1438 1413
f 1441 1438 1167
f 1438 1411 1167
f 1436 1428 1414
f 1422 1428 1436
f 1435 1436 1413
f 1436 1414 1413
f 1436 1421 1422
f 1440 1421 1436
f 1435 1439 1437
f 1413 1439 1435
f 1536 1535 1168
f 1537 1536 1168
f 1538 1537 1169
f 1537 1168 1169
f 1539 1538 1169
f 1539 1169 1540
f 1170 1459 1458
f 1459 1170 1460
f 1461 1168 1462
f 1168 1461 1170
f 1170 1461 1460
f 1168 1535 1462
f 1541 1540 1169
f 1541 1169 1542
f 1542 1169 1154
f 1543 1542 1154
f 1389 1388 1174
f 1457 1389 1174
f 1458 1457 1174
f 1458 1174 1170
f 1449 1451 1450
f 1449 1452 1451
f 1028 1357 1358
f 1357 1028 1394
f 1028 1027 1394
f 1355 1028 1354
f 1028 1358 1354
f 1355 1392 1028
f 1392 1176 1028
f 1375 1028 1376
f 1028 1178 1376
f 1178 1377 1376
f 1377 1178 1385
f 1384 1385 1453
f 1385 1178 1453
f 1178 1386 1387
f 1386 1178 1388
f 1453 1178 1387
f 1388 1178 1174
f 1455 1444 1456
f 1443 1444 1455
f 1029 1898 1897
f 1896 1029 1897
f 1877 1029 1896
f 1877 1878 1029
f 1881 1029 1878
f 1967 1968 1898
f 1181 1967 1898
f 1029 1181 1898
f 1869 1182 1870
f 1031 1871 1870
f 1031 1875 1871
f 1031 1870 1182
f 1966 1967 1181
f 1966 1181 1187
f 1966 1959 1960
f 1187 1959 1966
f 1187 1962 1959
f 1855 1190 1861
f 1855 1848 1190
f 1861 1863 1862
f 1861 1869 1863
f 1190 1869 1861
f 1190 1182 1869
f 1847 1190 1848
f 1190 1847 1166
f 1852 1033 1854
f 1850 1033 1852
f 1033 1850 1851
f 1033 1851 1853
f 1943 1035 1941
f 1035 1033 1941
f 1033 1853 1941
f 1944 1035 1943
f 1942 1854 1034
f 1999 1942 1034
f 1854 1033 1034
f 1945 1035 1944
f 1946 1035 1945
f 1195 1035 1946
f 1195 1946 1947
f 1195 1947 1948
f 1202 1998 1999
f 1202 1999 1034
f 1949 1195 1948
f 1950 1955 1195
f 1950 1195 1949
f 1056 1195 1955
f 2023 1995 1209
f 1202 1209 1995
f 1202 1995 1996
f 1202 1996 1997
f 1202 1997 1998
f 1954 1054 1953
f 1954 1961 1054
f 1054 1952 1953
f 1962 1187 1961
f 1054 1961 1187
f 1991 1251 1994
f 1983 1984 1251
f 1251 1984 1994
f 1982 1983 1233
f 1233 1983 1251
f 1985 1981 1233
f 1985 1233 1236
f 1982 1233 1981
f 1235 1975 1976
f 1236 1235 1976
f 1974 1975 1235
f 1974 1235 1252
f 1224 1992 1993
f 1225 1224 1993
f 1224 1991 1992
f 1251 1991 1224
f 1972 1077 1971
f 1252 1077 1972
f 1077 1970 1971
f 1077 1076 1970
f 1075 1932 1938
f 1931 1932 1075
f 1076 1075 1938
f 1075 1930 1931
f 1930 1075 1255
f 1934 1935 1259
f 1259 1935 1255
f 1258 1922 1923
f 1924 1259 1923
f 1923 1259 1258
f 1163 1763 1764
f 1163 1534 1763
f 1532 1533 1162
f 1163 1162 1534
f 1162 1533 1534
f 1209 2020 2021
f 1283 2019 2020
f 1209 1283 2020
f 1209 2022 2023
f 2021 2022 1209
f 2017 1283 2016
f 1283 1285 2016
f 1285 2015 2016
f 1285 2014 2015
f 2017 2018 1283
f 1283 2018 2019
f 2013 2014 1285
f 2009 2011 1286
f 1286 2011 2012
f 1286 2012 1285
f 2012 2013 1285
f 1286 2008 2009
f 1287 2033 2034
f 2010 1287 2034
f 2010 2008 1286
f 2010 1286 1287
f 2032 2033 1287
f 2097 1289 2098
f 2098 1289 2099
f 2099 1290 2100
f 1289 1290 2099
f 2093 1291 2094
f 2096 2095 1291
f 1291 2095 2094
f 2096 1289 2097
f 1289 2096 1291
f 1294 2091 2090
f 2091 1294 2092
f 2093 2092 1294
f 2093 1294 1291
f 2068 2067 1304
f 2068 1304 1305
f 1294 2090 2089
f 1305 1294 2089
f 2088 1305 2089
f 2088 2068 1305
f 1307 2063 2062
f 1307 2064 2063
f 1308 2062 2061
f 2062 1308 1307
f 1307 2065 2064
f 1307 1304 2065
f 1304 2066 2065
f 1304 2067 2066
f 2054 1308 2055
f 2054 2053 1308
f 1308 2056 2055
f 1308 2058 2057
f 2057 2056 1308
f 2061 2060 1308
f 2059 2058 1308
f 2060 2059 1308
f 2127 2128 1108
f 1110 1108 2128
f 2126 2127 1108
f 1309 2126 1108
f 2134 2135 1109
f 1109 2135 1310
f 2134 1109 2133
f 1110 2133 1109
f 2105 1292 2106
f 1311 2106 1292
f 2116 2115 1311
f 2116 1310 2117
f 2116 1311 1310
f 2115 2114 1311
f 1311 2114 2107
f 2106 1311 2107
f 1310 2118 2117
f 1124 2122 2123
f 1124 2123 1309
f 2082 1117 2081
f 2082 1313 1117
f 2081 1117 2080
f 1117 1116 2080
f 2075 2076 1115
f 2076 1116 1115
f 1115 2077 2075
f 1115 1254 2077
f 2085 2086 1316
f 2085 1316 1313
f 2113 2108 1122
f 1122 2108 1123
f 2108 2109 1123
f 1122 2087 2113
f 2124 2122 1124
f 1123 2124 1124
f 2086 2087 1316
f 1316 2087 1122
f 1697 1696 1322
f 1697 1322 1698
f 1698 1322 1699
f 1699 1322 1702
f 1702 1322 1703
f 1322 1320 1703
f 1320 1704 1703
f 1706 1700 1701
f 1320 1700 1706
f 1700 1320 1322
f 1718 1716 1324
f 1321 1324 1716
f 1720 1324 1724
f 1718 1324 1719
f 1719 1324 1720
f 1320 1707 1708
f 1320 1706 1707
f 1320 1708 1709
f 1320 1709 1134
f 1685 1684 1325
f 1686 1685 1325
f 1689 1686 1325
f 1696 1693 1322
f 1325 1690 1689
f 1322 1693 1690
f 1322 1690 1325
f 1691 1692 1322
f 1692 1694 1322
f 1691 1322 1325
f 1322 1695 1700
f 1694 1695 1322
f 1734 1733 1326
f 1734 1326 1736
f 1737 1736 1326
f 1737 1326 1327
f 1737 1327 1741
f 1749 1327 1765
f 1742 1741 1327
f 1742 1327 1743
f 1748 1747 1327
f 1743 1327 1747
f 1749 1748 1327
f 1731 1726 1326
f 1732 1731 1326
f 1326 1726 1324
f 1732 1326 1733
f 1324 1725 1724
f 1324 1726 1725
f 1766 1765 1330
f 1327 1330 1765
f 2042 1766 1330
f 2043 2042 1330
f 2044 2043 1330
f 1722 1132 1721
f 1132 1323 1721
f 1714 1323 1713
f 1714 1715 1721
f 1323 1714 1721
f 1133 1728 1729
f 1735 1133 1729
f 1735 1738 1133
f 1739 1331 1738
f 1331 1133 1738
f 1323 1712 1713
f 1323 1134 1712
f 1744 1745 1332
f 1744 1332 1746
f 1745 1750 1332
f 1331 1740 1746
f 1739 1740 1331
f 1332 1331 1746
f 1688 1325 1687
f 1691 1325 1688
f 1752 1332 1751
f 1752 1333 1332
f 1750 1751 1332
f 1333 1752 1753
f 1333 1762 2038
f 2039 1333 2038
f 1762 1333 1753
f 2039 1336 1333
f 2047 2046 1335
f 1335 2046 2045
f 2048 2047 1335
f 2045 1330 1335
f 2044 1330 2045
f 1308 2053 2052
f 1308 2052 1335
f 2049 1335 2050
f 2050 1335 2051
f 2051 1335 2052
f 2049 2048 1335
f 1336 2039 2040
f 1336 2040 2041
f 2024 2025 1336
f 1145 2025 2026
f 1145 1336 2025
f 2024 1336 2041
f 2036 1147 2035
f 2028 2029 1147
f 1147 2029 2035
f 1145 2027 2028
f 1145 2026 2027
f 1147 1145 2028
f 1589 1590 1585
f 1581 1588 1579
f 1579 1588 1586
f 1586 1588 1589
f 1586 1589 1585
f 1587 1591 1584
f 1587 1585 1590
f 1584 1591 1583
f 1591 1587 1590
f 1591 1337 1583
f 1592 1337 1591
f 1652 1337 1592
f 1644 1337 1651
f 1582 1337 1644
f 1337 1582 1583
f 1657 1658 1142
f 1338 1659 1657
f 1338 1657 1142
f 1655 1656 1338
f 1656 1659 1338
f 1653 1654 1338
f 1654 1655 1338
f 1638 1338 1639
f 1641 1639 1338
f 1641 1338 1339
f 1633 1337 1638
f 1633 1634 1337
f 1638 1337 1338
f 1337 1634 1651
f 1337 1652 1653
f 1337 1653 1338
f 1603 1599 1600
f 1598 1599 1603
f 1601 1604 1600
f 1597 1603 1602
f 1600 1604 1603
f 1601 1605 1604
f 1601 1341 1605
f 1597 1602 1596
f 1598 1603 1597
f 1341 1606 1605
f 1342 1606 1341
f 1606 1342 1607
f 1636 1637 1340
f 1636 1340 1341
f 1637 1645 1340
f 1608 1607 1343
f 1608 1343 1609
f 1607 1342 1343
f 1677 1344 1678
f 1344 1681 1678
f 1344 1683 1681
f 1684 1683 1344
f 1684 1344 1325
f 1668 1345 1673
f 1665 1345 1668
f 1673 1345 1675
f 1665 1664 1345
f 1676 1344 1677
f 1676 1675 1345
f 1344 1676 1345
f 1345 1672 1674
f 1345 1674 1344
f 1344 1674 1679
f 1345 1670 1672
f 1682 1687 1325
f 1682 1325 1344
f 1680 1344 1679
f 1680 1682 1344
f 1346 1627 1626
f 1346 1628 1627
f 1346 1629 1628
f 1346 1630 1629
f 1663 1345 1664
f 1663 1630 1346
f 1345 1663 1346
f 1670 1345 1669
f 1347 1669 1345
f 1343 1611 1610
f 1609 1343 1610
f 1343 1348 1611
f 1348 1613 1612
f 1611 1348 1612
f 1348 1622 1620
f 1348 1620 1614
f 1613 1348 1614
f 1623 1622 1346
f 1626 1623 1346
f 1622 1348 1346
f 1662 1666 1347
f 1662 1347 1661
f 1347 1667 1671
f 1347 1666 1667
f 1347 1671 1669
f 1144 1625 1660
f 1144 1660 1347
f 1660 1661 1347
f 1631 1340 1645
f 1340 1632 1648
f 1631 1632 1340
f 1339 1340 1648
f 2031 1287 2030
f 1287 2031 2032
f 2030 1147 2037
f 1287 1147 2030
f 2037 1147 2036
f 1396 1027 1395
f 1397 1027 1396
f 1027 1397 1398
f 1393 1027 1398
f 1394 1027 1393
f 1027 1427 1390
f 1395 1027 1391
f 1027 1390 1391
f 1440 1420 1421
f 1420 1440 1419
f 1433 1419 1440
f 1431 1419 1433
f 1409 1410 1430
f 1454 1409 1443
f 1431 1432 1434
f 1455 1454 1443
f 1419 1434 1418
f 1410 1423 1429
f 1409 1430 1443
f 1410 1429 1430
f 1434 1429 1423
f 1418 1434 1423
f 1431 1434 1419
f 1176 1360 1359
f 1392 1360 1176
f 1351 1352 1176
f 1351 1176 1356
f 1356 1176 1359
f 1579 1580 1581
f 1593 1594 1341
f 1595 1593 1341
f 1635 1341 1594
f 1601 1595 1341
f 1636 1341 1635
f 1647 1339 1646
f 1647 1650 1339
f 1646 1339 1648
f 1650 1649 1339
f 1339 1642 1643
f 1649 1642 1339
f 1640 1641 1339
f 1643 1640 1339
f 1236 1987 1986
f 1236 1986 1985
f 1978 1987 1236
f 1976 1978 1236
f 1252 1979 1980
f 1252 1977 1974
f 1977 1252 1980
f 1973 1252 1972
f 1979 1252 1973
f 2007 2006 1253
f 2007 1253 2004
f 2005 2003 1225
f 2004 1225 2003
f 2004 1253 1225
f 1225 1989 1990
f 1225 1990 2005
f 1225 1993 1988
f 1225 1988 1989
f 2069 1254 2001
f 2077 1254 2070
f 1254 2069 2070
f 2006 2002 1253
f 1253 2002 2000
f 1253 2000 1254
f 2000 2001 1254
f 1940 1076 1939
f 1970 1076 1969
f 1969 1076 1940
f 1076 1938 1939
f 1937 1933 1255
f 1933 1930 1255
f 1255 1935 1937
f 1110 2129 2130
f 2131 1110 2130
f 2132 1110 2131
f 2136 2133 1110
f 1110 2132 2136
f 1110 2128 2129
f 2120 1309 2125
f 1309 2121 2126
f 2120 2121 1309
f 2125 1309 2123
f 2139 2137 1310
f 2137 2119 2118
f 2137 2118 1310
f 1310 2138 2139
f 1310 2135 2138
f 2072 2073 1116
f 2074 2080 1116
f 2073 2074 1116
f 2076 2071 1116
f 2071 2072 1116
f 2084 1313 2083
f 2078 2079 1313
f 1313 2079 2085
f 2084 2078 1313
f 1313 2082 2083
f 2109 2112 1123
f 2112 2110 1123
f 1123 2111 2124
f 2110 2111 1123
f 1800 1802 1803
f 1803 1801 1800
f 1803 1810 1801
f 1801 1810 1804
f 1797 1791 1792
f 1796 1790 1791
f 1796 1795 1790
f 1797 1796 1791
f 1799 1797 1792
f 1799 1798 1797
f 1802 1800 1798
f 1799 1802 1798
f 1811 1812 1806
f 1805 1804 1811
f 1804 1810 1811
f 1805 1811 1806
f 1812 1818 1806
f 1818 1807 1806
f 1808 1807 1818
f 1808 1818 1819
f 1822 1823 1164
f 1814 1817 1820
f 1815 1816 1817
f 1809 1819 1816
f 1815 1809 1816
f 1814 1815 1817
f 1808 1819 1809
f 1164 1814 1820
f 1164 1821 1822
f 1164 1820 1821
f 1164 1824 1829
f 1164 1823 1824
f 1829 1830 1164
f 1164 1830 1831
f 1831 1832 1164
f 1165 1832 1837
f 1165 1164 1832
f 1793 1787 1794
f 1790 1795 1794
f 1788 1794 1787
f 1790 1794 1788
f 1787 1789 1785
f 1784 1785 1786
f 1793 1789 1787
f 1786 1785 1789
f 1365 1176 1364
f 1365 1366 1176
f 1176 1366 1399
f 1399 1400 1176
f 1177 1371 1372
f 1371 1176 1400
f 1373 1177 1372
f 1176 1371 1177
f 1374 1177 1373
f 1374 1378 1177
f 1177 1379 1380
f 1177 1378 1379
f 1383 1401 1179
f 1382 1177 1381
f 1382 1383 1177
f 1177 1383 1179
f 1380 1381 1177
f 1892 1183 1884
f 1183 1880 1884
f 1183 1879 1880
f 1893 1183 1892
f 1183 1893 1885
f 1885 1184 1183
f 1886 1184 1885
f 1189 1872 1873
f 1874 1189 1873
f 1879 1183 1874
f 1874 1183 1189
f 1886 1887 1184
f 1887 1888 1184
f 1184 1889 1890
f 1184 1888 1889
f 1891 1184 1890
f 1895 1899 1191
f 1891 1894 1184
f 1894 1895 1191
f 1900 1901 1191
f 1899 1900 1191
f 1901 1902 1191
f 1894 1191 1184
f 1902 1903 1191
f 1191 1903 1904
f 1858 1859 1194
f 1864 1194 1860
f 1865 1866 1189
f 1189 1866 1867
f 1864 1865 1189
f 1864 1189 1194
f 1860 1194 1859
f 1868 1189 1867
f 1868 1872 1189
f 1856 1194 1849
f 1856 1857 1194
f 1194 1857 1858
f 1165 1840 1841
f 1845 1165 1842
f 1845 1194 1165
f 1846 1194 1845
f 1842 1165 1841
f 1846 1849 1194
f 1165 1837 1838
f 1839 1840 1165
f 1839 1165 1838
f 1191 1904 1905
f 1908 1260 1907
f 1909 1910 1260
f 1910 1911 1260
f 1909 1260 1908
f 1912 1260 1911
f 1906 1191 1905
f 1907 1260 1906
f 1906 1260 1191
f 1916 1917 1257
f 1260 1912 1913
f 1913 1914 1260
f 1914 1915 1260
f 1915 1257 1260
f 1257 1915 1916
f 1921 1258 1920
f 1921 1922 1258
f 1925 1259 1924
f 1917 1918 1257
f 1258 1919 1920
f 1257 1918 1919
f 1258 1257 1919
f 1925 1926 1259
f 1936 1934 1928
f 1928 1934 1927
f 1926 1927 1259
f 1934 1259 1927
f 1155 1495 1496
f 1156 1504 1505
f 1156 1503 1504
f 1156 1500 1501
f 1156 1502 1503
f 1156 1501 1502
f 1155 1496 1497
f 1155 1497 1498
f 1156 1498 1499
f 1156 1499 1500
f 1155 1498 1156
f 1510 1157 1509
f 1156 1505 1506
f 1509 1157 1508
f 1508 1157 1507
f 1506 1507 1156
f 1157 1156 1507
f 1487 1173 1486
f 1173 1484 1485
f 1486 1173 1485
f 1489 1173 1488
f 1488 1173 1487
f 1491 1173 1490
f 1492 1493 1155
f 1491 1155 1173
f 1493 1494 1155
f 1492 1155 1491
f 1495 1155 1494
f 1490 1173 1489
f 1158 1515 1516
f 1518 1158 1517
f 1517 1158 1516
f 1519 1158 1518
f 1157 1510 1511
f 1512 1157 1511
f 1513 1158 1512
f 1158 1157 1512
f 1514 1158 1513
f 1515 1158 1514
f 1161 1523 1524
f 1526 1161 1525
f 1525 1161 1524
f 1523 1161 1522
f 1520 1521 1158
f 1520 1158 1519
f 1521 1161 1158
f 1522 1161 1521
f 1162 1529 1530
f 1162 1530 1531
f 1162 1531 1532
f 1526 1527 1161
f 1528 1162 1527
f 1162 1161 1527
f 1529 1162 1528
f 1771 1163 1769
f 1163 1764 1769
f 1772 1163 1771
f 1773 1163 1772
f 1774 1163 1773
f 1403 1179 1402
f 1179 1401 1402
f 1463 1175 1408
f 1405 1179 1404
f 1179 1403 1404
f 1175 1407 1408
f 1179 1406 1407
f 1405 1406 1179
f 1175 1179 1407
f 1470 1171 1469
f 1463 1464 1175
f 1175 1464 1465
f 1175 1465 1466
f 1175 1466 1467
f 1175 1467 1171
f 1467 1468 1171
f 1468 1469 1171
f 1172 1480 1481
f 1478 1479 1172
f 1479 1480 1172
f 1478 1172 1477
f 1172 1481 1482
f 1173 1483 1484
f 1172 1482 1483
f 1173 1172 1483
f 1171 1471 1472
f 1470 1471 1171
f 1475 1171 1474
f 1476 1172 1475
f 1171 1473 1474
f 1171 1472 1473
f 1172 1171 1475
f 1477 1172 1476
f 1364 1176 1363
f 1363 1176 1362
f 1361 1352 1353
f 1361 1362 1176
f 1361 1176 1352
f 1928 1929 1936
f 2100 1290 2101
f 2101 1290 2102
f 2103 2102 1290
f 2103 1290 2104
f 1290 1292 2104
f 2105 2104 1292
f 1756 1755 1320
f 1757 1756 1320
f 1757 1320 1321
f 1759 1758 1321
f 1717 1759 1321
f 1716 1717 1321
f 1758 1757 1321
f 1754 1320 1755
f 1704 1320 1705
f 1320 1754 1705
f 1034 1033 1032
f 1035 1032 1033
f 1035 1036 1032
f 1036 1037 1032
f 1037 1038 1032
f 1038 1034 1032
f 1041 1040 1039
f 1040 1042 1039
f 1042 1043 1039
f 1043 1044 1039
f 1044 1045 1039
f 1045 1041 1039
f 1048 1047 1046
f 1047 1049 1046
f 1049 1050 1046
f 1050 1051 1046
f 1051 1052 1046
f 1052 1048 1046
f 1054 1055 1053
f 1055 1056 1053
f 1059 1058 1057
f 1058 1060 1057
f 1060 1061 1057
f 1061 1062 1057
f 1062 1063 1057
f 1063 1059 1057
f 1066 1065 1064
f 1067 1064 1065
f 1067 1068 1064
f 1068 1069 1064
f 1069 1070 1064
f 1070 1066 1064
f 1073 1072 1071
f 1074 1072 1073
f 1074 1075 1072
f 1075 1076 1072
f 1076 1077 1072
f 1077 1071 1072
f 1080 1079 1078
f 1079 1081 1078
f 1081 1082 1078
f 1082 1083 1078
f 1083 1084 1078
f 1084 1080 1078
f 1087 1086 1085
f 1086 1088 1085
f 1085 1090 1089
f 1085 1088 1090
f 1093 1092 1091
f 1092 1094 1091
f 1094 1095 1091
f 1095 1096 1091
f 1096 1097 1091
f 1097 1093 1091
f 1100 1099 1098
f 1099 1101 1098
f 1101 1102 1098
f 1102 1103 1098
f 1103 1104 1098
f 1104 1100 1098
f 1107 1106 1105
f 1106 1108 1105
f 1105 1110 1109
f 1105 1108 1110
f 1113 1112 1111
f 1112 1114 1111
f 1114 1115 1111
f 1116 1111 1115
f 1111 1116 1117
f 1113 1111 1117
f 1120 1119 1118
f 1119 1121 1118
f 1121 1122 1118
f 1122 1123 1118
f 1123 1124 1118
f 1124 1120 1118
f 1127 1126 1125
f 1126 1128 1125
f 1128 1129 1125
f 1129 1130 1125
f 1130 1131 1125
f 1125 1131 1127
f 1137 1136 1135
f 1136 1138 1135
f 1138 1139 1135
f 1139 1140 1135
f 1140 1141 1135
f 1141 1137 1135
f 1147 1146 1145
f 1145 1149 1148
f 1145 1146 1149
f 1030 1180 1029
f 1180 1181 1029
f 1182 1183 1031
f 1183 1184 1031
f 1184 1185 1031
f 1185 1030 1031
f 1185 1186 1030
f 1186 1180 1030
f 1186 1060 1180
f 1058 1180 1060
f 1058 1181 1180
f 1058 1188 1181
f 1188 1187 1181
f 1190 1189 1182
f 1189 1183 1182
f 1191 1185 1184
f 1192 1185 1191
f 1186 1185 1192
f 1193 1186 1192
f 1060 1186 1193
f 1166 1194 1190
f 1194 1189 1190
f 1195 1036 1035
f 1197 1196 1038
f 1198 1038 1196
f 1198 1034 1038
f 1199 1037 1036
f 1199 1200 1037
f 1200 1197 1037
f 1197 1038 1037
f 1195 1201 1036
f 1201 1199 1036
f 1198 1202 1034
f 1056 1201 1195
f 1086 1202 1198
f 1200 1203 1197
f 1203 1204 1197
f 1204 1196 1197
f 1198 1196 1088
f 1204 1205 1196
f 1205 1088 1196
f 1088 1086 1198
f 1206 1201 1056
f 1206 1207 1201
f 1207 1199 1201
f 1207 1208 1199
f 1208 1200 1199
f 1208 1040 1200
f 1040 1203 1200
f 1086 1209 1202
f 1042 1040 1208
f 1041 1203 1040
f 1208 1210 1042
f 1210 1211 1042
f 1211 1043 1042
f 1212 1041 1045
f 1213 1044 1043
f 1213 1214 1044
f 1214 1215 1044
f 1215 1045 1044
f 1211 1216 1043
f 1216 1213 1043
f 1215 1217 1045
f 1217 1212 1045
f 1204 1203 1218
f 1218 1203 1041
f 1207 1210 1208
f 1212 1218 1041
f 1207 1219 1210
f 1048 1210 1219
f 1211 1210 1048
f 1048 1052 1211
f 1052 1216 1211
f 1068 1218 1212
f 1214 1220 1215
f 1220 1221 1215
f 1221 1217 1215
f 1212 1217 1222
f 1221 1114 1217
f 1114 1222 1217
f 1222 1068 1212
f 1223 1213 1216
f 1223 1224 1213
f 1224 1214 1213
f 1224 1225 1214
f 1225 1220 1214
f 1052 1226 1216
f 1226 1223 1216
f 1067 1204 1218
f 1068 1067 1218
f 1219 1227 1047
f 1227 1228 1047
f 1219 1047 1048
f 1228 1049 1047
f 1059 1049 1228
f 1059 1063 1049
f 1063 1050 1049
f 1063 1229 1050
f 1229 1230 1050
f 1230 1051 1050
f 1230 1231 1051
f 1231 1226 1051
f 1226 1052 1051
f 1227 1232 1228
f 1232 1188 1228
f 1059 1228 1188
f 1188 1058 1059
f 1062 1229 1063
f 1231 1233 1226
f 1233 1223 1226
f 1234 1230 1229
f 1234 1235 1230
f 1235 1231 1230
f 1235 1236 1231
f 1236 1233 1231
f 1062 1071 1229
f 1071 1234 1229
f 1207 1206 1219
f 1206 1227 1219
f 1206 1055 1227
f 1055 1232 1227
f 1187 1232 1054
f 1232 1055 1054
f 1056 1055 1206
f 1188 1232 1187
f 1193 1061 1060
f 1193 1237 1061
f 1237 1073 1061
f 1073 1062 1061
f 1073 1071 1062
f 1192 1238 1193
f 1238 1237 1193
f 1077 1234 1071
f 1238 1239 1237
f 1239 1074 1237
f 1074 1073 1237
f 1240 1090 1065
f 1090 1205 1065
f 1067 1065 1205
f 1066 1240 1065
f 1205 1204 1067
f 1241 1066 1070
f 1222 1069 1068
f 1222 1112 1069
f 1112 1242 1069
f 1242 1070 1069
f 1242 1243 1070
f 1243 1241 1070
f 1090 1088 1205
f 1244 1240 1066
f 1241 1244 1066
f 1245 1244 1241
f 1112 1113 1242
f 1113 1246 1242
f 1246 1243 1242
f 1241 1243 1247
f 1246 1248 1243
f 1248 1247 1243
f 1247 1245 1241
f 1114 1112 1222
f 1250 1249 1244
f 1240 1244 1249
f 1245 1250 1244
f 1249 1089 1240
f 1089 1090 1240
f 1254 1220 1253
f 1220 1225 1253
f 1256 1074 1239
f 1256 1075 1074
f 1252 1234 1077
f 1252 1235 1234
f 1239 1238 1257
f 1258 1256 1239
f 1258 1259 1256
f 1259 1255 1256
f 1255 1075 1256
f 1257 1258 1239
f 1165 1194 1166
f 1192 1191 1260
f 1257 1238 1260
f 1238 1192 1260
f 1261 1081 1079
f 1261 1262 1081
f 1262 1263 1081
f 1263 1082 1081
f 1102 1080 1084
f 1263 1264 1082
f 1264 1128 1082
f 1128 1083 1082
f 1128 1126 1083
f 1126 1265 1083
f 1265 1266 1083
f 1266 1084 1083
f 1266 1267 1084
f 1267 1102 1084
f 1269 1268 1079
f 1268 1261 1079
f 1080 1269 1079
f 1268 1149 1261
f 1149 1270 1261
f 1270 1262 1261
f 1262 1271 1263
f 1271 1272 1263
f 1272 1264 1263
f 1265 1273 1266
f 1273 1274 1266
f 1274 1267 1266
f 1102 1267 1103
f 1274 1275 1267
f 1275 1103 1267
f 1101 1080 1102
f 1101 1269 1080
f 1127 1273 1126
f 1273 1265 1126
f 1272 1250 1264
f 1250 1129 1264
f 1129 1128 1264
f 1099 1276 1101
f 1276 1269 1101
f 1277 1268 1269
f 1276 1277 1269
f 1277 1148 1268
f 1148 1149 1268
f 1270 1278 1262
f 1278 1271 1262
f 1280 1279 1089
f 1279 1085 1089
f 1249 1280 1089
f 1087 1085 1279
f 1272 1280 1249
f 1250 1272 1249
f 1281 1087 1279
f 1281 1279 1282
f 1280 1282 1279
f 1087 1209 1086
f 1281 1283 1087
f 1283 1209 1087
f 1284 1281 1282
f 1282 1280 1271
f 1284 1285 1281
f 1285 1283 1281
f 1272 1271 1280
f 1284 1286 1285
f 1284 1288 1286
f 1288 1287 1286
f 1289 1291 1093
f 1290 1289 1097
f 1093 1097 1289
f 1097 1293 1290
f 1293 1292 1290
f 1294 1295 1291
f 1295 1093 1291
f 1295 1275 1092
f 1275 1274 1092
f 1274 1094 1092
f 1295 1092 1093
f 1274 1273 1094
f 1273 1296 1094
f 1095 1094 1296
f 1296 1297 1095
f 1297 1298 1095
f 1298 1096 1095
f 1298 1107 1096
f 1107 1293 1096
f 1293 1097 1096
f 1127 1296 1273
f 1127 1299 1296
f 1297 1296 1299
f 1299 1300 1297
f 1300 1301 1297
f 1301 1298 1297
f 1301 1106 1298
f 1106 1107 1298
f 1105 1302 1107
f 1302 1293 1107
f 1302 1292 1293
f 1294 1303 1295
f 1303 1275 1295
f 1303 1103 1275
f 1100 1104 1304
f 1103 1303 1104
f 1303 1305 1104
f 1305 1304 1104
f 1306 1140 1099
f 1140 1276 1099
f 1100 1306 1099
f 1294 1305 1303
f 1304 1307 1100
f 1307 1306 1100
f 1308 1306 1307
f 1308 1141 1306
f 1141 1140 1306
f 1139 1276 1140
f 1277 1276 1139
f 1311 1302 1109
f 1302 1105 1109
f 1310 1311 1109
f 1312 1108 1106
f 1312 1309 1108
f 1311 1292 1302
f 1301 1312 1106
f 1300 1120 1301
f 1120 1312 1301
f 1120 1124 1312
f 1124 1309 1312
f 1314 1113 1117
f 1314 1246 1113
f 1221 1115 1114
f 1221 1254 1115
f 1313 1314 1117
f 1314 1315 1246
f 1315 1248 1246
f 1316 1314 1313
f 1316 1315 1314
f 1220 1254 1221
f 1122 1121 1316
f 1300 1119 1120
f 1119 1317 1121
f 1315 1121 1317
f 1315 1316 1121
f 1300 1318 1119
f 1318 1317 1119
f 1299 1318 1300
f 1299 1131 1318
f 1131 1319 1318
f 1319 1317 1318
f 1319 1248 1317
f 1248 1315 1317
f 1131 1299 1127
f 1247 1130 1245
f 1247 1319 1130
f 1319 1131 1130
f 1130 1129 1245
f 1250 1245 1129
f 1248 1319 1247
f 1134 1321 1320
f 1134 1323 1321
f 1323 1324 1321
f 1324 1132 1326
f 1132 1328 1326
f 1328 1327 1326
f 1328 1329 1327
f 1330 1327 1329
f 1324 1323 1132
f 1133 1328 1132
f 1331 1328 1133
f 1331 1329 1328
f 1332 1136 1331
f 1136 1329 1331
f 1332 1138 1136
f 1329 1136 1137
f 1332 1333 1138
f 1333 1334 1138
f 1334 1139 1138
f 1335 1137 1141
f 1334 1277 1139
f 1308 1335 1141
f 1329 1137 1330
f 1335 1330 1137
f 1336 1334 1333
f 1336 1148 1334
f 1148 1277 1334
f 1336 1145 1148
f 1350 1146 1287
f 1350 1270 1146
f 1270 1149 1146
f 1146 1147 1287
f 1287 1288 1350
f 1288 1270 1350
f 1278 1270 1288
f 1284 1278 1288
f 1233 1251 1223
f 1251 1224 1223
f 1282 1278 1284
f 1282 1271 1278
f 1150 1151 1023
f 1024 1023 1151
f 1151 1152 1024
f 1152 1153 1024
f 1154 1155 1150
f 1155 1156 1150
f 1156 1151 1150
f 1157 1151 1156
f 1152 1151 1157
f 1157 1158 1152
f 1158 1159 1152
f 1153 1152 1159
f 1159 1026 1153
f 1159 1160 1026
f 1025 1026 1160
f 1161 1159 1158
f 1161 1160 1159
f 1161 1162 1160
f 1168 1170 1171
f 1169 1168 1172
f 1171 1172 1168
f 1173 1154 1169
f 1172 1173 1169
f 1174 1175 1170
f 1175 1171 1170
f 1176 1177 1028
f 1177 1178 1028
f 1179 1178 1177
f 1179 1174 1178
f 1179 1175 1174
f 1173 1155 1154
f 1339 1338 1142
f 1340 1339 1142
f 1340 1142 1143
f 1340 1343 1341
f 1343 1342 1341
f 1346 1347 1345
f 1143 1348 1343
f 1349 1348 1143
f 1349 1346 1348
f 1340 1143 1343
f 1144 1346 1349
f 1144 1347 1346
f 1143 1144 1349
