v 993.1175999999999 1990.096 65.38
v 993.1175999999999 1990.096 75.39142857142856
v 993.1175999999999 1990.096 85.40285714285714
v 993.1175999999999 1990.096 95.41428571428571
v 993.1175999999999 1990.096 105.4257142857143
v 993.1175999999999 1990.096 115.4371428571429
v 993.1175999999999 1990.096 125.4485714285714
v 993.1175999999999 1990.096 135.46
v 993.1175999999999 1990.096 145.4714285714286
v 993.1175999999999 2000.08 65.38
v 993.1175999999999 2000.08 75.39142857142856
v 993.1175999999999 2000.08 85.40285714285714
v 993.1175999999999 2000.08 95.41428571428571
v 993.1175999999999 2000.08 105.4257142857143
v 993.1175999999999 2000.08 115.4371428571429
v 993.1175999999999 2000.08 125.4485714285714
v 993.1175999999999 2000.08 135.46
v 993.1175999999999 2000.08 145.4714285714286
v 993.1175999999999 2010.064 65.38
v 993.1175999999999 2010.064 75.39142857142856
v 993.1175999999999 2010.064 85.40285714285714
v 993.1175999999999 2010.064 95.41428571428571
v 993.1175999999999 2010.064 105.4257142857143
v 993.1175999999999 2010.064 115.4371428571429
v 993.1175999999999 2010.064 125.4485714285714
v 993.1175999999999 2010.064 135.46
v 993.1175999999999 2010.064 145.4714285714286
v 993.1175999999999 2020.048 65.38
v 993.1175999999999 2020.048 75.39142857142856
v 993.1175999999999 2020.048 85.40285714285714
v 993.1175999999999 2020.048 95.41428571428571
v 993.1175999999999 2020.048 105.4257142857143
v 993.1175999999999 2020.048 115.4371428571429
v 993.1175999999999 2020.048 125.4485714285714
v 993.1175999999999 2020.048 135.46
v 993.1175999999999 2020.048 145.4714285714286
v 993.1175999999999 2020.048 155.4828571428571
v 993.1175999999999 2030.032 65.38
v 993.1175999999999 2030.032 75.39142857142856
v 993.1175999999999 2030.032 85.40285714285714
v 993.1175999999999 2030.032 95.41428571428571
v 993.1175999999999 2030.032 105.4257142857143
v 993.1175999999999 2030.032 115.4371428571429
v 993.1175999999999 2030.032 125.4485714285714
v 993.1175999999999 2030.032 135.46
v 993.1175999999999 2030.032 145.4714285714286
v 993.1175999999999 2030.032 155.4828571428571
v 993.1175999999999 2040.016 65.38
v 993.1175999999999 2040.016 75.39142857142856
v 993.1175999999999 2040.016 85.40285714285714
v 993.1175999999999 2040.016 95.41428571428571
v 993.1175999999999 2040.016 105.4257142857143
v 993.1175999999999 2040.016 115.4371428571429
v 993.1175999999999 2040.016 125.4485714285714
v 993.1175999999999 2040.016 135.46
v 993.1175999999999 2040.016 145.4714285714286
v 993.1175999999999 2040.016 155.4828571428571
v 993.1175999999999 2050 65.38
v 993.1175999999999 2050 75.39142857142856
v 993.1175999999999 2050 85.40285714285714
v 993.1175999999999 2050 95.41428571428571
v 993.1175999999999 2050 105.4257142857143
v 993.1175999999999 2050 115.4371428571429
v 993.1175999999999 2050 125.4485714285714
v 993.1175999999999 2050 135.46
v 993.1175999999999 2050 145.4714285714286
v 993.1175999999999 2050 155.4828571428571
v 993.1175999999999 2059.984 65.38
v 993.1175999999999 2059.984 75.39142857142856
v 993.1175999999999 2059.984 85.40285714285714
v 993.1175999999999 2059.984 95.41428571428571
v 993.1175999999999 2059.984 105.4257142857143
v 993.1175999999999 2059.984 115.4371428571429
v 993.1175999999999 2059.984 125.4485714285714
v 993.1175999999999 2059.984 135.46
v 993.1175999999999 2059.984 145.4714285714286
v 993.1175999999999 2059.984 155.4828571428571
v 993.1175999999999 2069.968 65.38
v 993.1175999999999 2069.968 75.39142857142856
v 993.1175999999999 2069.968 85.40285714285714
v 993.1175999999999 2069.968 95.41428571428571
v 993.1175999999999 2069.968 105.4257142857143
v 993.1175999999999 2069.968 115.4371428571429
v 993.1175999999999 2069.968 125.4485714285714
v 993.1175999999999 2069.968 135.46
v 993.1175999999999 2069.968 145.4714285714286
v 993.1175999999999 2079.952 65.38
v 993.1175999999999 2079.952 75.39142857142856
v 993.1175999999999 2079.952 85.40285714285714
v 993.1175999999999 2079.952 95.41428571428571
v 993.1175999999999 2079.952 105.4257142857143
v 993.1175999999999 2079.952 115.4371428571429
v 993.1175999999999 2079.952 125.4485714285714
v 993.1175999999999 2079.952 135.46
v 993.1175999999999 2079.952 145.4714285714286
v 993.1175999999999 2089.936 65.38
v 993.1175999999999 2089.936 75.39142857142856
v 993.1175999999999 2089.936 85.40285714285714
v 993.1175999999999 2089.936 95.41428571428571
v 993.1175999999999 2089.936 105.4257142857143
v 993.1175999999999 2089.936 115.4371428571429
v 993.1175999999999 2089.936 125.4485714285714
v 993.1175999999999 2089.936 135.46
v 993.1175999999999 2099.92 65.38
v 993.1175999999999 2099.92 75.39142857142856
v 993.1175999999999 2099.92 85.40285714285714
v 993.1175999999999 2099.92 95.41428571428571
v 993.1175999999999 2099.92 105.4257142857143
v 993.1175999999999 2099.92 115.4371428571429
v 993.1175999999999 2099.92 125.4485714285714
v 993.1175999999999 2099.92 135.46
v 993.1175999999999 2109.904 65.38
v 993.1175999999999 2109.904 75.39142857142856
v 993.1175999999999 2109.904 85.40285714285714
v 993.1175999999999 2109.904 95.41428571428571
v 993.1175999999999 2109.904 105.4257142857143
v 993.1175999999999 2109.904 115.4371428571429
v 993.1175999999999 2109.904 125.4485714285714
v 993.1175999999999 2109.904 135.46
v 1139.8824 2109.904 65.38
v 1139.8824 2109.904 75.39142857142856
v 1139.8824 2109.904 85.40285714285714
v 1139.8824 2109.904 95.41428571428571
v 1139.8824 2109.904 105.4257142857143
v 1139.8824 2109.904 115.4371428571429
v 1139.8824 2109.904 125.4485714285714
v 1139.8824 2109.904 135.46
v 1139.8824 2099.92 65.38
v 1139.8824 2099.92 75.39142857142856
v 1139.8824 2099.92 85.40285714285714
v 1139.8824 2099.92 95.41428571428571
v 1139.8824 2099.92 105.4257142857143
v 1139.8824 2099.92 115.4371428571429
v 1139.8824 2099.92 125.4485714285714
v 1139.8824 2099.92 135.46
v 1139.8824 2089.936 65.38
v 1139.8824 2089.936 75.39142857142856
v 1139.8824 2089.936 85.40285714285714
v 1139.8824 2089.936 95.41428571428571
v 1139.8824 2089.936 105.4257142857143
v 1139.8824 2089.936 115.4371428571429
v 1139.8824 2089.936 125.4485714285714
v 1139.8824 2089.936 135.46
v 1139.8824 2079.952 65.38
v 1139.8824 2079.952 75.39142857142856
v 1139.8824 2079.952 85.40285714285714
v 1139.8824 2079.952 95.41428571428571
v 1139.8824 2079.952 105.4257142857143
v 1139.8824 2079.952 115.4371428571429
v 1139.8824 2079.952 125.4485714285714
v 1139.8824 2079.952 135.46
v 1139.8824 2069.968 65.38
v 1139.8824 2069.968 75.39142857142856
v 1139.8824 2069.968 85.40285714285714
v 1139.8824 2069.968 95.41428571428571
v 1139.8824 2069.968 105.4257142857143
v 1139.8824 2069.968 115.4371428571429
v 1139.8824 2069.968 125.4485714285714
v 1139.8824 2069.968 135.46
v 1139.8824 2069.968 145.4714285714286
v 1139.8824 2059.984 65.38
v 1139.8824 2059.984 75.39142857142856
v 1139.8824 2059.984 85.40285714285714
v 1139.8824 2059.984 95.41428571428571
v 1139.8824 2059.984 105.4257142857143
v 1139.8824 2059.984 115.4371428571429
v 1139.8824 2059.984 125.4485714285714
v 1139.8824 2059.984 135.46
v 1139.8824 2059.984 145.4714285714286
v 1139.8824 2050 65.38
v 1139.8824 2050 75.39142857142856
v 1139.8824 2050 85.40285714285714
v 1139.8824 2050 95.41428571428571
v 1139.8824 2050 105.4257142857143
v 1139.8824 2050 115.4371428571429
v 1139.8824 2050 125.4485714285714
v 1139.8824 2050 135.46
v 1139.8824 2050 145.4714285714286
v 1139.8824 2040.016 65.38
v 1139.8824 2040.016 75.39142857142856
v 1139.8824 2040.016 85.40285714285714
v 1139.8824 2040.016 95.41428571428571
v 1139.8824 2040.016 105.4257142857143
v 1139.8824 2040.016 115.4371428571429
v 1139.8824 2040.016 125.4485714285714
v 1139.8824 2040.016 135.46
v 1139.8824 2040.016 145.4714285714286
v 1139.8824 2040.016 155.4828571428571
v 1139.8824 2030.032 65.38
v 1139.8824 2030.032 75.39142857142856
v 1139.8824 2030.032 85.40285714285714
v 1139.8824 2030.032 95.41428571428571
v 1139.8824 2030.032 105.4257142857143
v 1139.8824 2030.032 115.4371428571429
v 1139.8824 2030.032 125.4485714285714
v 1139.8824 2030.032 135.46
v 1139.8824 2030.032 145.4714285714286
v 1139.8824 2030.032 155.4828571428571
v 1139.8824 2020.048 65.38
v 1139.8824 2020.048 75.39142857142856
v 1139.8824 2020.048 85.40285714285714
v 1139.8824 2020.048 95.41428571428571
v 1139.8824 2020.048 105.4257142857143
v 1139.8824 2020.048 115.4371428571429
v 1139.8824 2020.048 125.4485714285714
v 1139.8824 2020.048 135.46
v 1139.8824 2020.048 145.4714285714286
v 1139.8824 2020.048 155.4828571428571
v 1139.8824 2010.064 65.38
v 1139.8824 2010.064 75.39142857142856
v 1139.8824 2010.064 85.40285714285714
v 1139.8824 2010.064 95.41428571428571
v 1139.8824 2010.064 105.4257142857143
v 1139.8824 2010.064 115.4371428571429
v 1139.8824 2010.064 125.4485714285714
v 1139.8824 2010.064 135.46
v 1139.8824 2010.064 145.4714285714286
v 1139.8824 2010.064 155.4828571428571
v 1139.8824 2000.08 65.38
v 1139.8824 2000.08 75.39142857142856
v 1139.8824 2000.08 85.40285714285714
v 1139.8824 2000.08 95.41428571428571
v 1139.8824 2000.08 105.4257142857143
v 1139.8824 2000.08 115.4371428571429
v 1139.8824 2000.08 125.4485714285714
v 1139.8824 2000.08 135.46
v 1139.8824 2000.08 145.4714285714286
v 1139.8824 2000.08 155.4828571428571
v 1139.8824 1990.096 65.38
v 1139.8824 1990.096 75.39142857142856
v 1139.8824 1990.096 85.40285714285714
v 1139.8824 1990.096 95.41428571428571
v 1139.8824 1990.096 105.4257142857143
v 1139.8824 1990.096 115.4371428571429
v 1139.8824 1990.096 125.4485714285714
v 1139.8824 1990.096 135.46
v 1139.8824 1990.096 145.4714285714286
v 1139.8824 1990.096 155.4828571428571
v 1002.90192 1990.096 65.38
v 1012.68624 1990.096 65.38
v 1022.47056 1990.096 65.38
v 1032.25488 1990.096 65.38
v 1042.0392 1990.096 65.38
v 1051.82352 1990.096 65.38
v 1061.60784 1990.096 65.38
v 1071.39216 1990.096 65.38
v 1081.17648 1990.096 65.38
v 1090.9608 1990.096 65.38
v 1100.74512 1990.096 65.38
v 1110.52944 1990.096 65.38
v 1120.31376 1990.096 65.38
v 1130.09808 1990.096 65.38
v 1002.90192 1990.096 75.39142857142856
v 1012.68624 1990.096 75.39142857142856
v 1022.47056 1990.096 75.39142857142856
v 1032.25488 1990.096 75.39142857142856
v 1042.0392 1990.096 75.39142857142856
v 1051.82352 1990.096 75.39142857142856
v 1061.60784 1990.096 75.39142857142856
v 1071.39216 1990.096 75.39142857142856
v 1081.17648 1990.096 75.39142857142856
v 1090.9608 1990.096 75.39142857142856
v 1100.74512 1990.096 75.39142857142856
v 1110.52944 1990.096 75.39142857142856
v 1120.31376 1990.096 75.39142857142856
v 1130.09808 1990.096 75.39142857142856
v 1002.90192 1990.096 85.40285714285714
v 1012.68624 1990.096 85.40285714285714
v 1022.47056 1990.096 85.40285714285714
v 1032.25488 1990.096 85.40285714285714
v 1042.0392 1990.096 85.40285714285714
v 1051.82352 1990.096 85.40285714285714
v 1061.60784 1990.096 85.40285714285714
v 1071.39216 1990.096 85.40285714285714
v 1081.17648 1990.096 85.40285714285714
v 1090.9608 1990.096 85.40285714285714
v 1100.74512 1990.096 85.40285714285714
v 1110.52944 1990.096 85.40285714285714
v 1120.31376 1990.096 85.40285714285714
v 1130.09808 1990.096 85.40285714285714
v 1002.90192 1990.096 95.41428571428571
v 1012.68624 1990.096 95.41428571428571
v 1022.47056 1990.096 95.41428571428571
v 1032.25488 1990.096 95.41428571428571
v 1042.0392 1990.096 95.41428571428571
v 1051.82352 1990.096 95.41428571428571
v 1061.60784 1990.096 95.41428571428571
v 1071.39216 1990.096 95.41428571428571
v 1081.17648 1990.096 95.41428571428571
v 1090.9608 1990.096 95.41428571428571
v 1100.74512 1990.096 95.41428571428571
v 1110.52944 1990.096 95.41428571428571
v 1120.31376 1990.096 95.41428571428571
v 1130.09808 1990.096 95.41428571428571
v 1002.90192 1990.096 105.4257142857143
v 1012.68624 1990.096 105.4257142857143
v 1022.47056 1990.096 105.4257142857143
v 1032.25488 1990.096 105.4257142857143
v 1042.0392 1990.096 105.4257142857143
v 1051.82352 1990.096 105.4257142857143
v 1061.60784 1990.096 105.4257142857143
v 1071.39216 1990.096 105.4257142857143
v 1081.17648 1990.096 105.4257142857143
v 1090.9608 1990.096 105.4257142857143
v 1100.74512 1990.096 105.4257142857143
v 1110.52944 1990.096 105.4257142857143
v 1120.31376 1990.096 105.4257142857143
v 1130.09808 1990.096 105.4257142857143
v 1002.90192 1990.096 115.4371428571429
v 1012.68624 1990.096 115.4371428571429
v 1022.47056 1990.096 115.4371428571429
v 1032.25488 1990.096 115.4371428571429
v 1042.0392 1990.096 115.4371428571429
v 1051.82352 1990.096 115.4371428571429
v 1061.60784 1990.096 115.4371428571429
v 1071.39216 1990.096 115.4371428571429
v 1081.17648 1990.096 115.4371428571429
v 1090.9608 1990.096 115.4371428571429
v 1100.74512 1990.096 115.4371428571429
v 1110.52944 1990.096 115.4371428571429
v 1120.31376 1990.096 115.4371428571429
v 1130.09808 1990.096 115.4371428571429
v 1002.90192 1990.096 125.4485714285714
v 1012.68624 1990.096 125.4485714285714
v 1022.47056 1990.096 125.4485714285714
v 1032.25488 1990.096 125.4485714285714
v 1042.0392 1990.096 125.4485714285714
v 1051.82352 1990.096 125.4485714285714
v 1061.60784 1990.096 125.4485714285714
v 1071.39216 1990.096 125.4485714285714
v 1081.17648 1990.096 125.4485714285714
v 1090.9608 1990.096 125.4485714285714
v 1100.74512 1990.096 125.4485714285714
v 1110.52944 1990.096 125.4485714285714
v 1120.31376 1990.096 125.4485714285714
v 1130.09808 1990.096 125.4485714285714
v 1002.90192 1990.096 135.46
v 1012.68624 1990.096 135.46
v 1022.47056 1990.096 135.46
v 1032.25488 1990.096 135.46
v 1042.0392 1990.096 135.46
v 1051.82352 1990.096 135.46
v 1061.60784 1990.096 135.46
v 1071.39216 1990.096 135.46
v 1081.17648 1990.096 135.46
v 1090.9608 1990.096 135.46
v 1100.74512 1990.096 135.46
v 1110.52944 1990.096 135.46
v 1120.31376 1990.096 135.46
v 1130.09808 1990.096 135.46
v 1002.90192 1990.096 145.4714285714286
v 1012.68624 1990.096 145.4714285714286
v 1022.47056 1990.096 145.4714285714286
v 1032.25488 1990.096 145.4714285714286
v 1042.0392 1990.096 145.4714285714286
v 1051.82352 1990.096 145.4714285714286
v 1061.60784 1990.096 145.4714285714286
v 1071.39216 1990.096 145.4714285714286
v 1081.17648 1990.096 145.4714285714286
v 1090.9608 1990.096 145.4714285714286
v 1100.74512 1990.096 145.4714285714286
v 1110.52944 1990.096 145.4714285714286
v 1120.31376 1990.096 145.4714285714286
v 1130.09808 1990.096 145.4714285714286
v 1002.90192 1990.096 155.4828571428571
v 1051.82352 1990.096 155.4828571428571
v 1061.60784 1990.096 155.4828571428571
v 1071.39216 1990.096 155.4828571428571
v 1081.17648 1990.096 155.4828571428571
v 1090.9608 1990.096 155.4828571428571
v 1100.74512 1990.096 155.4828571428571
v 1110.52944 1990.096 155.4828571428571
v 1120.31376 1990.096 155.4828571428571
v 1130.09808 1990.096 155.4828571428571
v 1130.09808 2109.904 65.38
v 1120.31376 2109.904 65.38
v 1110.52944 2109.904 65.38
v 1100.74512 2109.904 65.38
v 1090.9608 2109.904 65.38
v 1081.17648 2109.904 65.38
v 1071.39216 2109.904 65.38
v 1061.60784 2109.904 65.38
v 1051.82352 2109.904 65.38
v 1042.0392 2109.904 65.38
v 1032.25488 2109.904 65.38
v 1022.47056 2109.904 65.38
v 1012.68624 2109.904 65.38
v 1002.90192 2109.904 65.38
v 1130.09808 2109.904 75.39142857142856
v 1120.31376 2109.904 75.39142857142856
v 1110.52944 2109.904 75.39142857142856
v 1100.74512 2109.904 75.39142857142856
v 1090.9608 2109.904 75.39142857142856
v 1081.17648 2109.904 75.39142857142856
v 1071.39216 2109.904 75.39142857142856
v 1061.60784 2109.904 75.39142857142856
v 1051.82352 2109.904 75.39142857142856
v 1042.0392 2109.904 75.39142857142856
v 1032.25488 2109.904 75.39142857142856
v 1022.47056 2109.904 75.39142857142856
v 1012.68624 2109.904 75.39142857142856
v 1002.90192 2109.904 75.39142857142856
v 1130.09808 2109.904 85.40285714285714
v 1120.31376 2109.904 85.40285714285714
v 1110.52944 2109.904 85.40285714285714
v 1100.74512 2109.904 85.40285714285714
v 1090.9608 2109.904 85.40285714285714
v 1081.17648 2109.904 85.40285714285714
v 1071.39216 2109.904 85.40285714285714
v 1061.60784 2109.904 85.40285714285714
v 1051.82352 2109.904 85.40285714285714
v 1042.0392 2109.904 85.40285714285714
v 1032.25488 2109.904 85.40285714285714
v 1022.47056 2109.904 85.40285714285714
v 1012.68624 2109.904 85.40285714285714
v 1002.90192 2109.904 85.40285714285714
v 1130.09808 2109.904 95.41428571428571
v 1120.31376 2109.904 95.41428571428571
v 1110.52944 2109.904 95.41428571428571
v 1100.74512 2109.904 95.41428571428571
v 1090.9608 2109.904 95.41428571428571
v 1081.17648 2109.904 95.41428571428571
v 1071.39216 2109.904 95.41428571428571
v 1061.60784 2109.904 95.41428571428571
v 1051.82352 2109.904 95.41428571428571
v 1042.0392 2109.904 95.41428571428571
v 1032.25488 2109.904 95.41428571428571
v 1022.47056 2109.904 95.41428571428571
v 1012.68624 2109.904 95.41428571428571
v 1002.90192 2109.904 95.41428571428571
v 1130.09808 2109.904 105.4257142857143
v 1120.31376 2109.904 105.4257142857143
v 1110.52944 2109.904 105.4257142857143
v 1100.74512 2109.904 105.4257142857143
v 1090.9608 2109.904 105.4257142857143
v 1081.17648 2109.904 105.4257142857143
v 1071.39216 2109.904 105.4257142857143
v 1061.60784 2109.904 105.4257142857143
v 1051.82352 2109.904 105.4257142857143
v 1042.0392 2109.904 105.4257142857143
v 1032.25488 2109.904 105.4257142857143
v 1022.47056 2109.904 105.4257142857143
v 1012.68624 2109.904 105.4257142857143
v 1002.90192 2109.904 105.4257142857143
v 1130.09808 2109.904 115.4371428571429
v 1120.31376 2109.904 115.4371428571429
v 1110.52944 2109.904 115.4371428571429
v 1100.74512 2109.904 115.4371428571429
v 1090.9608 2109.904 115.4371428571429
v 1081.17648 2109.904 115.4371428571429
v 1071.39216 2109.904 115.4371428571429
v 1061.60784 2109.904 115.4371428571429
v 1051.82352 2109.904 115.4371428571429
v 1042.0392 2109.904 115.4371428571429
v 1032.25488 2109.904 115.4371428571429
v 1022.47056 2109.904 115.4371428571429
v 1012.68624 2109.904 115.4371428571429
v 1002.90192 2109.904 115.4371428571429
v 1130.09808 2109.904 125.4485714285714
v 1120.31376 2109.904 125.4485714285714
v 1110.52944 2109.904 125.4485714285714
v 1100.74512 2109.904 125.4485714285714
v 1090.9608 2109.904 125.4485714285714
v 1081.17648 2109.904 125.4485714285714
v 1071.39216 2109.904 125.4485714285714
v 1061.60784 2109.904 125.4485714285714
v 1051.82352 2109.904 125.4485714285714
v 1042.0392 2109.904 125.4485714285714
v 1032.25488 2109.904 125.4485714285714
v 1022.47056 2109.904 125.4485714285714
v 1012.68624 2109.904 125.4485714285714
v 1002.90192 2109.904 125.4485714285714
v 1002.90192 2109.904 135.46
v 1130.09808 2000.08 65.38
v 1120.31376 2000.08 65.38
v 1110.52944 2000.08 65.38
v 1100.74512 2000.08 65.38
v 1090.9608 2000.08 65.38
v 1081.17648 2000.08 65.38
v 1071.39216 2000.08 65.38
v 1061.60784 2000.08 65.38
v 1051.82352 2000.08 65.38
v 1042.0392 2000.08 65.38
v 1032.25488 2000.08 65.38
v 1022.47056 2000.08 65.38
v 1012.68624 2000.08 65.38
v 1002.90192 2000.08 65.38
v 1130.09808 2010.064 65.38
v 1120.31376 2010.064 65.38
v 1110.52944 2010.064 65.38
v 1100.74512 2010.064 65.38
v 1090.9608 2010.064 65.38
v 1081.17648 2010.064 65.38
v 1071.39216 2010.064 65.38
v 1061.60784 2010.064 65.38
v 1051.82352 2010.064 65.38
v 1042.0392 2010.064 65.38
v 1032.25488 2010.064 65.38
v 1022.47056 2010.064 65.38
v 1012.68624 2010.064 65.38
v 1002.90192 2010.064 65.38
v 1130.09808 2020.048 65.38
v 1120.31376 2020.048 65.38
v 1110.52944 2020.048 65.38
v 1100.74512 2020.048 65.38
v 1090.9608 2020.048 65.38
v 1081.17648 2020.048 65.38
v 1071.39216 2020.048 65.38
v 1061.60784 2020.048 65.38
v 1051.82352 2020.048 65.38
v 1042.0392 2020.048 65.38
v 1032.25488 2020.048 65.38
v 1022.47056 2020.048 65.38
v 1012.68624 2020.048 65.38
v 1002.90192 2020.048 65.38
v 1130.09808 2030.032 65.38
v 1120.31376 2030.032 65.38
v 1110.52944 2030.032 65.38
v 1100.74512 2030.032 65.38
v 1090.9608 2030.032 65.38
v 1081.17648 2030.032 65.38
v 1071.39216 2030.032 65.38
v 1061.60784 2030.032 65.38
v 1051.82352 2030.032 65.38
v 1042.0392 2030.032 65.38
v 1032.25488 2030.032 65.38
v 1022.47056 2030.032 65.38
v 1012.68624 2030.032 65.38
v 1002.90192 2030.032 65.38
v 1130.09808 2040.016 65.38
v 1120.31376 2040.016 65.38
v 1110.52944 2040.016 65.38
v 1100.74512 2040.016 65.38
v 1090.9608 2040.016 65.38
v 1081.17648 2040.016 65.38
v 1071.39216 2040.016 65.38
v 1061.60784 2040.016 65.38
v 1051.82352 2040.016 65.38
v 1042.0392 2040.016 65.38
v 1032.25488 2040.016 65.38
v 1022.47056 2040.016 65.38
v 1012.68624 2040.016 65.38
v 1002.90192 2040.016 65.38
v 1130.09808 2050 65.38
v 1120.31376 2050 65.38
v 1110.52944 2050 65.38
v 1100.74512 2050 65.38
v 1090.9608 2050 65.38
v 1081.17648 2050 65.38
v 1071.39216 2050 65.38
v 1061.60784 2050 65.38
v 1051.82352 2050 65.38
v 1042.0392 2050 65.38
v 1032.25488 2050 65.38
v 1022.47056 2050 65.38
v 1012.68624 2050 65.38
v 1002.90192 2050 65.38
v 1130.09808 2059.984 65.38
v 1120.31376 2059.984 65.38
v 1110.52944 2059.984 65.38
v 1100.74512 2059.984 65.38
v 1090.9608 2059.984 65.38
v 1081.17648 2059.984 65.38
v 1071.39216 2059.984 65.38
v 1061.60784 2059.984 65.38
v 1051.82352 2059.984 65.38
v 1042.0392 2059.984 65.38
v 1032.25488 2059.984 65.38
v 1022.47056 2059.984 65.38
v 1012.68624 2059.984 65.38
v 1002.90192 2059.984 65.38
v 1130.09808 2069.968 65.38
v 1120.31376 2069.968 65.38
v 1110.52944 2069.968 65.38
v 1100.74512 2069.968 65.38
v 1090.9608 2069.968 65.38
v 1081.17648 2069.968 65.38
v 1071.39216 2069.968 65.38
v 1061.60784 2069.968 65.38
v 1051.82352 2069.968 65.38
v 1042.0392 2069.968 65.38
v 1032.25488 2069.968 65.38
v 1022.47056 2069.968 65.38
v 1012.68624 2069.968 65.38
v 1002.90192 2069.968 65.38
v 1130.09808 2079.952 65.38
v 1120.31376 2079.952 65.38
v 1110.52944 2079.952 65.38
v 1100.74512 2079.952 65.38
v 1090.9608 2079.952 65.38
v 1081.17648 2079.952 65.38
v 1071.39216 2079.952 65.38
v 1061.60784 2079.952 65.38
v 1051.82352 2079.952 65.38
v 1042.0392 2079.952 65.38
v 1032.25488 2079.952 65.38
v 1022.47056 2079.952 65.38
v 1012.68624 2079.952 65.38
v 1002.90192 2079.952 65.38
v 1130.09808 2089.936 65.38
v 1120.31376 2089.936 65.38
v 1110.52944 2089.936 65.38
v 1100.74512 2089.936 65.38
v 1090.9608 2089.936 65.38
v 1081.17648 2089.936 65.38
v 1071.39216 2089.936 65.38
v 1061.60784 2089.936 65.38
v 1051.82352 2089.936 65.38
v 1042.0392 2089.936 65.38
v 1032.25488 2089.936 65.38
v 1022.47056 2089.936 65.38
v 1012.68624 2089.936 65.38
v 1002.90192 2089.936 65.38
v 1130.09808 2099.92 65.38
v 1120.31376 2099.92 65.38
v 1110.52944 2099.92 65.38
v 1100.74512 2099.92 65.38
v 1090.9608 2099.92 65.38
v 1081.17648 2099.92 65.38
v 1071.39216 2099.92 65.38
v 1061.60784 2099.92 65.38
v 1051.82352 2099.92 65.38
v 1042.0392 2099.92 65.38
v 1032.25488 2099.92 65.38
v 1022.47056 2099.92 65.38
v 1012.68624 2099.92 65.38
v 1002.90192 2099.92 65.38
v 1081.053068498818 2057.796768636671 146.1376206914006
v 1083.692439865478 2053.254214739684 148.6376759798637
v 1077.715140371007 2053.399839660864 146.4760808012446
v 1076.591562556025 2058.796796956301 144.2709720713787
v 1079.884471773346 2063.094274686536 143.911572926815
v 1083.370711489913 2062.691181009295 145.4205721667286
v 1079.822503645314 2076.591466963756 139.6784270083266
v 1077.458881800873 2080.160615441 137.8278461051439
v 1074.793216378918 2083.686634983364 136.0681069263347
v 1071.628584150878 2079.323859832444 136.1807975922316
v 1071.008120922277 2084.582268954653 134.7188720583297
v 1067.860227730753 2080.047243862675 135.0589470232313
v 1073.999305972622 2075.453764948203 137.9613017359279
v 1042.524831665628 2053.30950999017 143.9251230626592
v 1039.992060393793 2058.100464069975 142.9536506724911
v 1045.549904957712 2057.786809661609 142.0029820084099
v 1010.663334352979 2089.056648329292 142.0266353601808
v 1011.748167252969 2094.541282949702 139.9541338516837
v 1001.663344770237 2062.556473629529 154.8954220667385
v 1002.338954445837 2067.665236116329 153.2253737436306
v 1020.228444005029 2058.248560209841 149.8084447037273
v 1014.774304071857 2058.237358952375 152.0805470797713
v 1017.563611625668 2062.65432579329 149.8780852259927
v 1017.609963051028 2053.644568884492 151.6871015737202
v 1023.109669012514 2052.640068522691 149.7564580275599
v 1023.523140288183 2057.796291738005 148.5410750753244
v 1020.971708671334 2063.053067095447 148.2369369086001
v 1023.57108536338 2097.954240873501 134.99793785589
v 1026.507691778968 2102.650684814498 133.513390403325
v 1029.433024015175 2097.790697986284 133.1994281790024
v 1026.737737847579 2093.483369440928 134.7972171158467
v 1052.051558700917 2098.017040659972 130.0855395640575
v 1045.710133199681 2098.029284911226 130.2003476166547
v 1048.874251482975 2093.500924148786 130.4232885224168
v 1055.169793888871 2080.005201525963 133.4640352070477
v 1052.025344461916 2075.552983089136 134.9212931332515
v 1048.666848236719 2080.131451030617 133.5482788366373
v 1058.357033546921 2075.543701441815 135.0492845247909
v 1061.214881708776 2080.531751104905 133.7892225238554
v 1052.035198558156 2084.894586561107 132.0586527892475
v 1058.306215255851 2084.85142590184 132.350105676585
v 1058.319912852804 2058.228667830706 141.2116348070901
v 1055.183879286956 2060.292658431938 140.4059208395066
v 1058.359097295828 2062.82471829252 139.5667987827673
v 1052.049044945635 2058.223891439657 141.2208019280006
v 1055.185081068712 2053.706727983579 142.6925648532151
v 1061.5669650815 2053.991938799883 142.9164692514625
v 1064.821175529539 2057.792578611283 141.9723965489854
v 1061.483484536431 2060.502056754085 140.6153191616532
v 1036.891631225196 2081.003370644003 135.2474877563369
v 1035.782545164484 2075.700266489475 137.5453695609525
v 1033.298984802297 2079.894919143335 136.7173140138295
v 1039.43486616327 2077.886635931381 135.7274303854408
v 1041.887722003221 2074.976721153757 136.2863776032227
v 1042.755667136239 2080.4250268053 134.1627109911661
v 1039.392467001302 2084.469731455294 133.5103174064739
v 1023.0599513383 2079.433573259529 140.8437026296211
v 1019.782440386738 2083.71463796762 140.4896668991871
v 1023.908659566451 2084.752668886191 138.405143565453
v 1017.574674514378 2080.267741146758 142.850938643837
v 1020.968805078105 2075.837211032929 143.298978391087
v 1026.347194200218 2075.159710242658 141.2187030508891
v 1027.287637877217 2080.327441273988 138.7365671944702
v 1077.128794022849 2004.639519425945 158.8760365837561
v 1073.446035404429 2005.441438415756 157.7269709592566
v 1076.563746479771 2009.936696657903 157.8131199150939
v 1073.974328065289 2000.195642801984 158.7211086987949
v 1080.297662841005 1999.992457797774 160.3772294627483
v 1083.308749175977 2004.629757242167 160.5110118137384
v 1080.287931586566 2009.094774465345 159.0166407979397
v 1096.10726347592 2022.351148378177 160.376658904071
v 1077.868512735746 2039.967297263846 150.8279846449664
v 1080.494635134511 2035.497928147489 152.9160138651489
v 1074.449752734903 2035.591270051821 151.1330782339462
v 1083.314128509301 2040.443896794583 152.4262006320853
v 1074.082695035379 2042.228490573275 149.068714525054
v 1076.584715919408 2045.450822242026 148.7526543262711
v 1071.699563637286 2039.178637198014 149.3891178938936
v 1080.274311945604 2044.830391563888 150.0931508241516
v 1001.669634653815 2000.078778147378 154.9250979795746
v 998.4961000370938 2004.540605428408 155.0091663107905
v 1004.796304888525 1995.632569826727 155.0166864197778
v 1007.963566462437 2000.091541465939 154.7010019608317
v 1004.808203252681 2004.549908236251 154.7170196329964
v 1036.231791685151 2040.058275172434 148.1776181538754
v 1039.105946763697 2044.49910247106 146.8106816608885
v 1042.783265516659 2040.510374488095 147.124300694031
v 1039.390168454714 2035.584147791057 148.443519309174
v 1058.359725638308 2035.562365956278 148.108992444327
v 1055.151547249599 2039.825608161891 146.8071959840487
v 1061.220550673498 2040.399917922057 147.1379076079351
v 1058.921850931123 2022.142328381267 151.1695365322589
v 1061.531040140103 2017.784736891539 152.4705246304669
v 1055.176114083978 2017.916997311944 151.4619522783663
v 1064.391073575354 2022.661642077546 152.0235049518082
v 1052.015160886838 2022.439746316884 150.3531303166047
v 1055.146696401657 2026.972219452205 149.7428323508756
v 1061.447820664968 2026.898268330025 150.5472402885625
v 1039.450712116229 2022.413431211993 150.3057087285197
v 1033.151442903064 2022.371493842829 150.812816195842
v 1036.321588395506 2026.881184104775 150.0051584849828
v 1036.291643360875 2017.909582908719 151.022933689996
v 1042.586310988163 2017.931144492555 150.7900534256142
v 1045.733557033198 2022.443373254013 150.1283236156918
v 1042.61472917197 2026.238713377404 149.6261280160957
v 1042.587697718438 2008.935330870302 152.0268431170688
v 1045.75573804943 2004.407379271295 152.8498232757149
v 1039.437677274893 2004.436540033916 152.6230458914852
v 1042.614930414456 2000.622490367428 153.3088519426516
v 1061.432568905201 2004.613660809382 154.9063968763267
v 1055.851073566678 2003.634760891714 154.0763655513898
v 1059.079316439291 2007.967730987651 153.8439107942419
v 1058.299450153074 2000.141692055477 155.1298051998943
v 1064.072797995174 2000.289319559663 156.2636809468732
v 1067.323156122131 2004.715518951548 156.2332510372328
v 1064.568488817346 2009.082220300904 154.7743968708993
v 1024.434962039011 2001.065778792825 153.5103387583059
v 1020.583310572952 1999.442029174177 153.9078908209024
v 1020.495861339044 2004.441644493055 153.4806846840006
v 1023.655076641901 2008.9215167993 152.8551827849542
v 1026.811376143063 2004.442616739669 153.012190560027
v 1004.312635559514 2040.440406455634 155.6863470861278
v 998.4530172886723 2040.179443361142 156.7288691651256
v 1002.112943472102 2044.617224907645 156.2851348350433
v 1001.59003962595 2035.675050150226 155.8986537617695
v 1007.997297381927 2035.674061961051 154.700870305772
v 1011.190740568955 2040.13648994648 154.1761650259764
v 1007.988329781692 2044.60237639791 155.0546513312804
v 1024.198754446931 2027.082780130515 151.6538366187513
v 1027.041401107757 2022.443576959368 151.5217298027071
v 1020.501249651283 2022.321343091923 152.4295480881375
v 1023.662530526147 2017.862042793327 152.2368705391424
v 1004.83056447128 2022.321084991389 154.6043650330524
v 997.9027749583992 2022.330569711155 155.5510172774833
v 1001.661668867645 2026.775475563698 155.2704876537079
v 1001.667353476336 2017.876568680275 154.8631491649105
v 1007.987743671546 2017.890827030524 154.1493075360813
v 1010.62529437472 2022.336026909401 153.8307123864722
v 1007.999626393753 2026.767126344764 154.3025426081014
v 1093.010616717822 2000.757456795499 162.4893774737308
v 1096.13131340854 1997.988763509976 162.7374041408772
v 1092.947561950839 1995.71131031665 162.9322582601548
v 1096.137438343487 2004.496649564514 162.4345599582488
v 1004.932969980575 2084.362826729006 145.6607652640691
v 1007.868563831734 2079.90466273538 146.6696897242208
v 1008.526893386197 2085.443496998154 144.118753072435
v 1087.134183408818 2052.883097145938 150.1747164122486
v 1083.328263198639 2048.675024495859 149.9599473068566
v 1086.099786840442 2044.803990659876 152.1732122787339
v 1074.087251443368 2062.142305437287 142.3704168780671
v 1077.75054734623 2066.746219966868 141.9369714219128
v 1083.101670916018 2067.488847911683 143.7563394915397
v 1070.451091548398 2058.070028080439 142.898193868223
v 1074.082695035379 2055.621227063723 144.6434766526956
v 1079.87175583731 2049.740635717886 148.3938913701728
v 1080.969710004667 2071.151218799998 141.7347443917681
v 1073.301385171706 2067.872379120607 140.181593352394
v 1076.61207367798 2072.168010733897 139.7952043793192
v 1070.932892410642 2064.924080835271 140.5828496521378
v 1067.675847161571 2062.002102283886 140.9416594942593
v 1067.84954697787 2053.249667232179 144.052258176605
v 1071.66279014488 2052.624616801536 145.0691287063048
v 1074.082058558076 2048.925455165938 146.9219173274378
v 1067.687509253617 2048.678683458035 145.5661191390819
v 1070.38878789471 2044.740286544147 147.3880630093402
v 1064.545886378157 2093.714383794584 131.7035308154807
v 1068.390489142015 2088.890910427666 133.2054920767029
v 1060.844394036552 2094.51851806735 130.9906550204131
v 1061.42138850894 2089.310184624971 131.8035319996964
v 1065.092445422179 2084.550185629851 133.3603896019483
v 1070.654625845584 2071.404722993354 138.3118527611624
v 1067.657506379359 2075.33050495358 136.3937624173677
v 1063.979853835493 2076.576282779575 135.3411715049108
v 1064.89801574002 2071.067823689674 137.2834905429791
v 1061.483484536431 2073.652890482278 135.9481785270394
v 1067.839530496962 2066.657335122865 139.3183368172801
v 1036.294460769953 2062.33203010849 142.4902251343225
v 1033.815068872554 2058.874445168763 144.4035948021171
v 1036.285063538533 2055.625961786958 144.6482113759297
v 1038.670044751892 2052.537657962543 144.9327803294516
v 1042.694347113212 2062.025194453649 141.0242619585671
v 1042.684312630951 2048.569321269513 145.2372849499482
v 1046.435868118277 2049.897082789261 144.3657507025019
v 1048.803342799431 2053.981712685456 142.8765253056511
v 1048.884274037482 2060.525881615802 140.6391440233706
v 1046.461250553378 2063.255454054309 139.9420437887091
v 1030.561650331016 2063.199234532201 144.1273555400361
v 1032.734666525538 2066.803277107113 142.0314859144811
v 1038.663756572667 2065.943923220718 140.5121783964778
v 1029.371806863865 2057.758745932459 146.262783540596
v 1032.499077503646 2053.282920044707 146.3846136756702
v 1042.524814770832 2066.631664043572 139.3507293499675
v 1035.70831609357 2048.852177439004 146.5608232642753
v 1045.762613257358 2044.766560928122 145.8161189107975
v 1048.884274037482 2047.025925347661 144.9571621180361
v 1052.016971489817 2049.492922790545 144.0883015921933
v 1052.006291780777 2062.827260798499 139.578931433424
v 1048.85501480841 2067.050496280631 138.2426299305305
v 1052.040287947879 2044.839772399414 145.4298048842049
v 1026.259436423668 2062.254808058509 146.1602414065729
v 1026.717529277417 2053.389573919511 148.2884694471999
v 1029.900769686943 2048.962661414367 148.1148976585314
v 1033.070728168531 2044.518154461966 148.0709077166059
v 1036.285063538533 2068.863349685385 140.0676249115508
v 1039.471662047777 2071.455256470833 138.1809720805769
v 1045.452916743449 2071.087621444113 137.1450157015084
v 1001.72676347778 2075.446307906753 150.0898509046409
v 1014.954932641544 2090.129396362727 140.0772983685802
v 1017.407184578014 2093.619669948495 138.1141541819405
v 1014.299789801822 2084.467361726477 142.4112728394423
v 1011.086642540636 2082.257359876107 144.5526479208688
v 1019.943255234788 2097.191715493078 136.3761966009817
v 1017.38624779011 2086.872653168578 140.2589540319372
v 1020.613655512174 2089.180084553874 138.1914803887184
v 1023.044405552938 2092.701907654895 136.2720776016831
v 1013.472199329461 2079.297618206699 144.9665930160278
v 1004.720316330146 2071.27087726455 151.3704277541374
v 1004.787037291161 2064.819157965451 153.8414075544233
v 1008.543808150958 2067.021614631522 152.090443010106
v 1004.820499043503 2058.012228019772 155.2772034401991
v 1007.291643218869 2061.510390106449 154.0746873667858
v 1010.537450514319 2070.657997756393 149.9945853519968
v 1007.936839915899 2073.789929660871 149.4486984777379
v 1005.497088925395 2076.61026729013 148.8187071674132
v 1002.187338066051 2053.810183681267 156.1494180303722
v 1011.780199543052 2062.690797310398 152.2830477767026
v 1014.470583600557 2066.529474865491 150.030905798705
v 1008.005513489018 2053.548996381347 154.9179912305631
v 1010.406032274175 2056.912933344969 153.8816418458247
v 1012.558229070968 2053.521545313482 153.5339197132595
v 1014.586185396552 2049.004838468777 153.1525632297136
v 1020.138669698154 2049.248531394006 151.2830440758595
v 1017.818535812657 2067.476165859097 148.200775851003
v 1023.10523939849 2066.755276594535 146.0186797032274
v 1026.146471282103 2048.02788167904 149.4389581398067
v 1011.215755354354 2049.088514241698 154.1891504164444
v 1012.76565819161 2044.612558132079 153.8272687889018
v 1017.305623652349 2044.589803023231 152.5212368756721
v 1023.177935287842 2044.646615138882 150.7630189288473
v 1014.824366389934 2071.41515702255 147.9502909007202
v 1019.748554263885 2070.249000981019 146.2283581901806
v 1027.319191196303 2067.529864111407 143.8724554354911
v 1023.851704371233 2072.082991886935 143.5951337933608
v 1028.431007552115 2044.612558132079 149.2544567696309
v 1033.231824599764 2102.561287399192 131.8227025443381
v 1026.206330227355 2088.297414165149 136.3392208697009
v 1029.885461884535 2088.984955740357 134.8588435969408
v 1032.453255994919 2093.322571581905 133.0748433774151
v 1035.614806268616 2097.083673281288 131.7041128604437
v 1029.430147532218 2083.971722842574 136.5726957022763
v 1033.014777500385 2084.431827712826 135.2241022449574
v 1035.694355974952 2088.951576852161 133.1592457337477
v 1038.733645543295 2092.64995149408 131.6810958743479
v 1036.70514369484 2102.4822640227 131.1365675934545
v 1039.356934937851 2097.995348843888 130.9216225940689
v 1042.550147315242 2102.523805068251 130.3324790405535
v 1042.521735053379 2093.47145221556 130.9567201725247
v 1046.450562303168 2090.042858603201 131.0783841435829
v 1052.042448836145 2089.680175589945 130.9742891458543
v 1055.208727026596 2093.518805728178 130.5494329401108
v 1042.675055558219 2088.632594737171 131.8191311639017
v 1045.76587260542 2084.867206669697 132.3886213156311
v 1048.884274037482 2087.074828608033 131.5521422899888
v 1055.183879286956 2087.103099408747 131.5804130907022
v 1057.587403097931 2090.118119414904 131.1963371258916
v 1045.656420802055 2076.210868858834 135.2068606232679
v 1048.884274037482 2073.5253430602 135.8206311049622
v 1052.056411483923 2070.933516254471 136.5800267554744
v 1055.183879286956 2073.359879937188 135.6551679819499
v 1058.303978448264 2070.943693046031 136.6267859022952
v 1055.179040480065 2066.833466726029 138.0409529458465
v 1061.517661369553 2067.071865939179 138.2496294211832
v 1058.368136342899 2049.509589780927 144.1639003528832
v 1063.921296518232 2063.239192258073 139.9048678984621
v 1063.861950710947 2049.964098012712 144.5316756614424
v 1055.183879286956 2046.907956509953 144.8391932803283
v 1058.311246495408 2044.831289681964 145.5899673152601
v 1061.483484536431 2047.206420921251 145.1376576916265
v 1064.83374292464 2044.390509503155 146.4470741358346
v 1033.714662531406 2072.066005912122 139.6351851732712
v 1030.212915930591 2076.571967014878 139.0969021183768
v 1029.348264314729 2071.233981960947 141.59389674047
v 1016.824279515912 2075.074619809212 145.4841518803835
v 1011.354946809581 2075.815253785363 147.3711744033032
v 1089.800796496603 2035.715832676225 155.9404358788107
v 1092.381853472158 2032.116698670704 157.6229404881938
v 1087.303907941494 2039.287277877054 154.1568447701935
v 1092.871709861974 2026.946780437666 158.7872174932226
v 1103.100045762843 2000.067622225062 156.85356430116
v 1093.026530124312 2008.892769677071 161.8250086767779
v 1096.162382180748 2013.359631774659 161.5884906828464
v 1089.889123641808 2004.44920862223 161.8792456866211
v 1070.489573417112 2009.164585320102 156.2509827659538
v 1073.648239819665 2013.60971738025 156.2674086951127
v 1079.696776785374 2014.398988575163 157.8446378828453
v 1070.319385938724 2000.943773966957 157.6510565896446
v 1077.373187539042 1995.546857951234 160.2688000795159
v 1083.593611752528 1995.538866097062 161.6421819582854
v 1086.742226912598 1999.9989047177 161.7744978459644
v 1086.352018677215 2009.123542918372 160.5781255848379
v 1083.444135797747 2013.561896497841 159.052642104067
v 1076.843278579101 2018.037519407452 156.2436475347366
v 1082.858516021839 2018.821196292701 157.795471091488
v 1067.706454696546 2013.553799129134 154.6780987057193
v 1070.830432974872 1995.759702558926 158.6579566453231
v 1067.156862879695 1996.482889553927 157.6626551780123
v 1074.240230750159 1991.093770818466 160.2596198414792
v 1080.443590553398 1991.062733043313 161.5969404666258
v 1085.934477583989 1992.203968204605 162.4641251704746
v 1089.088557643359 1996.65790736535 162.4575215344473
v 1089.556434358884 2013.542933058809 160.5287623585143
v 1086.593052318958 2018.035490164507 158.9645388970057
v 1070.844371853291 2018.032822630138 154.5652614322927
v 1067.698686231021 1991.320592728631 158.7783927450463
v 1092.886990348087 2017.923969360685 160.4156506373526
v 1089.734525710288 2022.501241407838 158.8326141601381
v 1089.227873760925 2027.641175410296 157.6078181108605
v 1086.043442728298 2023.223023913541 157.693132168889
v 1067.846246534845 2039.960392013783 148.3092732736883
v 1077.399490086582 2031.683597116878 153.0417422545553
v 1080.926108266651 2030.510508633122 154.399646324524
v 1084.129332337334 2034.88483615225 154.2439309195717
v 1070.921529712923 2031.188639631017 151.4328433148937
v 1068.381177027586 2034.939264278044 149.842652322559
v 1064.745988694925 2036.205703568884 148.8039365336371
v 1073.50857430391 2027.565452082871 153.0355797223402
v 1077.11045519779 2027.01951273959 154.1769334453189
v 1083.365814800433 2026.855304949662 156.0589244100291
v 1086.622299531155 2031.271362803659 155.9649502328042
v 1064.56958519744 2031.435656570355 150.0079940289527
v 1067.424016038623 2026.911678138805 151.6967648833634
v 1080.088920969812 2022.449231423695 156.1671414191194
v 1073.979702959111 2022.521766952923 154.4003265313863
v 1070.282591626692 2023.2196878575 153.252043951072
v 1067.069567723322 2018.857685980988 153.4339440549343
v 1089.77672556204 1991.262788437837 163.1540937640299
v 1096.113471736204 1991.223548393391 163.8127061492086
v 1051.930463587597 1991.35759907334 155.9914663424169
v 1058.380220676717 1991.025120195875 157.0297698674875
v 1063.933430204697 1992.091714634929 157.8301024653923
v 1055.730674243172 1995.433299197794 155.6334346834456
v 1061.214644870895 1995.974301309154 156.4867407886299
v 1045.970882959856 1990.86277909986 155.4732976379846
v 1048.853392094744 1995.740056265934 154.6795909928181
v 1026.83958321122 1991.261126634553 154.7769561074984
v 1033.132006635067 1991.275076495443 154.7692898529438
v 1039.424293984746 1991.265742162793 154.9484232937045
v 1036.275554284522 1995.07165844985 154.0874084771228
v 1042.561027803277 1995.782412775788 154.1792313654729
v 1029.996890140607 1995.064598958183 154.0862463278865
v 1007.942279190726 1991.189302472911 155.3165677064178
v 1014.244149595287 1991.209987945577 155.1122373926551
v 1011.103634770877 1995.654721140022 154.7787710864163
v 1020.543740197866 1991.235932102453 154.9126775755008
v 1023.703892408727 1995.726835459575 154.1688177215958
v 1017.406409984555 1995.687467026628 154.4623545332042
v 1001.655905861087 2009.003630494554 154.8161614391619
v 1014.269114988017 2000.121719707106 154.2822434771569
v 1011.124960178922 2004.563910501766 154.2706289212784
v 1007.971663259974 2009.011801786016 154.3380928615397
v 1004.819669866938 2013.446517072354 154.5057585850822
v 995.3530037499457 2008.977233276561 155.3066107910387
v 998.5082030489076 2013.430345146905 155.0955432827165
v 1016.665118604528 2003.507406788843 153.8727359731658
v 1013.528351862961 2007.95935455954 153.8886256759378
v 1011.140420703953 2013.46630910485 153.8846243123342
v 1030.734556250373 2041.242650749187 149.1422591974028
v 1033.884561325955 2036.753619003115 149.1080073507617
v 1036.285063538533 2033.427896029348 149.1771071625308
v 1038.665152346058 2030.225598443735 149.3407634481713
v 1042.552305328797 2031.095687073711 148.8739909268909
v 1045.722317215291 2035.617184848756 147.8600241075366
v 1048.914710371628 2039.787364050448 146.807932262055
v 1033.193183355437 2031.337167595087 149.8834145518446
v 1030.059718087619 2035.783452031869 149.9403213545688
v 1026.914646371346 2040.222132942309 150.1774525668498
v 1045.734471412745 2028.886684045967 149.0903887698513
v 1048.883957033797 2031.088479820995 148.6521659467386
v 1052.037282236087 2035.618890293815 147.7338702339044
v 1048.872409125421 2026.223887864584 149.5487825006587
v 1023.355446262164 2035.812728417179 151.3588496520061
v 1026.308213201632 2031.263625316421 151.0445909051805
v 1030.008945830711 2026.822906291569 150.7857258040342
v 1020.926539227503 2040.398656042218 151.6993675248498
v 1055.230018382792 2031.75350596488 148.7453304746646
v 1059.088532582727 2030.304526103831 149.4407107711742
v 1061.483484536431 2033.295343690016 149.0445548231981
v 1052.034076662219 2028.936771729542 149.1404764534259
v 1058.387684075796 2013.311571573801 152.7585970997359
v 1051.770874702359 2013.785802183543 151.8090329162549
v 1048.877415586209 2017.928670429209 150.9188816283095
v 1063.863911996988 2014.482270142619 153.5920100210456
v 1045.659546753266 2013.459435214309 151.4611411282051
v 1048.90193479128 2008.904083340726 152.3477532044569
v 1055.241264813855 2008.834861439092 153.0671046362955
v 1061.483484536431 2011.232303029411 153.7084757068038
v 1039.303129130401 2013.365438602536 151.4358042058376
v 1030.194085274671 2017.973193715485 151.5091143225619
v 1033.364170204196 2013.74916640051 151.6492519048054
v 1036.280916247244 2008.939855696209 152.0528332639838
v 1026.817937555681 2013.400939589554 152.2102498969124
v 1029.970875413366 2008.931414447596 152.3561297354289
v 1033.125239834242 2004.444231404751 152.7002659566849
v 1036.285924411701 1999.92487405271 153.279055402766
v 1039.43486616327 1997.82408869321 153.6637421427079
v 1046.514907271675 1999.082720480428 153.8186709536635
v 1048.884274037482 2002.09537044218 153.4805303009755
v 1052.112612558719 2005.073290196696 153.3119794730647
v 1051.980881839241 2000.232087681561 154.1621621734881
v 1029.969789381757 1999.938784836468 153.38169379881
v 1033.135260913796 1997.775287656065 153.6149411055629
v 1017.338017899804 2008.916820378925 153.4598195090745
v 1020.498000542166 2013.38974697009 152.8643055105302
v 1026.835655664322 1997.9130000752 153.752653524697
v 1014.696077143092 2013.375461003911 153.5090502125812
v 1017.337578247459 2017.85707324807 153.0193285038851
v 995.2925963015996 2035.74046069933 156.974843632195
v 1014.633775384416 2040.161775939211 153.3339645637498
v 1017.314749113777 2035.697011038402 152.7173596856941
v 1020.502668316169 2031.239022698463 152.1399914952293
v 1012.698362460654 2035.703570950675 153.7320982534945
v 1014.145750509285 2031.259795696993 153.3608236755522
v 1017.330263394813 2026.785268021307 152.7998278439259
v 1010.673848422863 2031.210011411772 154.006548551569
v 998.4525794619672 2049.051495170289 156.9113955007444
v 1004.629840957693 2049.071668958878 155.8633205254753
v 998.7906509002397 2031.089346864535 156.0361168019349
v 1004.824457170939 2031.223139408082 155.0368742853684
v 995.9203605473672 2026.489463353734 156.1499305215715
v 1012.587859850815 2026.794583769272 153.5758239639821
v 1014.170198506756 2022.331238218179 153.3337443625333
v 1012.606177964121 2017.885596587869 153.6017296882564
v 994.8732804125399 2018.140436396616 155.736786630117
v 1008.168456385379 1990.096 155.4828571428571
v 1008.736889084568 1990.096 155.4639383742928
v 1012.548886889583 1990.096 155.3423158631356
v 1012.68624 1990.096 155.337933586162
v 1006.769595356078 1990.096 155.5304905168318
v 1007.082386750016 1990.096 155.5190040782912
v 1013.049047509049 1990.096 155.3263581439466
v 1013.483183408229 1990.096 155.3125069559495
v 1014.992252759646 1990.096 155.2815820900121
v 1015.494071823382 1990.096 155.2660425040178
v 1019.782585463138 1990.096 155.1332421954827
v 1021.290145226078 1990.096 155.1171274317503
v 1021.823762397367 1990.096 155.1060361331699
v 1022.096741947893 1990.096 155.1003622196151
v 1022.47056 1990.096 155.0925923653942
v 1026.078863985256 1990.096 155.0175933229668
v 1027.605220539208 1990.096 155.0238483967911
v 1028.127986896686 1990.096 155.0234576441289
v 1031.803217138027 1990.096 155.0207105163146
v 1032.25488 1990.096 155.0203729114492
v 1032.355571869408 1990.096 155.0202976472026
v 1033.950199516119 1990.096 155.06120366969
v 1034.405428988615 1990.096 155.074009464975
v 1038.626849071185 1990.096 155.1927597758738
v 1040.335694686372 1990.096 155.2862759118325
v 1041.950513005726 1990.096 155.3921115919768
v 1042.0392 1990.096 155.397924164355
v 1043.335089339168 1990.096 155.4828571428571
v 1045.057365961286 1990.096 155.5957356726049
v 1045.290233401157 1990.096 155.6109978749138
v 1046.495187274222 1990.096 155.7204665952386
v 1046.856487738138 1990.096 155.7593434199927
v 1051.134931440916 1990.096 156.2197145588796
v 1051.82352 1990.096 156.3062659640669
v 1052.740949216918 1990.096 156.4215812518925
v 1052.931488408666 1990.096 156.4455308725643
v 1053.233135077845 1990.096 156.4903267166389
v 1057.633378110879 1990.096 157.1437819705434
v 1058.500065630086 1990.096 157.2840914365094
v 1058.986261750996 1990.096 157.3635155503898
v 1059.722120138613 1990.096 157.4837240380028
v 1061.60784 1990.096 157.835008657118
v 1062.412751047902 1990.096 157.9849529180202
v 1064.178910105189 1990.096 158.3359497861164
v 1064.450690770698 1990.096 158.3916946941709
v 1064.494008627481 1990.096 158.4005796159109
v 1066.842455275235 1990.096 158.8822692983066
v 1068.602155734855 1990.096 159.2298008928503
v 1071.39216 1990.096 159.8415410553863
v 1073.102426423602 1990.096 160.2165364175886
v 1073.463223926284 1990.096 160.2956453729728
v 1074.912508344219 1990.096 160.5918823337305
v 1076.776239236314 1990.096 160.9919088395791
v 1079.317683428468 1990.096 161.5373980216861
v 1079.769980395576 1990.096 161.6344779038329
v 1080.571920178293 1990.096 161.7928780647289
v 1081.082686912885 1990.096 161.879899283081
v 1081.17648 1990.096 161.8958791583566
v 1081.800193626957 1990.096 162.0021435566518
v 1084.419246245439 1990.096 162.4990176749793
v 1086.205601431678 1990.096 162.8311834298439
v 1086.547341828471 1990.096 162.8794967993457
v 1088.703196197598 1990.096 163.1842795809696
v 1088.947310860905 1990.096 163.2187911635623
v 1090.600505323815 1990.096 163.4565106986749
v 1090.9608 1990.096 163.4935417022525
v 1091.149339898281 1990.096 163.5129197894386
v 1095.427005404054 1990.096 163.9525772618316
v 993.1175999999999 2020.76125813892 156.1980747821584
v 993.1175999999999 2020.048 156.1537966171892
v 993.1175999999999 2020.875190180458 156.2051475394888
v 993.1175999999999 2025.831104552245 156.5945291848395
v 993.1175999999999 2023.410131623414 156.3810365990252
v 993.1175999999999 2022.356494024361 156.3086345554689
v 995.3346029125973 2000.06753584061 155.0508934788605
v 998.4866757062759 1995.613448083066 155.0743257967817
v 999.2727795935523 2066.067555321631 153.9791557515783
v 998.4553696780661 2071.789931908415 151.8301273848357
v 995.3000330518864 2067.432214496208 153.42731724341
v 1127.655015122913 2004.43654555791 162.0444332768971
v 1124.494148848127 2008.930998653538 161.4465327959722
v 1121.361883640447 2004.483574109414 161.527839624336
v 1124.525872004161 1999.966923014862 162.2529058002851
v 1128.410174385977 1999.028484764149 162.6728583298194
v 1130.779142280649 2002.169427697555 162.4635747377545
v 1133.952204853558 2005.105976045689 162.2531527582882
v 1130.789711271203 2008.899268858582 161.7069433225812
v 1099.267426615216 2017.818054110747 161.3250291802094
v 1102.817632222438 2022.509985035827 160.4244320119264
v 1099.281574442872 2026.889226893081 159.5908510057108
v 1114.813603207909 2004.375882670717 160.4857342893589
v 1112.522855521606 1999.721215542779 159.8462806507859
v 1118.22935712342 2000.020393209807 161.38907102253
v 1118.194164097019 2008.969499482097 161.011297954349
v 1111.817457039206 2008.962637644837 160.3797657540835
v 1108.662758542516 2004.407453076541 158.9361474010773
v 1130.776833204727 2040.34051883366 156.0136125554714
v 1124.478456969881 2040.372070110338 156.0379342673286
v 1127.625839089436 2035.539417522095 157.2446426053453
v 1133.925332413706 2035.552135081008 157.1671552065924
v 1137.076445700488 2040.285904355942 155.9789788013462
v 1127.628897681486 2044.775637585604 154.8118731956849
v 1133.92950123249 2044.768381375564 154.8154315887659
v 1130.797945327451 2080.047388859126 143.7344434349025
v 1127.556737860809 2084.201611529724 142.1741917355298
v 1124.241680798315 2080.500090541712 143.1165438162435
v 1127.629339655912 2077.573708793101 144.3234904285644
v 1130.741180920808 2075.317452954052 145.255975120093
v 1133.928944905386 2077.873948919731 144.6237305551953
v 1137.100523154858 2079.986431810126 144.1412794886637
v 1134.074200486352 2084.64338934435 142.5009926081899
v 1095.737327784092 2062.592324149388 147.1683686313717
v 1089.797170598751 2062.221642248304 146.7647817699052
v 1093.031923538463 2058.400628619931 148.6190611004444
v 1098.511242366208 2058.801895923624 148.9129112938799
v 1102.18679287322 2062.646738228983 147.7090062200201
v 1092.918225736081 2066.450824193751 145.3359607279519
v 1099.252050901008 2067.162444884872 145.6861509500334
v 1133.909655156798 2057.478927177628 151.0939190665629
v 1130.755560139603 2061.923884654235 149.6058481000363
v 1127.90830661228 2057.673253308368 150.8805223678148
v 1099.322528161389 2097.853667204428 135.086753077599
v 1096.302909478494 2102.319417736946 133.5309857088386
v 1092.744766303016 2098.349635775669 134.1575560994479
v 1095.38978253761 2094.495669895994 135.5671730018347
v 1099.208078744714 2093.15750971599 136.4404883842007
v 1102.430918658014 2095.969490998296 135.9923110895499
v 1104.889246716534 2098.889752630027 135.4359718401593
v 1102.222325655537 2102.771752907054 134.0762472912264
v 1111.880326532226 2060.27275522633 149.2950048153026
v 1115.015872837653 2058.211002844164 150.2025338575199
v 1115.064209013515 2062.850332797788 148.5585492713098
v 1108.700191991928 2057.607984453864 150.0760612161864
v 1111.897815490637 2053.73123164431 151.634484670548
v 1118.209112302749 2053.950705043962 151.8020234404764
v 1121.321145739095 2058.1456228126 150.504097810114
v 1118.1799317817 2060.527851972631 149.5501015616027
v 1077.980601997433 2101.581430248388 131.6372838583355
v 1080.382300284854 2104.60304386801 131.2623831871579
v 1077.261416271281 2106.849280374647 130.5435462692226
v 1074.144943663583 2103.048356864045 130.9630344811119
v 1083.488526566756 2102.707416394207 131.9959670939554
v 1083.593858553073 2107.503838262747 130.9849466635847
v 1080.354519470061 2098.184245469353 132.6785367398883
v 1001.915140019609 2080.450366404859 147.9882898895378
v 1058.362363658857 2097.975723412615 130.4493766432257
v 1055.189601027223 2102.501089737151 129.8995080220517
v 1064.679340762367 2097.899646315088 130.9952370755725
v 1061.498169329383 2102.469185068163 130.0936116593528
v 1133.989671555941 2098.450270505118 138.3359676256486
v 1127.870676280991 2097.922480651077 137.9961895658369
v 1130.807378602169 2093.376283583807 139.5861581328477
v 1137.123304896498 2094.099250059545 139.8410526427293
v 1137.357612567173 2102.19612893017 137.5170217101686
v 1130.755230631882 2102.700760401854 136.8631223188783
v 1095.397246794424 2081.079685977812 139.9586073932394
v 1092.735080219926 2084.923790390855 138.2603079811113
v 1089.895613574245 2080.60384743074 139.4246817851605
v 1092.981510783803 2078.35868179053 140.6539698352919
v 1096.047077556953 2075.380913742277 142.1531029650736
v 1099.208417286152 2079.805248668632 140.8836764694526
v 1099.314792635392 2084.49214532018 139.2488946103308
v 1114.976883244729 2084.296667767728 141.0490749488554
v 1111.813065840531 2079.87325865011 142.2368139974272
v 1117.950465767836 2080.369192506538 142.6391842536822
v 1111.880326532226 2100.241981813039 135.8103083135909
v 1114.996315527272 2098.27685718403 136.6965182863719
v 1115.091932410002 2103.005497891563 135.3616611441755
v 1108.657753032988 2097.552195092349 136.2378789167078
v 1111.80880586885 2093.268073378909 137.857995116473
v 1117.786911596956 2093.892895881992 138.2777473512331
v 1121.597487979664 2097.760338302716 137.4885354221791
v 1118.93924093676 2101.627747084825 136.1222482802564
v 1048.874953886866 2102.531944697054 129.949438119193
v 1070.947891308613 2106.90770175955 130.0519570338271
v 1036.962864942875 2103.481630500294 131.0995257580578
v 995.3023208977386 2080.644355236919 148.4967258126566
v 1007.828876988192 2098.438389474284 139.4965567808752
v 1005.388461486857 2102.645745279385 138.4894790734888
v 1004.065731369812 2097.230394656155 140.6876277215179
v 1007.680448672106 2093.402937189884 141.4743795718626
v 1014.248993833184 2098.139986263033 138.1378151867249
v 1010.912814720274 2102.334720533714 137.4768588243104
v 1133.930204203939 2022.384981865062 159.8464893193101
v 1130.783594858243 2026.922471984006 159.0600212150915
v 1127.630412993805 2022.377932019514 159.9002294738895
v 1130.775771215556 2018.346056239621 160.5016434623785
v 1102.403296088122 1995.572169790536 160.1467435346227
v 1105.580721282751 1997.220804441939 157.514951482138
v 1107.516773728901 2000.067622225062 157.6237776384511
v 1105.580721282751 2002.963088843367 157.4663026469559
v 1102.07190580662 2004.332306419958 159.8787833014328
v 1099.482642367155 2000.018480371336 161.6738898052242
v 1118.181185932978 2040.372121197755 156.0454865102445
v 1111.883998577368 2040.329688152086 156.0254852951286
v 1115.028322895095 2035.510585046484 157.3667771910185
v 1121.326688848819 2035.525645496536 157.3138149631332
v 1115.025774095635 2044.812332956657 154.6963165233155
v 1121.32778586769 2044.789208681294 154.7769476990638
v 1115.031772461394 2022.36208497259 160.0514063948538
v 1111.885689668676 2026.89242384769 159.374129914422
v 1108.784943447623 2022.001542646422 160.2724951943264
v 1112.192406196958 2018.322233180064 160.5497396449592
v 1118.162186088904 2018.425249809492 160.4754220353085
v 1121.330934188284 2022.370712254266 159.9578553587138
v 1118.18486990631 2026.901245302638 159.2487064178837
v 1099.274711639025 2040.065533782277 155.8346013506684
v 1096.099212419705 2044.175542176825 154.2832751287463
v 1092.947600363234 2039.819167335069 155.6305695561766
v 1004.730754463766 2088.831081601185 143.9454047603344
v 1001.61200438922 2093.588685696935 142.5212778899126
v 999.2009022653425 2089.945163794925 144.3404639249261
v 1001.637234666424 2087.268162011148 145.1089564652086
v 1137.085136448698 2008.877085663999 161.854150718739
v 1137.078747530123 2002.394180319821 162.6883273600199
v 1133.908191229004 2000.187856439205 162.844288325653
v 1137.066911708267 1995.695650155537 163.5364063623848
v 1137.072327642929 2018.297503905737 160.4984326245635
v 1133.931292728726 2013.373283020902 161.2127937053422
v 1098.621012988997 1994.666016305738 162.9356238495562
v 1101.810677716286 1990.333604832548 163.1140794931211
v 995.3395283009735 1991.168578568548 155.3378865199845
v 1001.633565772047 1991.165554503886 155.3690232994799
v 995.3262422923104 2062.559415687902 155.0088306046869
v 998.4691908228253 2058.233778567875 156.0282164865787
v 995.3399864660851 2053.47301671859 156.7144349788617
v 998.487432041687 2078.114621679089 149.3188969052549
v 995.3462651461355 2076.042981070096 150.2986100218434
v 995.336789684827 2044.598439366237 157.2506384596228
v 1124.412603883 1995.006341402566 162.8236659189378
v 1130.755986575186 1995.712381521329 163.2269817733967
v 1127.633264459084 2013.388086879896 161.1172474003839
v 1124.477665371167 2018.368086359685 160.4888423890983
v 1121.334297009813 2013.408073979622 160.9560730772346
v 1120.672853576572 1996.515594546779 162.1932049561371
v 1127.609056772126 1991.242565537892 163.6039535477756
v 1133.919269313129 1991.214145746462 163.9780165926381
v 1115.032761056205 2013.427760355554 160.7630230149345
v 1114.473761687175 1995.529785751022 161.126127492814
v 1117.407790054839 1992.15512888288 162.4502364066832
v 1121.287011876947 1991.302090596542 163.0597027495161
v 1096.114677640678 2030.743479639956 158.56302466619
v 1105.584918348921 2026.88697228155 159.512431042051
v 1102.429040712876 2030.75839143136 158.6367121851801
v 1096.142228655074 2035.501512303386 157.171203240942
v 1099.281116033277 2033.268908809404 157.9271071239901
v 1102.394169454196 2013.423853754461 161.4110821420239
v 1105.572060319445 2017.864682421634 160.8883921716339
v 1102.436636091636 2035.48884209914 157.3345109939435
v 1108.726026736444 2013.441046746423 160.7721289094186
v 1108.736692658438 2030.742935520548 158.604361462103
v 1105.580721282751 2033.317610862131 157.9758091767167
v 1105.565119816973 2009.019407568189 160.3391928678872
v 1108.932012983415 1995.377959934018 159.5447322188126
v 1111.947714283778 1991.539800751702 161.7951104259472
v 1105.869217933169 1991.88016458488 161.3332229946752
v 1137.078747530123 2047.282737021374 154.1229609731534
v 1137.081338365303 2053.379753843217 152.3794780963485
v 1133.933151618996 2049.624120669255 153.4467424078525
v 1137.068641327901 2031.847206482648 157.9628821087228
v 1124.479537031174 2047.235766138885 154.0759900906637
v 1127.636995624001 2049.605965650519 153.394759168264
v 1130.779142280649 2047.270232061579 154.1104560133575
v 1127.639760141552 2030.661632482508 158.3514359018318
v 1130.779142280649 2033.11434260869 157.7725409232761
v 1133.150836803493 2030.330534062611 158.342814937209
v 1118.1799317817 2047.171603097329 154.0118270491078
v 1121.341650992066 2049.578054907263 153.3082344548636
v 1124.513069457247 2054.137698610664 151.9246975678597
v 1130.782569594064 2053.38754495205 152.2908806972716
v 1124.479537031174 2033.182909346569 157.8411076611546
v 1121.339822419707 2030.687646718769 158.4375885116075
v 1118.1799317817 2033.247042223412 157.9052405379974
v 1124.484006699783 2026.911634947696 159.148021929103
v 1137.083499497418 2026.933346151767 158.9744213256785
v 1137.052511344459 2075.402349595347 145.5749546581904
v 1137.058167479079 2089.361240925145 141.2544595625207
v 1125.209084345398 2088.325712308438 140.6802774656296
v 1121.306995191185 2084.890919882511 141.4407768538749
v 1130.736503638709 2088.730422457179 140.9946421304379
v 1121.378272744908 2076.27263602918 144.3060026939206
v 1125.256210091797 2074.93134454443 145.0372381947329
v 1127.572330556922 2070.785728674927 146.5601725074234
v 1133.90487867057 2071.071598151121 146.7957646703068
v 1118.1799317817 2087.066716150332 140.4530170136913
v 1121.390157179996 2089.662806241728 139.9256582560437
v 1127.629339655912 2091.091355518693 140.0231627913498
v 1124.499411570163 2093.461897400888 139.0339130126477
v 1133.928944905386 2091.466430633101 140.3982379057575
v 1115.060870477073 2075.512106872381 144.0560026234672
v 1121.31258760599 2071.536135516605 145.9178337754776
v 1118.1799317817 2073.728611352415 144.9328865785799
v 1124.226938614044 2067.146650366222 147.5924131912195
v 1130.790319378717 2066.702649064301 148.0626672230173
v 1137.090162528058 2066.667116094932 148.3235425941116
v 1089.076462984413 2067.697948661385 144.4247954471623
v 1092.754836372318 2071.52895519536 143.2735224168984
v 1096.13131340854 2068.991193929385 144.6499627462518
v 1086.709076679352 2057.66540067295 148.3745116655467
v 1086.681905534328 2065.131561115466 145.2448235230343
v 1089.831708159065 2055.891116525462 149.3678597051356
v 1093.251952545258 2053.286635131557 150.6756127993925
v 1096.13131340854 2056.252653452511 149.7293966321846
v 1099.334911257995 2071.705404845857 143.927877132635
v 1105.51029570831 2066.414590754184 146.5473028338603
v 1102.430918658014 2069.45026165385 145.1090304707173
v 1099.243434266849 2053.197516306684 151.1359257528812
v 1102.384958894898 2057.511904632544 149.7015473616341
v 1086.556718523706 2071.404241429232 142.614013040091
v 1089.791478034303 2076.089887863541 141.1259027421563
v 1083.588644173535 2067.267645236988 144.0239030393613
v 1089.890610795979 2049.515835011433 151.9016084072371
v 1096.147741422954 2048.841161012165 152.5828561758113
v 1104.867800317509 2072.124831204142 144.3373289282529
v 1102.228286039812 2075.914545397783 142.6521355137037
v 1105.580721282751 2059.9718582685 148.9941078574716
v 1108.753622669779 2062.151383257494 148.4004914468352
v 1102.448580783708 2048.779345031634 152.9570126645604
v 1105.720707207817 2053.485463289278 151.4194382003442
v 1112.087642976144 2066.808585162171 146.9289440771817
v 1108.669835932101 2070.850800693104 145.1652670426263
v 995.573742109877 2093.824731161925 143.2815238838407
v 998.5343588684717 2098.328770819471 141.196125612826
v 994.5666039990143 2101.637442808446 140.569868296721
v 998.4049979962292 2102.922819530686 139.5799871094992
v 995.5165694648779 2107.166789684094 138.5829039088188
v 995.4042849654827 2088.707525788919 145.2809530555977
v 1001.637234666424 2100.052806482297 140.0756265735497
v 1137.061995053822 2061.969631894379 149.7844706237271
v 1127.629339655912 2064.182920072193 148.7506760704637
v 1125.254152419006 2061.584778114286 149.5115561161649
v 1133.928944905386 2064.36901994504 148.9367759433103
v 1121.363308340194 2062.939674036229 148.875095068048
v 1118.213296238952 2067.157441680179 147.231762169193
v 1092.940201020485 2107.169910816063 131.9857298199407
v 1099.256493175871 2107.098435453021 132.6555048262662
v 1089.831708159065 2109.048431183171 131.2532769116175
v 1105.922950410074 2106.640078927785 133.4589854145478
v 1087.422963136135 2106.055044805945 131.6663704141177
v 1089.806618053458 2102.634819553702 132.7155700208604
v 1118.202027240233 2106.83872445149 134.614536243778
v 1111.971653174399 2107.403602524424 133.8677396138152
v 1108.762686960762 2102.340807491975 134.8986375335397
v 1121.329734406437 2104.443865527202 135.5576984370525
v 1124.512685399953 2106.752195385886 135.209427981573
v 1086.809703801032 2097.891587329112 133.545090113822
v 1089.880599379156 2093.373079992966 135.1914226845741
v 1096.380305859329 2088.888839213509 137.4184451746405
v 1102.439245645003 2089.150372427563 138.084230862129
v 1105.551043210451 2093.782582854998 137.0076152564206
v 1083.30141088684 2093.883185541953 134.1757289082068
v 1085.905958874781 2090.075785952655 135.65045392422
v 1089.758848878843 2088.749268651894 136.5913448030911
v 1092.981510783803 2091.635969188771 136.1132828707263
v 1105.650590294694 2085.159881497479 139.7729380070321
v 1108.489783184741 2089.417490147321 138.7002566223002
v 1137.078747530123 2108.962025024815 135.6213643439637
v 1130.834385320727 2107.509789613548 135.5326949963869
v 1134.654992456794 2106.12731851112 136.2143651268413
v 1124.428807597973 2102.077107245212 136.5004907744021
v 1127.629339655912 2104.878788722386 135.9926216322361
v 1108.751648937483 2049.482528570142 152.9876115492422
v 1115.046827225144 2049.537795051434 153.1764405346453
v 1105.580721282751 2046.91583544986 153.7560594016388
v 1108.722215596253 2044.849372830721 154.5511327939924
v 1111.880326532226 2047.068285880127 153.9085098319057
v 1114.991263999241 2070.977309554328 145.6500920669953
v 1074.035415731185 2098.256364734949 131.9179830756367
v 1077.383625545392 2093.402224054987 133.520409317167
v 1080.454520406741 2089.549650495097 135.0640473291425
v 1070.932892410642 2100.086875403515 131.2007083133646
v 1068.565092311495 2097.079886513166 131.5422944362172
v 1070.902292188727 2093.746418988628 132.593245905047
v 1067.811054120669 2102.415074632926 130.519647371907
v 1064.639286639448 2106.943124109944 129.7085085704152
v 1073.861291628297 2089.402221514282 134.2079863203934
v 1017.329616559742 2106.827326590146 134.6983960934119
v 1023.295868817679 2106.843835792344 133.3695173855065
v 1011.809835148998 2107.882006218685 135.5640943327873
v 1014.236445165373 2104.836814639947 135.9506475497966
v 1016.729639389802 2101.692461365154 136.3322033608217
v 1020.438832401925 2102.281484248381 135.2363231297
v 1030.07164264641 2107.132345254643 131.8741403098637
v 1033.802442723867 2107.904474433995 131.0528577268132
v 998.5368269427896 2084.426532011765 146.6877111005496
v 1039.396777864415 2106.919901477816 130.3493798579171
v 1045.726302398889 2106.961114146975 129.8002751001009
v 1052.032189840767 2106.968822881806 129.6113155730498
v 1058.334934089709 2106.958732784621 129.5631724509376
v 1105.550737558953 2080.465794215918 141.377266579402
v 1102.430918658014 2082.477070851021 140.3178653050809
v 1086.681905534328 2077.779863801589 140.0751518463508
v 1084.208738371962 2075.053797801204 140.8466723890001
v 1108.474493544233 2076.042025224075 143.257157990668
v 1109.478024408428 2083.853085706648 140.6367548143995
v 1086.561569154726 2084.203588505697 137.6860436647735
v 1083.35987190096 2080.40353763607 138.6377855828264
v 1083.532102909591 2087.283969913058 136.2157771857151
v 1080.333213235496 2084.982812652179 136.5614300776425
v 1080.463603461073 2076.264746919819 139.8951364511222
v 1111.880326532226 2086.593198706498 139.9794995698564
v 1115.065306795883 2088.910366465691 139.5595200065102
v 1111.880326532226 2073.34220432127 144.5464795474356
v 1077.232497660117 2086.629972179462 135.5617794521185
v 1008.009627883942 2107.226032063733 136.5099500775846
v 1001.409071509007 2106.637119829118 137.8642589993086
v 1105.14348284247 2040.22130495581 155.9538867535493
v 1108.731503189696 2035.496005113054 157.3851414310886
v 1115.039399734781 2030.715610074148 158.5255908574438
v 1102.411362740734 2044.244519095897 154.5502305843333
v 1111.880326532226 2033.298828112915 157.957026427501
v 1092.981510783803 2046.440227416331 153.2804513681095
v 1090.560995772412 2043.82131681473 154.0846659235452
v 1099.281116033277 2046.706694539614 153.5469184913926
v 993.1175999999999 1999.374719485824 155.1409571908679
v 993.1175999999999 1999.735299602853 155.1372097665975
v 993.1175999999999 1990.096 155.4682508691227
v 993.1175999999999 1991.168156785557 155.399318042162
v 993.1175999999999 1996.932432808162 155.1663393013585
v 993.1175999999999 1994.311240990906 155.2508826044513
v 993.1175999999999 1995.620707802206 155.193948625947
v 993.1175999999999 2000.08 155.1339028497271
v 993.1175999999999 2000.760144416724 155.141790557092
v 993.1175999999999 2003.202684788058 155.1701169583713
v 993.1175999999999 2005.823068293973 155.2531455125146
v 993.1175999999999 2008.966891105172 155.397403097784
v 993.1175999999999 2004.514142298878 155.1985965342159
v 993.1175999999999 2000.067472722955 155.1337575695587
v 994.1203119000423 1990.096 155.4405402869194
v 994.581590859168 1990.096 155.4277925489949
v 996.0967982183092 1990.096 155.4211647471626
v 1000.446955980593 1990.096 155.4425300653808
v 1001.014181954788 1990.096 155.4453159329521
v 1002.189121781539 1990.096 155.4828571428571
v 993.1175999999999 2010.041621890569 155.4604175551032
v 993.1175999999999 2010.064 155.4617296459457
v 993.1175999999999 2009.663204292574 155.4382298780573
v 993.1175999999999 2010.424335902507 155.4828571428571
v 995.1282075000343 2008.913147346165 155.3365230489154
v 995.1460582617999 2008.717242563554 155.3270151376149
v 995.1235623006504 2008.964126502541 155.3389972370926
v 995.1231910891165 2008.966386110432 155.3391117063232
v 997.6029713842369 2004.520680247989 155.0952722986726
v 997.6197557079731 2004.269075938549 155.0894212942444
v 997.5971227962066 2004.538004759689 155.0961293732469
v 997.4013419914006 2004.872021888129 155.1145712716867
v 997.678920864681 2003.382164518687 155.0687963587789
v 995.1549513537415 2008.704537291726 155.3261737729488
v 1000.039598213346 2000.068976387732 155.0062968493332
v 1000.691230115679 1998.71456861713 155.0163296323175
v 1000.030022621738 2000.077836610734 155.0064948686688
v 1000.690715571913 1998.705366964597 155.0166430274626
v 997.6799449073371 2003.381451905608 155.0687572616093
v 1002.38249560272 1990.096 155.4890357462595
v 1002.729703542421 1990.096 155.5076501157165
v 1002.737551036354 1990.096 155.5080708323381
v 1001.14893464784 1995.617942379672 155.1365879537917
v 1003.209144124123 1993.398253233624 155.2951500554967
v 1001.136066091132 1995.628811510818 155.1359017912646
v 1003.211649742796 1993.39118018586 155.2957871020955
v 1002.790421290958 1990.096 155.5109052907129
v 1002.90192 1990.096 155.516882913707
v 1002.92666410355 1990.096 155.5182094844236
v 1002.937012589316 1990.096 155.5187642831921
v 1003.856488534386 1990.946478631496 155.5045556035958
v 1004.364110448163 1990.384595079987 155.5737245491603
v 1004.624835622296 1990.096 155.6092511584091
v 1003.826696646028 1991.077469913512 155.4931776010639
v 995.1093511802743 2009.016453364212 155.3424493337108
v 993.1175999999999 2018.106043768064 156.0220235951612
v 993.1175999999999 2018.204244105888 156.0293773863143
v 993.1175999999999 2018.982045299275 156.0876234948468
v 993.1175999999999 2030.045332707694 156.8699250749345
v 993.1175999999999 2031.206146304885 156.9407354058359
v 993.1175999999999 2030.032 156.8691117717083
v 993.1175999999999 2017.577679486724 155.9824567192843
v 993.1175999999999 2017.473162693062 155.9746196385781
v 993.1175999999999 2026.660451140796 156.6575196101469
v 993.1175999999999 2026.820466537841 156.6689388045
v 993.1175999999999 2027.538045806505 156.7136865620306
v 993.1175999999999 2031.277352544581 156.9450790294869
v 993.1175999999999 2031.501217876283 156.9561113319869
v 993.1175999999999 2032.497484126945 157.0052083072281
v 993.1175999999999 2015.374629326771 155.8172633441493
v 993.1175999999999 2032.591825918067 157.0098575629666
v 993.1175999999999 2029.961281986895 156.8647979301744
v 993.1175999999999 2012.110665909087 155.5817313648203
v 993.1175999999999 2013.424209261084 155.6739513819617
v 993.1175999999999 2014.204204382606 155.7305953626572
v 993.1175999999999 2014.667637080357 155.7642502818493
v 993.1175999999999 2026.057343479113 156.6144799793873
v 993.1836554700005 2018.186525531105 156.0270044922542
v 993.1928404309706 2018.075909135196 156.0185754677866
v 993.2247608146497 2017.454210232447 155.9715013791772
v 993.3264787730516 2015.492545342793 155.8227970924475
v 993.2182726140534 2017.579337353623 155.9809866584434
v 995.1026269100284 2009.040779084036 155.34407095628
v 995.0840483203443 2009.107988989477 155.3485513622176
v 994.9839302483394 2009.470176123525 155.3726958000839
v 995.0770848607456 2009.133180000696 155.3502306676043
v 994.9790052058996 2009.485072262357 155.3738040359548
v 993.1760698106468 2026.820480655608 156.6686452511704
v 993.1732777725737 2026.634278636003 156.6553713641289
v 993.219117404615 2027.468512480992 156.7088393044431
v 993.3617521252733 2029.615713517592 156.8420190488191
v 993.3691308808001 2029.714078669282 156.847968035529
v 993.3699908382363 2029.725542640861 156.8486613604861
v 993.9443809698824 2013.404289785258 155.662073975333
v 994.2342404436182 2012.306285032328 155.5813125065667
v 993.4747301431555 2015.022043723914 155.7854614589641
v 993.9390818921952 2013.423991672369 155.6635243493195
v 993.6036720481948 2031.543228829523 156.9547981739365
v 993.5643984758381 2031.277270937793 156.9419648883186
v 993.562627357373 2031.253993054368 156.9405572481503
v 993.7463171901122 2032.509211777679 157.0014098198444
v 993.4173014597274 2030.100922861109 156.871230557528
v 993.4488512226311 2015.111105221198 155.7922571709992
v 993.9275536798644 2033.736532640704 157.0606318232885
v 993.1175999999999 2041.777168509275 157.2488640271581
v 993.1175999999999 2043.676814591134 157.2256245148018
v 993.1175999999999 2040.161193339384 157.2481654009717
v 993.1175999999999 2040.164147359573 157.2482231856065
v 993.1175999999999 2041.319944574787 157.2521158144533
v 993.1175999999999 2035.794982116897 157.1416929653261
v 993.1175999999999 2036.416688189582 157.1581318062505
v 993.1175999999999 2038.856462670609 157.2226431024193
v 993.1175999999999 2038.950849399405 157.224489434639
v 993.1175999999999 2040.016 157.2453252226542
v 993.1175999999999 2035.724801054485 157.1398372727865
v 993.1175999999999 2035.480027037887 157.1296821792209
v 993.1175999999999 2034.428393031292 157.0860523778143
v 993.1175999999999 2045.855558886294 157.1681880612666
v 993.1175999999999 2047.727577293268 157.0995131845118
v 993.1175999999999 2048.20562655327 157.077187822827
v 993.1175999999999 2041.470039452907 157.2526213215134
v 993.1175999999999 2044.596627044836 157.2143718961759
v 993.1175999999999 2045.284436819389 157.1891396381371
v 994.3291020516095 2036.039665698634 157.1530871078078
v 994.2874516467211 2035.725673852489 157.1446153978515
v 994.2793772076963 2035.550246982404 157.1373046237719
v 994.4465451445446 2036.925039410283 157.176975082544
v 994.2484080267104 2035.391218929509 157.130581395442
v 993.9489850752955 2033.853669422555 157.0655784213406
v 995.2258635766323 2040.080583830373 157.2346880459437
v 995.0287332767265 2039.284955209827 157.2202372150005
v 995.4000936847225 2040.986694749942 157.2381172892109
v 995.2537611652504 2040.184619874567 157.2362414693065
v 995.2466796419305 2040.164598602969 157.2362139881284
v 997.2451231748057 2048.732956426946 157.0618448448842
v 996.7582675852154 2046.679752916465 157.1566363693844
v 995.904339585778 2043.750557285121 157.2445811599989
v 994.4549573655763 2036.96916440086 157.1781760062708
v 996.7046543040054 2046.527651582716 157.1636190586939
v 996.1714331558204 2044.617806760709 157.229059883848
v 995.911164031734 2043.788358806411 157.2446699738217
v 996.1629885354333 2044.598433153547 157.2298002838039
v 993.1175999999999 2049.028871334367 157.0387414972473
v 993.1175999999999 2049.270833456922 157.0208105638067
v 993.1175999999999 2050 156.9667746816077
v 993.1175999999999 2050.28535332567 156.9456281838188
v 993.1175999999999 2051.355840350646 156.8424223296317
v 993.1175999999999 2051.993486254523 156.7802968804999
v 993.1175999999999 2055.676737926003 156.3144220860795
v 993.1175999999999 2056.560000092441 156.1853993291199
v 993.1175999999999 2052.507522813184 156.7302146140212
v 993.1175999999999 2050.332132847199 156.9421615235082
v 993.1175999999999 2053.476801519644 156.6357783844356
v 993.1175999999999 2054.217342364896 156.5276036826017
v 997.3158501237352 2049.031231362949 157.0480742002503
v 997.3220326345435 2049.04463138926 157.0470951742714
v 997.3349950268597 2049.250190262157 157.0318913087191
v 997.3400133456377 2049.329771247415 157.0260052159256
v 997.4143638330505 2050.508828478445 156.9387979484094
v 997.416147830644 2050.536773885486 156.9367310560095
v 998.2681352426782 2053.609793876724 156.631072763072
v 998.1821970904693 2053.477510658227 156.6501174721044
v 998.8610384887841 2057.644257584528 156.0957139122113
v 999.0255999404426 2057.914502887611 156.0452475148724
v 999.1236293206955 2058.18859852162 155.9979691972691
v 993.1175999999999 2074.999277508287 150.7373724484934
v 993.1175999999999 2075.160515576311 150.6782093004219
v 993.1175999999999 2068.228347684775 153.1333733875413
v 993.1175999999999 2069.968 152.5546264565983
v 993.1175999999999 2067.775269966881 153.2841031261306
v 993.1175999999999 2068.113217548634 153.1716748414399
v 993.1175999999999 2075.450952423806 150.5716391930995
v 993.1175999999999 2070.284320079819 152.4493932017754
v 993.1175999999999 2070.528570544991 152.3681360414438
v 993.1175999999999 2071.110653363305 152.1620018583064
v 993.1175999999999 2076.020883874538 150.3625140204683
v 993.1175999999999 2076.386219785545 150.2309028728043
v 993.1175999999999 2076.783005248707 150.0879621198981
v 993.1175999999999 2073.113343993598 151.4293787789458
v 993.1175999999999 2072.192890671351 151.7725049858374
v 993.1175999999999 2077.666985722358 149.7695108504106
v 993.1175999999999 2071.858157186351 151.8972867952476
v 1000.854155259034 2075.538265063972 150.180462239454
v 1000.797326234621 2075.42488634529 150.2294430313212
v 1001.002175896238 2076.026491473807 149.9832614922312
v 993.1175999999999 2060.014305485493 155.5132458851779
v 993.1175999999999 2060.116271732478 155.489414274891
v 993.1175999999999 2059.500384186128 155.6333598688412
v 993.1175999999999 2059.740768406015 155.5771771297796
v 993.1175999999999 2058.065623635439 155.9488070454086
v 993.1175999999999 2060.144327165427 155.4828571428571
v 993.1175999999999 2065.824480230042 153.9423681557189
v 993.1175999999999 2066.472935603704 153.7228812973304
v 993.1175999999999 2065.100538778762 154.1773182595
v 993.1175999999999 2059.862750513335 155.5486674010255
v 993.1175999999999 2059.931691734933 155.5325544187946
v 993.1175999999999 2062.992334363761 154.7981762148563
v 993.1175999999999 2064.375166254107 154.412732808075
v 993.1175999999999 2059.984 155.520328900795
v 993.1175999999999 2062.053756059517 155.0365843161133
v 993.1175999999999 2067.073497170661 153.5196053635435
v 993.1175999999999 2067.424848864489 153.4006810973561
v 993.1175999999999 2062.569289712975 154.9160934921177
v 993.1175999999999 2062.973646423017 154.8033851947739
v 993.1175999999999 2062.312800181739 154.9760403738732
v 1000.095883590128 2062.550681208673 154.978954217937
v 999.4427770069277 2059.556428976129 155.7035485215525
v 999.6638838252478 2059.614245569561 155.6786238002483
v 1000.300799549131 2073.890745896977 150.8763091952925
v 1000.196965184438 2073.495936671129 151.0393903894183
v 1000.08815012143 2062.557634292951 154.9773336214523
v 999.7707992959902 2065.332578540562 154.1859742368576
v 999.7806884353507 2065.331111876747 154.1858848928822
v 1000.500118248486 2069.635992620731 152.594876326977
v 999.9545678509314 2066.433744659079 153.8229720794954
v 999.9303964618889 2066.410149546887 153.8325333395807
v 1000.101662039867 2071.697801207596 151.7570029860032
v 1000.004012428945 2071.509049885586 151.8428486899612
v 999.1917749692665 2058.252160290715 155.98108296196
v 1000.487521302222 2069.658271098572 152.5867490182413
v 993.1175999999999 2079.283892946039 149.1356050351323
v 993.1175999999999 2079.952 148.8737098382695
v 993.1175999999999 2080.672183134878 148.5914010334638
v 993.1175999999999 2081.27355583361 148.3640840182991
v 993.1175999999999 2080.477938978219 148.6675439380266
v 993.1175999999999 2082.408790745574 147.9349687421278
v 993.1175999999999 2082.888903325079 147.7534876759833
v 993.1175999999999 2083.577838725796 147.4930722310152
v 993.1175999999999 2079.031079327771 149.2347069259648
v 1001.041046032728 2076.05276334329 149.9682653994591
v 1001.856902391393 2079.851154946406 148.2523491631148
v 1003.477569504056 2084.495283989139 145.9931431223301
v 1003.467220727797 2084.4132537203 146.0280402496261
v 1002.004517797938 2080.612942485649 147.904401603801
v 1001.897903197401 2080.082467885564 148.1486713387717
v 1001.954084180011 2080.362154667039 148.0219225889505
v 1001.973826606423 2080.529286914803 147.9455021820573
v 1001.948913947621 2080.449775014157 147.9834664008336
v 1001.942345232527 2080.440308451682 147.988917451484
v 1001.941142107435 2080.425129802897 147.9962483467876
v 1004.733097774986 2109.904 136.2827918867753
v 1004.842897038116 2109.904 136.2632296356424
v 1007.910490725569 2109.904 135.7389553614532
v 1009.319822129938 2109.904 135.46
v 1009.790259039875 2109.904 135.3668842872261
v 1012.68624 2109.904 134.8322154974573
v 1013.429289053381 2109.904 134.6950305008774
v 1013.435016214722 2109.904 134.6938435793523
v 1015.684261616385 2109.904 134.2277002975557
v 1019.455852310792 2109.904 133.4939058956365
v 1019.725002402344 2109.904 133.434134672191
v 1020.507646912239 2101.009321822625 135.6111667787215
v 1018.692905733311 2100.012290228468 136.3656478623663
v 1020.628245250476 2101.047100481957 135.5653342381868
v 1020.368132608894 2109.904 133.2913122081208
v 1021.135704250096 2109.904 133.1208545433581
v 1021.95325691511 2109.904 132.9640840925682
v 1021.441181561663 2101.378034676755 135.2327421109872
v 1021.470333766566 2101.398909798481 135.2194788458485
v 1022.47056 2109.904 132.8648882348776
v 993.1175999999999 2099.824109971036 141.3870953792252
v 993.1175999999999 2099.92 141.3530284236992
v 993.1175999999999 2103.365620385631 140.1649773507311
v 993.1175999999999 2103.489270305289 140.12317365328
v 993.1175999999999 2088.345779710245 145.6244280498389
v 993.1175999999999 2088.739544852344 145.4714285714286
v 993.1175999999999 2085.708149853934 146.6492927448282
v 993.1175999999999 2084.43287634175 147.1521820025938
v 993.1175999999999 2084.738997541621 147.0283260943092
v 993.1175999999999 2101.764723749795 140.6976513983583
v 993.1175999999999 2102.057867141593 140.6001762448694
v 993.1175999999999 2102.997062719855 140.2878777735109
v 993.1175999999999 2101.408403779021 140.8242415843099
v 993.1175999999999 2103.927970348231 139.9748574722604
v 993.1175999999999 2100.064701329584 141.3016202239856
v 993.1175999999999 2103.302943005643 140.1861673865785
v 993.1175999999999 2104.297798615687 139.8498255349615
v 993.1175999999999 2109.688473391077 138.0973666333547
v 993.1175999999999 2109.904 138.0301251010195
v 993.1175999999999 2099.172048266916 141.6187540544237
v 993.1175999999999 2097.79595830476 142.0973121555704
v 993.1175999999999 2096.894884413868 142.4380022281919
v 993.1175999999999 2096.08912582299 142.7294174659098
v 993.1175999999999 2096.704916665587 142.5098277761429
v 993.1175999999999 2107.005243821221 138.9344997780063
v 993.1175999999999 2107.657286006796 138.7310709952483
v 993.1175999999999 2105.152367453109 139.5609119858892
v 993.1175999999999 2089.611998706328 145.1465371643123
v 993.1175999999999 2089.936 145.0277867632134
v 993.1175999999999 2083.76790705657 147.4212269914155
v 993.1175999999999 2088.972112364891 145.3810632640141
v 993.1175999999999 2089.311587350315 145.2566415673439
v 993.1175999999999 2093.882365599733 143.5163434142906
v 993.1175999999999 2094.513852498108 143.291156544799
v 993.1175999999999 2090.509863589644 144.8174588022541
v 993.1175999999999 2091.951726222711 144.258983150554
v 993.2088816063664 2109.904 138.018664504342
v 993.4738422908838 2109.904 137.98304865098
v 997.3629069960651 2109.904 137.4602829489378
v 999.5325451386899 2109.904 137.1353882010775
v 1001.585809141088 2109.904 136.8066597429439
v 1001.61620439063 2109.904 136.8017934502973
v 1001.829401646865 2109.904 136.7676604770222
v 1002.402047021061 2109.904 136.6759797040203
v 1003.936231849889 2085.228412193364 145.6318619875366
v 1004.013858236844 2085.305266306182 145.5863512759397
v 1002.71425731129 2109.904 136.62599470102
v 1002.90192 2109.904 136.5959498230906
v 1004.789916941158 2086.794810300733 144.8187505341446
v 1003.346385422081 2109.904 136.5247907160669
v 1003.626681164787 2109.904 136.4799152459796
v 1003.647266695041 2109.904 136.4762476502138
v 1004.792256555741 2086.798179216082 144.8168440112835
v 1005.50756874071 2088.137078183485 144.0997645426185
v 1008.355073386978 2092.022612392135 141.8943896143292
v 1005.933640448578 2088.919305957481 143.6590107383829
v 1005.545398849268 2088.240551092935 144.0476519605376
v 1005.927145890805 2088.886090790624 143.6738519689146
v 1011.269162205974 2095.090746364735 139.9984758908177
v 1010.163369208986 2094.135676314057 140.6211623771657
v 1011.329759385415 2095.143194208181 139.9643270292636
v 1008.553756199006 2092.29890371561 141.7408035922776
v 1010.108540485771 2094.05471150056 140.6650106570856
v 1013.527183328707 2097.050440918224 138.7239326804927
v 1013.60882986425 2097.113249682629 138.6797316014099
v 1014.522958695666 2097.822056491409 138.1828050977114
v 1014.523887607311 2097.822703239686 138.1823172540959
v 1014.829379704988 2098.02604029111 138.025354871762
v 1018.507594178516 2099.886469805173 136.4500858301679
v 1014.986770746115 2098.086306614879 137.9610075641708
v 1023.604685348934 2109.904 132.6474131414514
v 1024.756586978689 2102.569396968309 134.0627594019216
v 1024.085049542505 2102.287569007647 134.3043990761292
v 1026.31702795598 2103.035174988389 133.5484237841627
v 1025.591726605258 2109.904 132.2663864910313
v 1026.321615919427 2103.035277223373 133.5472275760769
v 1026.967424068231 2103.21165999858 133.3727311936387
v 1026.061098342315 2109.904 132.1763817464377
v 1026.827096715499 2109.904 132.0137908759372
v 1027.770003833483 2109.904 131.8136493423762
v 1027.611951841832 2103.364627212661 133.2035336993486
v 1028.596554592521 2109.904 131.6696968781059
v 1032.358971101262 2103.774746272083 131.9890455602214
v 1030.362745085826 2109.904 131.3620963210898
v 1032.169438712971 2109.904 131.0261542621947
v 1032.25488 2109.904 131.0102670517413
v 1032.452061817429 2103.76026063682 131.9696653276477
v 1033.360115329707 2103.906054220689 131.7765252077785
v 1033.692951694934 2103.914995010681 131.7063667626386
v 1032.346413512268 2109.904 130.9932470345633
v 1033.506718179286 2109.904 130.8296885647578
v 1035.216656868485 2109.904 130.5886527718181
v 1035.740071368285 2109.904 130.5111016847231
v 1036.143047174116 2103.764515330053 131.2241169372714
v 1037.285703902634 2109.904 130.282094877816
v 1037.318481665496 2109.904 130.278864633589
v 1036.941538518499 2103.476990304726 131.1046643502374
v 1036.961623368099 2103.47058489428 131.1016623500047
v 1036.975245663913 2103.464215549876 131.0996197912447
v 1037.280487819022 2103.454586238551 131.0542776314703
v 1037.079288077568 2103.460659678945 131.0841639460225
v 1037.606220384978 2109.904 130.2505080205587
v 1038.128995566164 2109.904 130.1989885950833
v 1042.326977309723 2102.781099832376 130.362340462459
v 1042.352950226342 2102.802900742691 130.3586972883475
v 1041.509386600062 2109.904 129.8658515024737
v 1041.524414274578 2109.904 129.8645576986057
v 1042.0392 2109.904 129.8202373507024
v 1042.742759717754 2102.796453802511 130.3254575089558
v 1043.415358908037 2109.904 129.7017572947053
v 1043.643539042801 2109.904 129.6821121832386
v 1046.155383323595 2109.904 129.5529717911118
v 1048.02902380663 2101.349026349663 130.0767904982586
v 1044.243758347091 2102.491454299685 130.2521121596771
v 1044.062912753629 2102.532417079308 130.2605430883791
v 1042.762235049546 2102.785994215708 130.3244481940858
v 1047.560361566088 2109.904 129.4807382364473
v 1048.039680785331 2101.335499326597 130.0769290017148
v 1047.892514275285 2109.904 129.4708216234606
v 1048.503707202073 2109.904 129.4525741019221
v 1050.496142510221 2100.210299697474 130.0599516131181
v 1050.513570531335 2100.216348949192 130.0594868165463
v 1050.106878885595 2109.904 129.4047104756547
v 1050.35713965114 2109.904 129.3987853616306
v 1051.82352 2109.904 129.3640676912412
v 1052.840953989876 2099.148207170135 130.0974148891294
v 1053.563122336108 2109.904 129.322881282435
v 1054.014444307069 2109.904 129.3121958914043
v 1055.214232630097 2109.904 129.302845750898
v 1052.848704348181 2099.126913110276 130.0984866611214
v 1058.169119679896 2098.033331227539 130.4355238169129
v 1058.2940127422 2097.975773891431 130.4463076873291
v 1058.33013756458 2097.970430386908 130.4487163016176
v 1056.097198791509 2109.904 129.2959646556972
v 1057.678546189718 2109.904 129.2868293428601
v 1058.346862458559 2097.956579265228 130.451514657759
v 1058.379669124338 2097.950696848603 130.4551191402142
v 1058.437839305583 2097.943903939691 130.4611882988871
v 1057.857663979022 2109.904 129.2857945942389
v 1060.493179152872 2109.904 129.2705694415448
v 1060.77534735532 2109.904 129.2769932901696
v 1061.971394350793 2096.18237658909 131.0606944129562
v 1061.332757518759 2109.904 129.2896833044264
v 1061.60784 2109.904 129.2959458393382
v 1062.464918186306 2109.904 129.3154581035859
v 1063.338658600421 2109.904 129.3329702528009
v 1062.277310168045 2095.884909355126 131.1374038726621
v 1064.414067611604 2094.923757454028 131.5872011121091
v 1063.762465375719 2109.904 129.341464500483
v 1064.608182787343 2094.796821304675 131.6363553468236
v 1065.061184272367 2094.433716737523 131.7560043895378
v 1066.449552132967 2109.904 129.3953210733123
v 1067.480854631535 2109.904 129.450663992739
v 1067.77736761466 2109.904 129.4665758073199
v 1065.419702678973 2093.977395353194 131.8859819900518
v 1065.779337152907 2093.658075518368 132.0028418143858
v 1069.20503711011 2091.0518022553 133.1340532150355
v 1066.122234500717 2093.288225869849 132.1294120406052
v 1068.714646082084 2109.904 129.516873102997
v 1074.563313673395 2085.352510747864 135.6729028669887
v 1072.936051335018 2087.299718486953 134.7891819842454
v 1074.612037905012 2085.289549293396 135.7002689626945
v 1075.228228451326 2084.334265494689 136.1005374650644
v 1069.612377696211 2090.781046494639 133.263769660806
v 1072.638554565773 2087.572976965457 134.655551934635
v 1071.200024469536 2088.973448072588 133.9953602576819
v 1070.915497945884 2089.213322838349 133.8771825786688
v 1070.701657394265 2109.904 129.6057995260695
v 1071.39216 2109.904 129.6367021819698
v 1071.699285043115 2109.904 129.6504472126865
v 1072.11723003967 2109.904 129.6691518639167
v 1072.71317631608 2109.904 129.6958227592355
v 1075.131220243795 2109.904 129.8804327335544
v 1076.742235278974 2109.904 129.9857415428754
v 1078.788156055717 2109.904 130.1194792649075
v 1096.792002826323 1990.096 163.9844863859872
v 1096.073440002224 1990.096 164.0250921496416
v 1096.931868881965 1990.096 163.9765825983041
v 1098.933143505985 1990.096 163.6402505597796
v 1096.702446495362 1995.012788918811 163.146961758655
v 1097.085936037029 1995.754203036823 163.0230864667357
v 1096.704180057646 1992.1921855029 163.6530017533847
v 1097.239027975246 1997.098297156482 162.868099536641
v 1096.43266540063 1990.755285772227 163.9385795161933
v 1097.84149743214 2000.064028000746 162.1436331656711
v 1098.59589741731 2000.594202813986 161.959961072622
v 1097.776160059659 1999.192728363075 162.3271865747099
v 1099.489979443702 1990.096 163.5466693172015
v 1096.459798323067 1990.764635026628 163.9361072854832
v 1096.610997641739 1991.052903733814 163.8590427695761
v 1097.295194473594 1997.12021275091 162.8586836916515
v 1096.718585392981 1991.996731587608 163.6860308002001
v 1096.693204538392 1991.195606087965 163.8209023263209
v 1096.648789821714 1991.124956326106 163.839780539558
v 1100.74512 1990.096 163.3357317592732
v 1101.391605264459 1990.096 163.2270841482648
v 1101.523156614236 1990.096 163.2049757713783
v 1101.644164899917 1990.096 163.1846392503867
v 1101.653626027382 1990.096 163.1835292220096
v 1102.966158427719 2000.678908338474 157.3062572156898
v 1102.487054167278 2000.155684364863 157.7428078801012
v 1102.953570629803 2000.754137410588 157.3565705843452
v 1102.903228096933 2000.064747186615 157.1565328427541
v 1103.012441977573 1999.483439910402 157.3150054045205
v 1102.075320540334 1990.096 163.1340538420866
v 1102.15736859423 1990.096 163.110624249417
v 1102.702372680971 1990.096 162.9549932118808
v 1103.04373111808 1999.612999786935 157.2066087774157
v 1103.679857073293 1999.416160702373 157.0220797973262
v 1105.777201678981 1990.096 162.0769469020482
v 1098.568022785839 2001.7740487422 162.036956071371
v 1098.798609605306 2001.672665134639 161.9653955785078
v 1103.82043490828 2000.89534787195 157.0446227539353
v 1103.671438286026 2000.067622225062 156.9702566967368
v 1095.528594606116 2026.929744173857 159.5309842207535
v 1094.765478003726 2029.095829540953 158.9667568022373
v 1095.539926934011 2026.901433768465 159.538376505527
v 1096.668774586703 2023.424632539052 160.3728857281262
v 1096.700372952444 2023.263624058449 160.405762592633
v 1098.377661471371 2017.852721736607 161.3443737844057
v 1097.86415764958 2019.887808163785 160.9925866219896
v 1098.494775307643 2016.72029376017 161.518950017095
v 1098.386442116635 2017.812918044797 161.351290610068
v 1098.485291940674 2016.651386025096 161.5267929411664
v 1099.190296355276 2008.875592685057 162.0287906642052
v 1099.212190581162 2008.935513443505 162.0225873024548
v 1099.246004718218 2008.960143823667 162.0208498293873
v 1099.24810569315 2008.961834732162 162.0207898230875
v 1101.110100584274 2004.399008929345 160.4408622211738
v 1097.006233432639 2022.344831157656 160.5792494762181
v 1096.920396312841 2022.688488486734 160.520774255854
v 1099.325349814855 2009.168644038332 162.0144099598919
v 1099.155346598879 2013.372506771108 161.7755556706925
v 1099.146484410113 2013.407284138554 161.7731119565089
v 1099.255192632627 2008.968494460473 162.0208729272548
v 1099.266645849652 2008.984567355833 162.020718995736
v 1097.76737890742 2020.159302801405 160.9464689044007
v 1101.065384768456 2004.37522301807 160.4641095142892
v 1099.27045042382 2008.97702680313 162.0193179617812
v 1090.2410957477 2043.472015817938 154.1873057644576
v 1090.151155900707 2043.812791685541 154.0585704563597
v 1090.241158975379 2043.471739607874 154.1874062527987
v 1091.687618123165 2038.47252072199 156.0028238062695
v 1091.263802684766 2039.836968117666 155.5214269993617
v 1091.228827691481 2039.933801803734 155.4854149329201
v 1092.596537670222 2035.525464526728 157.0001103557039
v 1092.365361827833 2036.155514669269 156.786121877564
v 1093.303791284143 2033.477188324745 157.6796131848612
v 1091.777180757624 2038.206603977972 156.09706999785
v 1094.621793222407 2029.409527485931 158.8757933496811
v 1094.28644459477 2030.630875401475 158.5295228023767
v 1093.926711314612 2031.798805143796 158.1857332973613
v 1093.344428058821 2033.393016089832 157.7080705371646
v 1093.634235477458 2032.624519271215 157.9413129170293
v 1105.841719472341 1990.096 162.0766776748331
v 1106.03883470244 1990.096 162.0758551298934
v 1106.283262523016 1990.096 162.0748351535737
v 1106.420167581269 1990.096 162.0742638605141
v 1107.183886469716 1990.096 162.0710769271311
v 1107.584372130456 1990.096 162.0694057348365
v 1110.185627487986 1990.096 162.2147927650635
v 1110.52944 1990.096 162.2196885845899
v 1111.924068610436 1990.096 162.2395478094419
v 1112.32572860324 1990.096 162.2791903026982
v 1113.828718100719 1990.096 162.4275303218327
v 1115.765580862544 1990.096 162.7135420358012
v 1117.698573135968 1990.096 162.8950375618634
v 1117.782785808001 1990.096 162.9045638593864
v 1120.19883984337 1990.096 163.1778724840493
v 1120.31376 1990.096 163.1908724705954
v 1120.444890346805 1990.096 163.2057061846648
v 1122.13243298346 1990.096 163.3227475781722
v 1126.380194186603 1990.096 163.6820767027193
v 1126.804788252108 1990.096 163.717994214686
v 1128.413471184605 1990.096 163.8120862145997
v 1128.45650778136 1990.096 163.8146101709928
v 1130.09808 1990.096 163.910883041256
v 1132.702370074885 1990.096 164.0636161818759
v 1133.277234673781 1990.096 164.0973301204526
v 1134.748585957103 1990.096 164.1632927133935
v 1138.740794256447 1990.096 164.3261816091138
v 1139.059550894292 1990.096 164.3391874226508
v 1139.567828389399 1990.096 164.359926009841
v 1139.8824 1990.096 164.3706215101327
v 1139.8824 2000.08 163.0620444019603
v 1139.8824 1999.705947281508 163.1107059462271
v 1139.8824 1991.683843509089 164.1617025202975
v 1139.8824 1991.387312844759 164.1994253067662
v 1139.8824 1995.691264058191 163.6253960581058
v 1139.8824 1991.198085585548 164.2234976215449
v 1139.8824 1990.874163270439 164.2673687704762
v 1139.8824 1990.623943382433 164.301257865053
v 1139.8824 2005.145284040024 162.3964881244649
v 1139.8824 2004.83395694303 162.4374593524445
v 1139.8824 2002.869825294957 162.6967960641232
v 1139.8824 2000.183569869318 163.0485707135432
v 1139.8824 2000.41939806252 163.0203414544189
v 1139.8824 2005.573440395754 162.3422911901208
v 1139.8824 2010.064 161.7179238166847
v 1139.8824 2008.870567065244 161.8871616544651
v 1139.8824 2008.544354587738 161.9321914480689
v 1139.8824 2018.262643277384 160.4897566378511
v 1139.8824 2014.462232571953 161.0839700858162
v 1139.8824 2020.048 160.185892967811
v 1139.8824 2013.906287248938 161.1708949507516
v 1139.8824 2013.364589942695 161.2516609220334
v 1139.8824 2012.868933875751 161.3201629283896
v 1139.8824 2029.612517996712 158.396903705214
v 1139.8824 2029.07298811277 158.5079833550563
v 1139.8824 2030.032 158.3079160503672
v 1139.8824 2026.938151082265 158.9355199527509
v 1139.8824 2026.539973983808 159.0103488623629
v 1139.8824 2026.508221852528 159.0163159995255
v 1139.8824 2022.392126863666 159.7884403413993
v 1139.8824 2021.941593891061 159.8636075768778
v 1139.8824 2022.894357780251 159.6954648231569
v 1139.8824 2031.62197350425 157.9706238368686
v 1139.8824 2039.847621983739 156.0583799425257
v 1139.8824 2039.314186265659 156.186598936908
v 1139.8824 2040.016 156.017907849658
v 1139.8824 2035.563592696934 157.089261751144
v 1139.8824 2035.160800425445 157.1800917867429
v 1139.8824 2036.078014107881 156.9644597468506
v 1139.8824 2031.836407521251 157.9251344472339
v 1088.785312549937 2048.51502524224 152.2018809547093
v 1088.586907050494 2049.178872939209 151.9337775846887
v 1088.534403377962 2049.442915967019 151.8290947055767
v 1088.080323690729 2051.307278599978 151.0561352029422
v 1088.903464935817 2048.141643273912 152.3531613510129
v 1090.112030212032 2043.973249988936 153.9981832528953
v 1087.961229774329 2051.702058972228 150.8907447492538
v 1139.8824 2042.112687651792 155.4828571428571
v 1139.8824 2040.254075412854 155.960682978903
v 1139.8824 2044.76543089572 154.7986173736574
v 1139.8824 2044.271760181013 154.9277867442312
v 1139.8824 2045.042816424653 154.7232516246158
v 1139.8824 2049.634155667905 153.4714539667092
v 1139.8824 2049.375231847164 153.5446234279214
v 1139.8824 2050 153.3660666043955
v 1139.8824 2050.048290946443 153.3521556181567
v 1083.328072636368 2067.816097172934 143.7634083693272
v 1082.053868481957 2071.085649305194 142.2418879362821
v 1086.185089296252 2058.192458156915 148.1067295983116
v 1086.05990406884 2058.680777360573 147.8890740910075
v 1085.990193535076 2058.966571851633 147.7631462971705
v 1086.304161901626 2057.844567647657 148.2643182196811
v 1083.505952817232 2067.265074386934 144.0168412527327
v 1083.461011717728 2067.411580045497 143.9488757631035
v 1083.521240806424 2067.213643976318 144.0404723168661
v 1083.601338966297 2066.933148135628 144.167821907451
v 1083.45865804312 2067.419852620467 143.9451239131924
v 1084.492688450885 2063.842781533583 145.5750371782616
v 1086.422134040072 2057.471730852075 148.430812962431
v 1086.348846610545 2057.708885773327 148.3256315409436
v 1086.69254981556 2056.511625600049 148.8457905281088
v 1086.728840938573 2056.384839300139 148.9008300844367
v 1084.964837372625 2062.242914940771 146.2980823434713
v 1084.865603583863 2062.550957730943 146.1590188680475
v 1084.696270720272 2063.159152375322 145.8869732249536
v 1087.38278874418 2053.81802916329 150.0082232304067
v 1087.497613406181 2053.312539900511 150.2195132016627
v 1087.587769895913 2052.955957367406 150.3676911778979
v 1087.525769398801 2053.205902452329 150.2643913223851
v 1077.706500289307 2080.598807540026 137.8297342306388
v 1075.544476629608 2083.833980868743 136.3232718003559
v 1077.726876083149 2080.566119755312 137.8443955891618
v 1075.434660810065 2083.991732144535 136.2492035345745
v 1079.839401122244 2076.616440437706 139.6795038412313
v 1079.024993636571 2078.090414810618 138.9830915450796
v 1077.916134492775 2080.147603078834 138.02278327229
v 1077.876393045918 2080.238369610265 137.9842650114826
v 1080.090749256882 2075.979808737694 139.970161245206
v 1079.999578627454 2076.205956559654 139.8657795502929
v 1079.854637141837 2076.583903962736 139.6945609975658
v 1080.43225518742 2075.165891988289 140.35165162596
v 1081.619288188119 2072.334776977867 141.6782496610122
v 1081.676695540405 2072.187675432711 141.7453222071175
v 1081.970867415052 2071.315082364026 142.1380063475771
v 1139.8824 2058.046601117041 151.0336483847719
v 1139.8824 2057.575871980177 151.1771483057068
v 1139.8824 2057.13305867402 151.3095832738225
v 1139.8824 2059.984 150.4501530658088
v 1139.8824 2053.378484061889 152.4047755374777
v 1139.8824 2052.947328558171 152.5274315282079
v 1139.8824 2069.968 147.3984078596955
v 1139.8824 2067.196679258149 148.2503628318013
v 1139.8824 2064.757871530018 149.0045208720065
v 1139.8824 2064.242263338726 149.164972323552
v 1139.8824 2061.609576690729 149.9605706685036
v 1139.8824 2061.985773215635 149.8472698334387
v 1139.8824 2066.468051813737 148.4747945461985
v 1139.8824 2066.656101309067 148.4165464368154
v 1139.8824 2071.817065969313 146.8225628135222
v 1139.8824 2071.314978648337 146.980004706799
v 1139.8824 2070.766855598584 147.1528249544292
v 1139.8824 2076.168810603121 145.4714285714286
v 1139.8824 2075.672092699916 145.6239646242757
v 1139.8824 2075.292547984328 145.7419720054516
v 1139.8824 2078.339187814653 144.8018118293412
v 1139.8824 2077.836479342049 144.9593076970826
v 1139.8824 2079.952 144.3006169188812
v 1139.8824 2085.548495428671 142.5891615348936
v 1139.8824 2085.004954049077 142.7542655408712
v 1139.8824 2084.416071587721 142.9375802523827
v 1139.8824 2089.936 141.2625698179127
v 1139.8824 2089.330530795599 141.4415263764892
v 1139.8824 2081.632684162294 143.7861271449529
v 1139.8824 2080.11009620463 144.2514871976132
v 1139.8824 2080.310536123298 144.1891988121446
v 1079.155824551913 2109.904 130.1435130142604
v 1079.386418978154 2109.904 130.1585865076377
v 1081.17648 2109.904 130.318153696741
v 1081.602676754105 2109.904 130.3561451491148
v 1085.566853143701 2109.904 130.6781166163154
v 1085.824953166143 2109.904 130.7036288807961
v 1086.899271241972 2109.904 130.8098213817795
v 1088.642721349373 2109.904 130.9664930366874
v 1090.781323837868 2109.904 131.1575269580777
v 1090.9608 2109.904 131.1755737532644
v 1092.99703998006 2109.904 131.3803229825477
v 1094.784567994505 2109.904 131.5474766820076
v 1096.197325840217 2109.904 131.679585213143
v 1097.304071466722 2109.904 131.7939989727874
v 1100.74512 2109.904 132.1293116582958
v 1101.516820497002 2109.904 132.2045099484552
v 1103.250217634998 2109.904 132.3843109976237
v 1103.707928144022 2109.904 132.4284206869033
v 1107.762561050631 2109.904 132.8191667897937
v 1139.8824 2092.05742935067 140.6336381035993
v 1139.8824 2091.534858883538 140.7900003108802
v 1139.8824 2094.304811585756 139.9666452622419
v 1110.013175973852 2109.904 133.0428620288445
v 1110.52944 2109.904 133.0908538924191
v 1112.652004776669 2109.904 133.2881673483848
v 1114.149324339494 2109.904 133.4273580580742
v 1116.108934713478 2109.904 133.61605280498
v 1120.22371734851 2109.904 133.9858976472741
v 1120.31376 2109.904 133.9940587618218
v 1121.629865780108 2109.904 134.1133454537469
v 1122.346934920121 2109.904 134.1783378023001
v 1126.330690618784 2109.904 134.5185689224924
v 1128.87441443203 2109.904 134.7300856757548
v 1130.09808 2109.904 134.8271563910216
v 1138.353513798903 2109.904 135.46
v 1138.412882612223 2109.904 135.4643917045804
v 1139.779163112582 2109.904 135.5656331686126
v 1130.672067349678 2109.904 134.8726895530601
v 1139.8824 2109.904 135.5732830279362
v 1132.816070413672 2109.904 135.0427686305497
v 1134.137557848803 2109.904 135.1489096190029
v 1135.803851791967 2109.904 135.2713931930259
v 1139.8824 2097.968277544079 138.9035059569438
v 1139.8824 2097.495475663196 139.0424445846131
v 1139.8824 2098.47031928628 138.7607690529031
v 1139.8824 2095.881008597275 139.5100875329522
v 1139.8824 2099.92 138.3457488144508
v 1139.8824 2109.749063130484 135.6153625202564
v 1139.8824 2106.771245657637 136.4241115796065
v 1139.8824 2106.509842432793 136.4952567512082
v 1139.8824 2106.063662785698 136.6203301929338
v 1139.8824 2102.219161905654 137.6875357932701
v 1139.8824 2101.884658867601 137.7832986252525
v 993.1175999999999 1990.096 155.4828571428571
v 993.1175999999999 2000.08 155.4828571428571
v 993.1175999999999 2010.064 155.4828571428571
v 993.1175999999999 2089.936 145.4714285714286
v 1139.8824 2109.904 145.4714285714286
v 1139.8824 2109.904 155.4828571428571
v 1139.8824 2109.904 165.4942857142857
v 1139.8824 2109.904 175.5057142857143
v 1139.8824 2109.904 185.5171428571429
v 1139.8824 2109.904 195.5285714285714
v 1139.8824 2099.92 145.4714285714286
v 1139.8824 2099.92 155.4828571428571
v 1139.8824 2099.92 165.4942857142857
v 1139.8824 2099.92 175.5057142857143
v 1139.8824 2099.92 185.5171428571429
v 1139.8824 2099.92 195.5285714285714
v 1139.8824 2089.936 145.4714285714286
v 1139.8824 2089.936 155.4828571428571
v 1139.8824 2089.936 165.4942857142857
v 1139.8824 2089.936 175.5057142857143
v 1139.8824 2089.936 185.5171428571429
v 1139.8824 2089.936 195.5285714285714
v 1139.8824 2089.936 205.54
v 1139.8824 2079.952 145.4714285714286
v 1139.8824 2079.952 155.4828571428571
v 1139.8824 2079.952 165.4942857142857
v 1139.8824 2079.952 175.5057142857143
v 1139.8824 2079.952 185.5171428571429
v 1139.8824 2079.952 195.5285714285714
v 1139.8824 2079.952 205.54
v 1139.8824 2069.968 155.4828571428571
v 1139.8824 2069.968 165.4942857142857
v 1139.8824 2069.968 175.5057142857143
v 1139.8824 2069.968 185.5171428571429
v 1139.8824 2069.968 195.5285714285714
v 1139.8824 2069.968 205.54
v 1139.8824 2059.984 155.4828571428571
v 1139.8824 2059.984 165.4942857142857
v 1139.8824 2059.984 175.5057142857143
v 1139.8824 2059.984 185.5171428571429
v 1139.8824 2059.984 195.5285714285714
v 1139.8824 2059.984 205.54
v 1139.8824 2050 155.4828571428571
v 1139.8824 2050 165.4942857142857
v 1139.8824 2050 175.5057142857143
v 1139.8824 2050 185.5171428571429
v 1139.8824 2050 195.5285714285714
v 1139.8824 2050 205.54
v 1139.8824 2040.016 165.4942857142857
v 1139.8824 2040.016 175.5057142857143
v 1139.8824 2040.016 185.5171428571429
v 1139.8824 2040.016 195.5285714285714
v 1139.8824 2040.016 205.54
v 1139.8824 2030.032 165.4942857142857
v 1139.8824 2030.032 175.5057142857143
v 1139.8824 2030.032 185.5171428571429
v 1139.8824 2030.032 195.5285714285714
v 1139.8824 2030.032 205.54
v 1139.8824 2020.048 165.4942857142857
v 1139.8824 2020.048 175.5057142857143
v 1139.8824 2020.048 185.5171428571429
v 1139.8824 2020.048 195.5285714285714
v 1139.8824 2020.048 205.54
v 1139.8824 2010.064 165.4942857142857
v 1139.8824 2010.064 175.5057142857143
v 1139.8824 2010.064 185.5171428571429
v 1139.8824 2010.064 195.5285714285714
v 1139.8824 2010.064 205.54
v 1139.8824 2000.08 165.4942857142857
v 1139.8824 2000.08 175.5057142857143
v 1139.8824 2000.08 185.5171428571429
v 1139.8824 2000.08 195.5285714285714
v 1139.8824 2000.08 205.54
v 1139.8824 1990.096 165.4942857142857
v 1139.8824 1990.096 175.5057142857143
v 1139.8824 1990.096 185.5171428571429
v 1139.8824 1990.096 195.5285714285714
v 1139.8824 1990.096 205.54
v 1110.52944 1990.096 165.4942857142857
v 1120.31376 1990.096 165.4942857142857
v 1130.09808 1990.096 165.4942857142857
v 1130.09808 1990.096 175.5057142857143
v 1130.09808 1990.096 185.5171428571429
v 1130.09808 1990.096 195.5285714285714
v 1120.31376 1990.096 205.54
v 1130.09808 1990.096 205.54
v 1100.74512 1990.096 215.5514285714286
v 1130.09808 2109.904 135.46
v 1120.31376 2109.904 135.46
v 1110.52944 2109.904 135.46
v 1100.74512 2109.904 135.46
v 1090.9608 2109.904 135.46
v 1081.17648 2109.904 135.46
v 1012.68624 2109.904 135.46
v 1130.09808 2109.904 145.4714285714286
v 1120.31376 2109.904 145.4714285714286
v 1110.52944 2109.904 145.4714285714286
v 1100.74512 2109.904 145.4714285714286
v 1130.09808 2109.904 155.4828571428571
v 1120.31376 2109.904 155.4828571428571
v 1110.52944 2109.904 155.4828571428571
v 1100.74512 2109.904 155.4828571428571
v 1130.09808 2109.904 165.4942857142857
v 1120.31376 2109.904 165.4942857142857
v 1110.52944 2109.904 165.4942857142857
v 1130.09808 2109.904 175.5057142857143
v 1120.31376 2109.904 175.5057142857143
v 1110.52944 2109.904 175.5057142857143
v 1130.09808 2109.904 185.5171428571429
v 1120.31376 2109.904 185.5171428571429
v 1110.52944 2109.904 185.5171428571429
v 1130.09808 2109.904 195.5285714285714
v 1120.31376 2109.904 195.5285714285714
v 1110.52944 2109.904 195.5285714285714
v 1100.74512 2109.904 195.5285714285714
v 1130.09808 2109.904 205.54
v 1120.31376 2109.904 205.54
v 1110.52944 2109.904 205.54
v 1100.74512 2109.904 205.54
v 1090.9608 2109.904 205.54
v 1042.0392 2109.904 215.5514285714286
v 1097.834859406261 2040.158064541377 216.2248702077852
v 1095.889320905639 2035.562649806 217.9381502528933
v 1099.924540290202 2036.762689855344 215.7847505688539
v 1102.405677126646 2040.175993925865 213.7972303047301
v 1099.550442047964 2044.739676889128 214.3271920274452
v 1095.565618921936 2043.733349481715 216.590964478905
v 1093.250585070543 2039.977713074399 218.4093070605215
v 1096.517841201009 1995.517675181624 215.6945321085503
v 1102.399079250362 1995.624128385233 214.6241069796602
v 1106.100094259068 1999.746533278133 214.1122350931125
v 1102.393785890789 2004.565442519036 214.9152634256556
v 1061.793762170782 2000.031160074561 229.7664065082516
v 1128.20741358906 2004.59826579628 196.2860794322953
v 1125.486010812947 2003.45388405944 201.2910346545324
v 1126.13815868682 2000.067622225062 199.7017518160243
v 1127.910879712614 2000.067622225062 195.9977179908747
v 1128.437404688062 2008.976609406465 195.9977179908747
v 1126.408904834318 2008.306115568163 200.0813620106279
v 1128.898780218452 1999.508391843116 192.083088098635
v 1129.615707959138 2004.439793784457 191.1902655531325
v 1129.432926770453 2008.976609406465 192.6411965174241
v 998.4981692806438 2003.938983848853 220.1490843051646
v 995.3355392146827 2000.112540931358 219.8402353950219
v 998.5037522202581 1995.640993749433 219.7204827258907
v 1004.809954700896 1995.664439803599 219.9468126215646
v 1007.22925442547 1999.057312146582 220.2811730199653
v 1041.881534207681 1999.077792040686 224.7088921791315
v 1118.34384603259 2040.010493072615 200.6137456961672
v 1115.903710719859 2045.337197230066 201.0824915954267
v 1114.975869826706 2040.36783510876 204.4017547817677
v 1117.192207729362 2034.901132259107 204.2629018144263
v 1120.646394075648 2035.101856152815 199.9177042515486
v 1120.910898040465 2040.198526449378 196.1850632160822
v 1118.84599547344 2045.218165065967 196.5722443335264
v 1116.790975827531 2021.69196217788 208.2173769006908
v 1114.8571898379 2026.6668610924 208.6755958016642
v 1112.208942707559 2022.192469290962 211.1356055589231
v 1115.414737516507 2017.751922606875 209.7643492928683
v 1118.646938417454 2026.900078129403 205.4777657838085
v 1119.50077873101 2017.885596587869 206.7746648418113
v 1120.825831347173 2022.589698448525 204.5212361020942
v 1126.843101157114 2022.216955200126 195.4740077112582
v 1125.062516579842 2027.378657133992 196.5451985551532
v 1124.31509262957 2022.449995490591 200.2634924684989
v 1125.737957935324 2017.885596587869 199.5138378276712
v 1127.530739920732 2017.885596587869 195.9977179908747
v 1128.86513804877 2017.728815221586 191.3772720079441
v 1126.925632283243 2026.659751033159 191.3792086551374
v 1127.992157530734 2022.34009017857 191.543224400173
v 1121.62389147405 2039.925546078254 177.969267349728
v 1123.183512762027 2039.657573962398 183.2451376550794
v 1123.271068350191 2035.186623938545 178.646459757936
v 1120.011546533096 2044.612558132079 177.1813438231782
v 1121.517747366849 2044.795109929443 182.7402418152919
v 1118.682508253749 2040.217891437736 172.912290874654
v 1120.62768825096 2035.72246857932 174.0531029494608
v 1127.812437831702 2004.551666829899 178.128284540998
v 1128.742879002823 2000.260384147441 182.3310099744322
v 1127.278325906665 2000.067622225062 178.1797436280679
v 1129.221895768881 2008.976609406465 181.689459834192
v 1129.478503992471 2005.15120576928 183.1680433704912
v 1127.987697622845 2008.976609406465 178.1797436280679
v 1124.938669949369 2004.595362009727 173.2890172943928
v 1125.940831115274 2008.976609406465 174.536220710471
v 1125.383571476272 2000.067622225062 174.8130041014701
v 1126.885097907868 2021.47947472485 178.9720772523382
v 1123.985077234603 2022.611223379808 174.2423190506309
v 1125.158159131537 2026.836042498107 177.7961613830259
v 1097.521808945849 2102.520974811201 197.964175638157
v 1098.322532598565 2106.225945192821 195.3559243421946
v 1095.463412760438 2105.896121401778 198.4283104265883
v 1093.676933049255 2102.598206034088 201.2647941792428
v 1096.391490720514 2097.794778752032 200.8228097470017
v 1100.279354840131 2098.868733438584 196.6626281905019
v 1100.223482880752 2102.520974811201 195.0171116048513
v 1073.989285389751 2080.062030309196 215.4667568680225
v 1070.868640183257 2084.560800581386 215.1789994344995
v 1077.066120495101 2076.282093015942 215.5440147284784
v 1080.284879773164 2080.209526509757 213.7234421072567
v 1077.099820802634 2084.649775895746 213.7082847387153
v 1086.820045217113 2058.156912676073 216.8518021667792
v 1083.654771273738 2062.608899708392 216.8690042991072
v 1055.179803671984 2098.018174282176 214.9305179528452
v 1052.028141136859 2102.514360810618 214.853107142783
v 1061.470242476213 2098.033240200822 214.3980312072277
v 1058.323921141252 2102.496223768932 214.3011487592223
v 998.470325604447 2094.084121362527 228.910119125169
v 994.9966646796411 2098.15780600505 227.2657370600987
v 995.3376294169499 2091.59738816094 229.6190672476305
v 1001.630648660272 2098.206116615582 227.3017250152003
v 1113.01621640358 2080.593047326583 178.1869253807189
v 1113.472039523826 2076.464290247857 183.3449371145
v 1113.832254419578 2075.963121553136 178.1326403353133
v 1112.279294850506 2084.703000448394 178.1797436280679
v 1111.818046107766 2084.685713641384 182.6146246048752
v 1112.783929361818 2080.248506857693 182.6342372187696
v 1113.138213264842 2076.371353875154 173.2092276226067
v 1112.016627499853 2085.027675718531 173.8994103113492
v 1112.731234023797 2080.248506857693 173.7252500373662
v 1102.824630687392 2080.28846575831 200.9766015266964
v 1100.459643486294 2085.276281727489 201.4966225058949
v 1099.154998520224 2080.176572960933 204.1824005659244
v 1101.309863877511 2075.281960021397 203.9722269279079
v 1105.135928856992 2076.099470394688 200.1096373536103
v 1106.448813569886 2081.005637384852 196.6360538244175
v 1103.982392987539 2084.703000448394 198.191834029363
v 1092.417543811502 2083.812142448856 207.6727710224844
v 1094.661748598837 2080.248506857693 207.2829202783125
v 1096.262986509521 2084.592354186298 205.0359649134502
v 1090.083628134997 2080.357926417013 209.7789194129733
v 1093.068703598228 2075.716955991758 209.4100915016067
v 1096.77882348422 2076.840724086237 206.8691335223244
v 1114.104342074721 2049.06705172278 201.4520784982725
v 1114.029773860784 2052.672173322994 199.7030845638508
v 1110.567405030613 2052.857386060128 203.6992745339475
v 1109.859134192099 2049.931156703756 205.587183534146
v 1112.255466802207 2044.630740600342 205.4124137442901
v 1100.154644525606 2058.172210384511 210.2093033789498
v 1096.63894879401 2063.214721973161 210.8632930881276
v 1095.673457786156 2057.797074727662 212.9303647761482
v 1097.997495998447 2053.087912330085 212.986509538182
v 1102.635656742979 2053.599922901559 209.9962577431061
v 1101.122920232084 2061.912229587504 208.3888528771197
v 1104.216894730254 2057.976038904184 207.4324567557141
v 1091.140626093597 2107.887457955781 201.1519909179736
v 1086.540774386885 2106.935231818452 204.5635042471932
v 1089.579212700066 2102.435202175651 204.1951456064719
v 1116.881901919326 2057.976038904184 177.0833209588041
v 1117.816564527549 2057.81231258392 182.8666191454752
v 1118.174452152856 2053.520644623824 178.1803932253886
v 1116.487106817938 2061.380747723117 178.1797436280679
v 1116.517324935181 2062.865492719726 182.6313806484873
v 1115.896093595139 2054.47158327495 172.8913912388099
v 1115.073565353218 2062.41229018125 173.6947671147164
v 1115.743946274158 2057.976038904184 173.7252500373662
v 1116.576130098587 2052.859904756735 195.3992487097939
v 1114.523198278971 2058.067457259645 195.7673421990265
v 1117.107079319067 2049.06705172278 197.0487386273285
v 1116.791972047355 2057.413703032837 190.9669116109897
v 1118.934738002367 2049.830475512689 192.3150722649058
v 1117.917041156661 2053.521545313482 191.543224400173
v 1103.151207176498 2097.862450720765 155.157229689077
v 1106.048999043758 2097.9240051975 160.2506345773807
v 1104.691236846124 2092.629048535367 156.6870917189667
v 1103.507478841493 2102.520974811201 156.9539824604063
v 1099.928091887294 2097.952552165169 150.8999763722911
v 1100.481996358961 2102.520974811201 152.3518657967938
v 1101.592928077593 2092.943655233594 152.4930167031604
v 1105.41288779798 2053.456401715419 160.6762640704987
v 1101.828183057302 2054.610333622954 157.8484608450834
v 1103.647275976023 2057.976038904184 158.6415802494408
v 1106.59569583538 2057.976038904184 161.2208100494873
v 1105.71532925249 2062.500718919688 159.8484490005008
v 1101.926872508325 2062.608830770083 156.4329508240625
v 1099.572188320148 2058.154614823593 155.571966308815
v 1103.228112022065 2079.905839831747 154.9191763909454
v 1106.974083567688 2080.248506857693 159.6943755088774
v 1104.677959878777 2076.463400111033 156.9690596364813
v 1104.8590216688 2084.681658240796 156.6161264233204
v 1099.440238211007 2080.33065276238 151.0049180061206
v 1101.493735980555 2085.379338723585 152.5253945703616
v 1101.132893907617 2075.794013266991 153.2884662901653
v 1091.103272017895 2057.573123719962 150.6639507293858
v 1093.365817195887 2062.26895126665 150.5751590837978
v 1095.656040522492 2058.742703465486 152.8915840064363
v 1092.438139576319 2053.735078922328 152.4312424057633
v 1096.92109880988 2053.708409858875 154.8873038675305
v 1097.887125778638 2062.430532494885 153.4241820077835
v 1086.516641813628 2058.218021548358 148.2339432322472
v 1096.153528778131 2098.061488768822 146.9257273200135
v 1097.220007644584 2093.611987629798 147.8331653279701
v 1097.798655936885 2102.520974811201 149.0948036671501
v 1094.936017598906 2102.520974811201 146.2116545148549
v 1092.271196734888 2098.092302771896 143.6263310865876
v 1094.252181941197 2093.611987629798 145.2012881090526
v 1083.627700699703 2098.072618366508 138.0075904389589
v 1086.374002536916 2093.520311817734 139.7765190986578
v 1080.836189309485 2093.662766954633 136.8976811379235
v 1088.052144637968 2098.066481220499 140.6059841783937
v 1085.715397465474 2102.578402903489 139.3001970688811
v 1078.901837295211 2098.066481220499 135.7284985595947
v 1080.679456973259 2102.486178353612 136.5552630883688
v 1071.309058968886 2093.405638120958 133.3446923318834
v 1073.791673989708 2098.003309153195 133.7689906489051
v 1076.916975938174 2093.495214982759 135.2427631062884
v 1077.392578353179 2102.539308147114 135.0854234701763
v 1071.416632277011 2102.51707735905 132.9504329233744
v 1067.690870656523 2098.104641977028 132.0237893829878
v 1082.926401905348 2081.17884546165 139.8762304906545
v 1084.008552823671 2075.606230446367 141.7802111185825
v 1086.905766183173 2080.137264685176 142.1239191088494
v 1080.533227396934 2084.812432607768 138.0176965485017
v 1007.284083714121 2093.398763931393 141.8330300756234
v 1001.547686794353 2093.459363194546 143.6942710890816
v 1004.096697029369 2097.772945471978 141.8441889823076
v 1004.671816047722 2088.882664694955 144.0945084947292
v 1008.607632615696 2099.059178769555 140.0306429944033
v 996.1006569891883 2067.789842480887 153.4366824202817
v 995.3392298583316 2062.53310339518 155.2324428042994
v 999.2717991671311 2066.081107296005 153.9940942582945
v 998.6905518825727 2071.575379440998 151.9744149065333
v 994.6831712894784 2097.09634095541 145.1026046681908
v 1048.87477521047 2102.559810495121 130.0317264464983
v 1118.223466637344 2026.771218473473 169.1986124136021
v 1121.917573107497 2026.906805471913 172.8812876393198
v 1120.245200941068 2021.417762740295 169.9149138732398
v 1118.875115494122 2017.777077631406 168.2308704766527
v 1122.787102206454 2017.885596587869 171.6642207292163
v 1116.466493652038 2022.34009017857 167.2394302972177
v 1102.486517877048 2040.178907138597 160.3209189301049
v 1105.254349395187 2035.64648656353 162.0590314342569
v 1099.643717066163 2035.758126678204 159.5996538774754
v 1107.016236603432 2040.158064541377 162.7861376204619
v 1104.900915954299 2044.564083171612 161.2261552125136
v 1097.734538797719 2040.158064541377 158.0944661763434
v 1099.877219541284 2043.629326040378 158.5355195079591
v 1109.02451148616 2004.639913213649 159.8972548386631
v 1113.330945917771 2004.522115815764 162.7647772470835
v 1111.462346880041 2000.265900733087 160.8757304695557
v 1111.190861882438 2007.971305551387 162.3421233788456
v 1105.570579223665 2008.466148074568 160.9544583342322
v 1102.180383378507 2004.377993407522 160.011751961605
v 1105.580721282751 2002.917913296827 157.5114781934962
v 1107.435342715725 2000.067622225062 157.7389384816811
v 1099.06859786114 2026.907045248182 160.5219706164728
v 1102.520937116634 2022.306078361729 161.8220351402018
v 1099.324375914991 2017.840437053501 161.5045064162276
v 995.3461079471365 2000.075146902917 155.2390230984184
v 998.495923060794 1995.626100624424 155.2218922551558
v 1098.887810341671 1995.772878799025 163.0626336435172
v 1099.648797358454 2000.56342726003 161.8601590165464
v 1001.023104231036 2088.371928178251 145.3442110415187
v 998.5035256706791 2084.947976034101 147.129093029525
v 1001.8744898262 2080.446441613515 148.0040226542322
v 1077.096048361068 2097.891910599329 211.0875320834648
v 1073.950719998883 2102.337283014116 211.1613548934112
v 1073.533707124977 2097.284669299946 212.2574942846594
v 1076.672215303956 2092.809297949952 212.2206437669954
v 1080.245244981491 2093.448059984245 210.9396137191449
v 1083.140839060055 2097.900775210923 208.8231600196788
v 1080.103949623388 2102.408682578452 209.0074927296169
v 1109.543786610476 2062.47598850947 164.0779238333404
v 1112.580883801115 2062.336103690915 168.466963659468
v 1111.008085433044 2057.269359463294 165.9114804472881
v 1109.480699378498 2053.547843916764 164.2590808008972
v 1113.315168940327 2053.521545313482 168.6092811949072
v 1113.714010940409 2057.294619639199 169.6848701071627
v 1110.153102269242 2094.187327166761 178.8410054015837
v 1110.420233595152 2089.87213631296 183.3447629337825
v 1111.352905816776 2089.252177186474 178.2051050715451
v 1109.236508191492 2098.066481220499 178.1797436280679
v 1108.401075482631 2098.045937850762 182.605784823952
v 1109.648092300538 2093.611987629798 182.6342372187696
v 1110.562225055894 2093.085001762068 174.3822113684203
v 1109.325491636476 2098.302788261958 173.3765836733452
v 1115.485654106011 1999.73988815453 210.202849894467
v 1113.451344230698 2004.522115815764 211.5829532988882
v 1111.581036780927 1999.988522605374 212.2557511780674
v 1112.486587594548 1994.621559185869 211.210150828146
v 1117.455029830277 1995.40636504602 208.2351670518084
v 1117.898870120446 2004.503320429191 208.9534613112298
v 1119.806673514728 2000.067622225062 207.2072653936044
v 1115.228727891955 2000.171831480143 164.3191129895123
v 1117.471874015083 2004.50753329573 165.9268051142499
v 1119.404374800034 1999.417594450311 168.1274714710059
v 1121.344140367428 2004.525647327003 169.2220370140824
v 1119.390403997954 2008.976609406465 167.5588902215622
v 1115.185530086675 2008.918777922225 164.6695262821003
v 1058.412575094296 2000.091275526957 228.5265388771132
v 1105.239466732483 2035.506894972323 213.1149768856203
v 1106.198939042747 2041.173137704367 211.2505638666552
v 1104.086943741437 2044.612558132079 211.7031718955861
v 1096.64268514572 2049.287693177092 214.7239410930484
v 1101.862741975972 2048.166694633115 212.1118120944481
v 1098.839367672152 2031.3111964065 217.054239474221
v 1092.524060850928 2048.379967474085 216.9361697965096
v 1103.339267346406 2031.165804582055 214.8362090994653
v 1108.588207658058 2044.546871680113 208.5571599599402
v 1105.593375416255 2049.055223014476 209.3736056837292
v 1109.636690655249 2035.982610329849 210.2283761612036
v 1110.731785370915 2039.653838313942 208.4348554424698
v 1108.241301557754 2030.409807249037 212.2845573607343
v 1093.26868872693 2053.223148212293 215.3791192186857
v 1101.076817926083 2026.794583769272 216.3551983244673
v 1090.000500626551 2053.717555676637 216.7052641508923
v 1105.87775302672 2026.701798145547 214.0415017303525
v 1101.053680766194 2017.885596587869 216.3224774391563
v 1102.801885746509 2022.339576374863 215.6901366196972
v 1102.288012904757 2013.510671413442 215.5626251655004
v 1105.889983281027 2017.890223719632 214.4419619337026
v 1108.282097976295 2022.01831500364 213.2246060842264
v 1105.957327944075 2008.98806076995 214.2847532890175
v 1108.271722931133 2013.444405069338 213.5668112876447
v 1111.347171491198 2016.938027538987 212.1141282149313
v 1110.331460162498 2026.794583769272 211.6252645273093
v 1099.200088503385 1991.152274045224 215.0263621384196
v 1092.664117390069 1995.628700803662 217.2421447981545
v 1094.816288070941 1991.158635043658 216.4104592770869
v 1105.219050289054 1991.329027176098 213.5114143802371
v 1108.291450784155 1995.565977800889 213.1165875096056
v 1108.269450142664 2004.518709375393 213.6158288748341
v 1088.103031199723 1995.61312863436 220.2799611342214
v 1090.223507426152 1991.147513380246 218.7292736000894
v 1110.299893079733 1991.158635043658 211.5806219307381
v 1111.595166729267 2009.012284842159 212.3529287725233
v 1060.809261363668 1994.503503526465 229.2422937886694
v 1063.853979454751 1990.160172796908 229.2797429002135
v 1052.471376233288 2000.362282445624 226.8820464026159
v 1054.973664613959 1995.676765754207 227.2614708630734
v 1057.778445179312 1990.87642278355 227.6637517697633
v 1129.403584686716 2000.473573481624 187.030339707505
v 1130.007250294958 2008.985815047701 187.0730399852832
v 1129.907444259587 2004.522115815764 187.0887308094713
v 1127.134982782031 1995.672838535875 195.6704591346303
v 1128.043272464889 2013.33275610214 196.1958748333627
v 1129.548487545427 2012.858269868972 191.0131125377085
v 1122.873973569811 2000.067622225062 204.2077456492247
v 1124.867711830693 1995.722937256424 200.3537060101542
v 1123.605063609195 2008.296695854066 203.8511411726737
v 1125.274021606479 2013.244183994309 201.2456793648945
v 1122.079122794208 2004.574633290023 205.466246158176
v 1128.202080912301 1995.61312863436 191.543224400173
v 1128.348447019089 1995.412392594829 186.7524007907543
v 1129.790488350525 2013.431102997167 187.0887308094713
v 1129.405639598682 2012.778188700388 183.2056105190318
v 1125.146174701532 1990.529667249141 196.6204480145592
v 1127.00152513017 1991.670777346323 191.3075990859029
v 1129.369161420896 2016.980210188276 187.0887308094713
v 1121.332104352617 1995.615852725382 204.9158651892468
v 1122.451465610264 1990.215823726239 201.2990243493548
v 1122.361577061835 2017.885596587869 203.9981328661992
v 1121.858274134979 2013.322571742964 205.29398097532
v 1119.935935768275 2008.976609406465 207.3900698256738
v 1128.737572835462 2017.753396759585 182.8119713464903
v 1127.059444677445 1991.158635043658 187.0887308094713
v 1126.610046974625 1991.550307729002 183.0856681328934
v 1127.832662734791 1995.61312863436 182.6342372187696
v 1086.009112185473 1991.086968733092 221.6934809905417
v 1001.650038600919 1991.206052911933 219.3069209984345
v 995.0892205638577 1990.821762019036 218.7175075320853
v 1007.955681096818 1991.24139319517 219.6094967045365
v 1011.151050007068 1994.993392463118 220.2688322267265
v 1014.935521350929 1996.556821198812 220.7923439478876
v 995.3376294169499 2006.938437848806 220.3083575020428
v 1014.272667035378 1991.289619292235 220.0281274502218
v 1023.635077083142 1990.987086052851 220.8849541674236
v 1029.950898061675 1991.060657722334 221.6869012204252
v 1036.244757029612 1991.378855775096 222.6794696358526
v 1026.814352203676 1995.558255668035 222.0470646718153
v 1019.772271128512 1990.176406086722 220.3325619267142
v 1032.844211819189 1995.50688573066 222.8461598501224
v 1020.495342122596 1995.503174319552 221.2698455522899
v 1017.38624779011 1993.273907372611 220.609407206132
v 1045.656172016943 1999.979311363053 225.442569347631
v 1039.481566558768 1995.692933208285 223.8783402077094
v 1042.636869872846 1991.240633036555 223.7944826279418
v 1045.027553026369 1994.59596173332 224.7415800056286
v 1048.795647857503 1995.535852717228 225.6350138697262
v 1048.147057041367 1990.100876151414 224.8250207016467
v 1123.065192793488 2035.121077071061 195.4479595323886
v 1122.959740823449 2039.572019566207 190.8563547239572
v 1121.036262034145 2044.625231809288 191.528705828081
v 1119.828109106251 2031.249077359974 202.7830863071526
v 1122.296849615268 2031.249077359974 199.3840942388227
v 1113.602295270302 2035.703570950675 207.3419367156479
v 1116.349859795341 2031.90902273304 206.0976740111943
v 1122.943765266307 2041.081757458455 187.0887308094713
v 1120.33437652414 2048.816681363956 187.1968226736219
v 1121.763483176787 2044.612558132079 187.0887308094713
v 1124.155813143159 2035.703570950675 191.543224400173
v 1125.314396342586 2031.848094569049 191.7447353463708
v 1124.661605709675 2035.842180337189 187.0724088816368
v 1124.138025055088 2031.249077359974 195.9977179908747
v 1122.259012201265 2027.620479634732 201.1539202531733
v 1112.149051983773 2031.073627258929 209.663540151199
v 1118.812750144895 2053.584715789552 187.28310220181
v 1117.932713508741 2013.186160888269 208.5612230387102
v 1113.304117679633 2013.431102997167 211.3747435136301
v 1128.422944826395 2022.199159422227 187.0933620558954
v 1115.314672937474 2008.961077205715 210.4909584301835
v 1126.32069583691 2030.482693386568 187.0887308094713
v 1127.345948946892 2026.794583769272 187.0887308094713
v 1125.351345775887 2031.908445095661 182.384644330701
v 1126.89230403136 2026.640815192246 182.7889825053632
v 1127.899405651982 2022.34009017857 182.6342372187696
v 1117.539774558335 2048.980931114314 174.0964301641343
v 1119.635010351913 2048.352429186762 178.8855413290934
v 1118.261342499154 2044.612558132079 173.7252500373662
v 1116.67061888135 2044.612558132079 171.4052472202047
v 1115.167409969332 2040.077493145455 168.853702123419
v 1117.214940178986 2034.862278535384 169.876732523386
v 1122.259204382746 2031.249077359974 174.7897109327268
v 1119.717456037285 2031.249077359974 171.5508623826403
v 1124.191252579523 2031.249077359974 178.1797436280679
v 1124.326574685718 2035.703570950675 182.6342372187696
v 1119.931667914355 2050.095130253657 182.6342372187696
v 1114.604518851417 2049.190184947697 169.6762019328995
v 1114.021909351844 2044.612558132079 168.3742555878436
v 1111.315415535449 2040.199413947821 165.6358814288758
v 1113.540570152581 2035.703570950675 166.922817401915
v 1115.811916710997 2031.138236008723 168.0752235118444
v 1118.958818911443 2053.521545313482 182.6342372187696
v 1124.856396911732 2013.357030298921 173.3748839587282
v 1127.740010603668 2013.412226413049 178.1494250127643
v 1122.309859875546 2008.976609406465 170.1672257736546
v 1122.907029210037 2000.067622225062 171.4946183342554
v 1126.814612555655 1996.492941313397 179.0071896729191
v 1123.960176899116 1996.080343456463 174.1248151916836
v 1126.624674236953 2017.885596587869 177.0746430763087
v 1124.528613533781 2017.885596587869 173.7252500373662
v 1121.250389365459 2013.471493247897 169.5247266538599
v 1120.375375052427 1996.38755041271 169.8751578235319
v 1121.410545154282 1991.437200736477 173.2113810102929
v 1124.660320172263 1991.34043113291 178.084201393315
v 1114.507482563329 2025.855465502363 166.4945150239164
v 1114.534326113452 2017.572904797341 165.567057907777
v 1111.882081130808 2022.339561356176 164.8151767810482
v 1117.621306819054 2012.397598169942 166.6397826816432
v 1119.046623660133 1990.489224523171 205.4436190121207
v 1114.920698219182 1991.205332909634 209.0060425755698
v 1117.824203992281 1991.055212715667 169.8218875024249
v 1114.352499849758 1992.094652859777 166.7105932285922
v 1116.726895318758 1995.61312863436 166.8711667284784
v 1051.947873320214 1991.069650403022 225.9328180995576
v 1081.905235078956 1991.158635043658 224.8784345755144
v 1091.850350135705 2097.267457497198 204.3489009243817
v 1095.564163609074 2092.675290487118 203.1679370912964
v 1098.975787758689 2093.590107002586 200.0520309186379
v 1102.457588541281 2093.440219244169 196.4890276252088
v 1103.55004390825 2099.037384006083 192.4075420364943
v 1101.660962420867 2106.323905074877 190.9447812653766
v 1103.46949938725 2102.520974811201 190.4987482628212
v 1087.253564518322 2098.940203112725 206.5888749527212
v 1091.059794582071 2094.059476901735 205.7579502622389
v 1084.210621834967 2103.529688739617 206.874989767288
v 1093.288142544041 2089.293091675869 205.6893831967999
v 1097.674748226385 2089.157494039096 202.6349580336121
v 1101.28538654521 2088.234448080187 199.727967038815
v 1105.850000406065 2093.360760120755 191.8804595932417
v 1106.300119771371 2098.75747272473 187.7463467476013
v 1104.913295796916 2088.572768539301 195.5021064541404
v 1104.091683677191 2106.376976867167 186.5177242542392
v 1105.311424811421 2102.520974811201 187.0887308094713
v 1083.421296610081 2075.749904488845 213.6939454921619
v 1086.011668371673 2079.258840995981 211.878168006536
v 1082.914299626941 2083.801687726441 212.0406738505263
v 1073.859728876677 2089.067780935729 213.6625476539224
v 1079.800120766086 2088.316878286052 212.15175042946
v 1077.347775776625 2071.543804149235 216.5999057880206
v 1080.944784991073 2072.123471967225 215.3951181447799
v 1087.16424213695 2084.915590983961 210.0568357115815
v 1084.03163114541 2089.03995244537 210.4452649565618
v 1086.519404292993 2071.275369808094 213.6096771345713
v 1089.090535418136 2074.685459213813 211.6589617582213
v 1067.742950015321 2089.060496026867 214.8708975306133
v 1080.498764353277 2067.071886672815 216.7801290551662
v 1070.571948676615 2093.465239265316 213.6048295041961
v 1064.6102103711 2093.553740068293 214.5915058895729
v 1084.100537400363 2067.689413183199 215.4239672174635
v 1090.336755611757 2058.715598851904 215.2694972586399
v 1087.231801445176 2063.221372308796 215.3842024226054
v 1092.638685383083 2062.297331347712 213.240281133039
v 1089.589204713649 2066.790220179583 213.4619040750972
v 1033.195226538294 2107.061640648954 217.3454167102667
v 1038.698771980754 2105.902729546229 216.1564527126112
v 1042.523061690422 2106.916249471229 215.360403539693
v 1040.96744317232 2102.520974811201 215.9830835452604
v 1027.52927667373 2107.216863953661 218.8838574671142
v 1045.683513352219 2102.506789181881 215.2336014329192
v 1048.867852609609 2106.965009372936 214.6756686249856
v 1055.80259724468 2107.210878874712 214.0393125035174
v 1063.999935596508 2102.250482457164 213.5081614654709
v 1061.202133080409 2106.587756740127 213.3467311100146
v 1067.272414670447 2097.853061456105 213.5532275275357
v 1070.383608067116 2101.745184193269 212.2630963675346
v 1067.210539330662 2106.181535231723 212.212050564554
v 998.4818726483281 2102.152705755503 225.7534518730769
v 1004.83744663621 2102.101128474386 225.5544342988123
v 1008.697908325308 2103.359016699532 224.6390346898961
v 995.3376294169499 2104.495032536168 224.6987372600523
v 998.5005433983229 2107.517170271678 223.4267579906218
v 1001.637234666424 2104.52992536959 224.7336300934735
v 1004.738171870262 2107.449023732236 223.2985751665598
v 1021.310138040038 2107.947026088908 220.3364688493977
v 1017.145146143893 2106.747524677216 221.7632608737455
v 1023.685853039585 2104.898786407422 220.6479975406046
v 1111.713712166765 2080.387631031581 169.4945933797538
v 1114.713436636973 2071.144409130336 182.4032568540056
v 1114.656516618388 2071.339519676289 178.1797436280679
v 1113.957059056173 2071.487669228775 174.0255473870143
v 1113.547848323675 2072.053557572367 187.7681891659236
v 1111.740501688224 2080.232415364032 187.086003370948
v 1112.827366600296 2075.794013266991 187.0887308094713
v 1110.233703559137 2085.357970760434 187.666298058866
v 1111.31145952444 2089.157494039096 173.7252500373662
v 1110.760909409222 2088.651409141117 169.7393715805049
v 1111.186695283035 2084.703000448394 169.2707564466645
v 1112.326273727253 2071.281666592839 169.0966748101555
v 1112.07334285733 2075.794013266991 169.2707564466645
v 1110.031729938833 2084.703000448394 165.8410208608154
v 1109.579595898089 2080.634905164262 164.1861375432121
v 1110.455980748791 2075.794013266991 165.5595002868212
v 1115.386422941029 2067.045375474891 178.0001289034351
v 1114.480937300406 2066.885026085587 173.7252500373662
v 1113.175790302807 2066.885026085587 170.2706023164535
v 1115.641881797839 2066.885026085587 182.6342372187696
v 1115.055912959879 2066.966209929102 187.016414995907
v 1113.264948438056 2067.481907737227 192.0608430114865
v 1111.289129928477 2075.781968054659 191.2084389806317
v 1112.382852664753 2071.339519676289 191.543224400173
v 1109.401192782111 2080.897859642806 192.1320982287546
v 1108.127782776145 2093.608428034416 187.2332735545136
v 1109.460969423036 2089.157494039096 187.0887308094713
v 1107.951651808757 2088.392616630163 190.8459797716412
v 1108.654224744194 2084.703000448394 191.543224400173
v 1109.895906854794 2093.441711731267 169.4455784747466
v 1109.120563241609 2089.053898867738 164.609017112816
v 1109.736781616008 2070.90895781741 164.1805673869785
v 1110.576259874006 2066.885026085587 165.4496667898511
v 1104.121614070116 2071.339519676289 202.8432159632131
v 1107.544431593311 2070.340371357035 199.6237232504402
v 1108.613666902816 2075.889121478811 195.8676808934641
v 1106.517267383356 2084.703000448394 194.952138942596
v 1100.506918828401 2072.252159713964 205.5713371445796
v 1102.571927125473 2066.93898128406 205.6688572190353
v 1106.778011662662 2067.521410483062 201.6016834672844
v 1110.808317675549 2070.334744385833 195.0987071285504
v 1110.739820375413 2066.885026085587 196.9609367489322
v 1095.963728003365 2071.269089810674 208.9529783080799
v 1098.549468298387 2066.727456796755 208.6464402265578
v 1089.553881033668 2089.446284870881 207.8173389166733
v 1091.319401368209 2071.339519676289 211.4651146760016
v 1093.616652716749 2067.852933638356 211.2273326513534
v 1086.145501679893 2093.377988497713 208.5383298512518
v 1107.967247894599 2057.385107607583 204.437156590415
v 1106.256749394553 2054.633823435455 206.9750314185061
v 1111.549628406343 2058.276353210772 200.1365641753103
v 1109.15063529727 2062.382036415209 201.1342947772868
v 1112.431961099742 2062.926809054183 196.4452796705196
v 1105.500865449311 2062.528629783567 204.7537617130536
v 1115.01741157982 2062.472135726596 191.5030946987318
v 1081.125729049776 2108.046469305622 207.0290731180086
v 1077.00531852309 2106.891018944097 209.0878226576257
v 1106.209206258832 2107.4334280936 178.3747469560603
v 1105.376653663749 2106.975468401903 182.6342372187696
v 1106.407375949588 2103.360011857405 183.4819475143203
v 1116.530857286245 2061.457243475261 187.0887308094713
v 1117.526965488629 2057.976038904184 187.0887308094713
v 1111.237036051069 2049.121264865043 165.9584003807198
v 1070.810130497165 2106.781777048987 211.1393104073416
v 1011.161876101225 2107.037484482977 222.7874689944108
v 1014.168187831069 2102.24965494298 224.0974608118502
v 1104.728500460862 2106.056356419818 161.2374398120756
v 1102.087596701473 2107.344050555179 156.4468109260996
v 1099.036089774656 2107.11478295303 151.692688281951
v 1095.620321454306 2106.859212378914 147.6669052505771
v 1105.247664413582 2102.520974811201 160.3617692652611
v 1106.636157184639 2102.974044462078 164.3912068550958
v 1105.679402098471 2106.975468401903 164.8162628559628
v 1106.305891977717 2107.573078975685 168.9584544602473
v 1100.095581030822 2089.20689461863 150.8108005786457
v 1103.857005771538 2089.157494039096 155.2468110672982
v 1106.861294616182 2089.819895551155 159.9517186798102
v 1107.131875939144 2093.611987629798 161.2090688375345
v 1108.051685861393 2097.858714876701 165.3486154928979
v 1096.123878254418 2089.155473473929 147.01603661796
v 1097.874190867028 2084.703000448394 148.9879811445099
v 1107.514081957113 2084.74591455507 160.627744605294
v 1108.62684059685 2093.611987629798 164.8162628559628
v 1107.772991363964 2102.745375047704 169.1505252791337
v 1108.956716183994 2098.066481220499 169.2707564466645
v 1104.257231130602 2066.885026085587 157.7789733973957
v 1100.644909677209 2066.210729800225 154.7056734503026
v 1098.356507428054 2049.399898856678 156.6475712058028
v 1102.835663907998 2048.77803956809 159.4398677572046
v 1107.23072930142 2049.06705172278 162.4827991379371
v 1107.261999017507 2066.885026085587 161.0100833782489
v 1102.573383777316 2071.433399660926 155.4137195765642
v 1096.334832281835 2067.030575589817 151.2267835691375
v 1098.75082308991 2071.511154916461 152.011825739102
v 1106.289025744147 2071.045366139065 159.4419882164581
v 1093.49945357564 2048.284457041454 154.3921992724833
v 1095.850245516827 2044.746451006007 156.3328075851268
v 1109.172474390113 2044.607038873791 164.1379666007181
v 1093.10872350954 2075.879281674977 146.864109061028
v 1095.4841640071 2080.488735850863 147.6416109355271
v 1097.489966728018 2075.134801610248 150.2751405974005
v 1094.128829153844 2084.149655982354 146.0209792402687
v 1091.40048282946 2080.248506857693 144.7797060779765
v 1094.698703546197 2071.339519676289 149.0243047900709
v 1089.562991218124 2084.553911791815 142.8047410856445
v 1092.05577669495 2089.055677185395 143.871451260657
v 1089.263596298938 2076.708845031249 144.2620581642496
v 1090.185441317672 2071.18907777611 146.2264820590669
v 1092.470265476028 2067.698673456222 148.5349459117452
v 1090.146307788003 2093.659982033546 142.1394333314134
v 1087.222726626153 2088.210232770115 140.8316971105984
v 1085.156897255848 2084.703000448394 140.2459887019104
v 1086.231204506146 2072.012389313428 143.8540520462244
v 1087.261643630167 2066.68484545032 145.9562452677142
v 1107.899216656782 2075.752014604803 161.2459709354892
v 1088.857577063998 2062.176504209685 148.1309736734057
v 1089.316284611944 2049.248757068902 152.2075492177029
v 1090.432279017116 2043.744012726996 154.1893948168553
v 1091.56489631287 2106.240985083365 143.8110987680577
v 1087.221527549088 2107.952128048096 140.8039944844322
v 1090.080534894306 2102.462244674916 142.1782905693642
v 1083.334057014361 2107.051130454308 138.2627191550647
v 1083.243000031663 2089.334454938399 138.5231408608979
v 1078.760678918033 2106.975468401903 135.9281266510433
v 1073.777324006385 2106.782187115116 133.9072358985489
v 1077.837483468365 2088.218831620657 136.2950597582449
v 1074.185730095617 2089.061161193115 134.8347566691486
v 1066.105495594054 2102.520974811201 131.5527905886234
v 1067.692745151853 2106.926293455784 132.1145376620304
v 1063.957308574394 2099.114301507506 131.1841125026463
v 1063.933202556763 2105.908813363292 131.2370383113176
v 1061.547949779035 2102.530263970385 130.7564290586452
v 1058.374626385305 2098.033878475189 130.4472808081381
v 995.4317424151634 2075.301220993579 151.0352997599513
v 996.0785945248679 2081.146137512987 148.9438020533129
v 995.0582643403301 2089.067874721332 146.759837448954
v 998.487432041687 2078.31120535736 149.5154805835253
v 997.7912650765372 2092.659125212638 145.0608973122057
v 998.3892028456978 2097.960082092626 143.7153627133177
v 1006.312704854803 2102.520974811201 140.2469210719274
v 1014.328318323489 2098.107788064103 138.186940642994
v 1011.444389790326 2102.717131234925 138.4292168032599
v 1001.163976905156 2102.265771013862 142.0874873659027
v 1007.831184009425 2106.936261234062 139.2624203522683
v 1004.162626367544 2105.955525564708 140.6408016685863
v 1017.535943707436 2102.622198782943 136.355886999516
v 1013.698199480907 2107.001529269896 137.2377078492217
v 995.185732018942 2102.438649234253 144.1882354415142
v 998.5748190731879 2106.957398642559 142.5894203583873
v 998.7510142904581 2058.270948333833 156.03620067811
v 995.3128595197277 2053.458689901966 156.994264616758
v 993.5655418193319 2106.975468401903 144.4921781788915
v 1024.184999653147 2107.334595403067 133.9401717220726
v 1030.054459088266 2106.978526235904 132.4282251923573
v 1018.757506019058 2106.975468401903 135.5740597059442
v 1020.866630170308 2102.388821704814 135.2831441990296
v 1034.735471654755 2106.975468401903 131.4433538628687
v 1052.040239368023 2107.021988937501 130.1403418626686
v 1058.371043530326 2107.021924821039 130.5236212779844
v 1045.721312670984 2107.012686412846 130.2168767353198
v 1055.203278604974 2102.533307801095 130.1329526901803
v 1039.382521248569 2107.006988559368 130.7536292999116
v 1111.441435583543 2031.320067564269 165.2330192147091
v 1109.125969424854 2026.787070594855 163.9172268235587
v 1106.228411440085 2021.237553663679 162.7977541363549
v 1108.624829283519 2017.826776132222 163.2955002194408
v 1112.268334989681 2013.364827865954 163.9778418042011
v 1109.162364997839 2036.06959306431 164.1219607029253
v 1092.873188787693 2040.204665632939 156.042024807347
v 1095.480703383615 2036.689624511425 157.8134307563732
v 1101.846541928429 2031.597383248537 160.9266527153602
v 1106.888133395131 2031.249077359974 162.9673029150247
v 1096.014389489563 2031.369212620881 158.9462759391696
v 1105.165342667273 2026.76743609285 162.4021566330703
v 1099.249267324105 2008.960179166731 162.0209525635472
v 1102.45584068446 2013.460130400956 161.9778561386487
v 1107.978183944094 2012.409604473174 162.4472371690029
v 1105.580721282751 1997.280397101351 157.5745441415505
v 1108.832914196739 1995.731906140234 160.3276486171699
v 1112.976336021561 1994.894635283762 164.2269578872187
v 1104.901298027194 2016.842243615928 162.365971819802
v 1102.429888411795 1995.598704913823 160.3835276074353
v 1102.477103369261 1990.916830301822 163.902674237516
v 1105.580721282751 1992.909600778541 162.1127350001435
v 1108.855900047907 1990.792904695786 164.5753772938058
v 995.6454805131031 1991.253041241244 156.0235842728921
v 1001.37916209787 1990.799247906196 155.6185377986213
v 995.2853280914821 2044.617893537121 157.3698349934711
v 1107.971756559414 2102.394999846181 177.9217023298324
v 1108.220086546668 2102.520974811201 173.7252500373662
v 1107.123458619428 2106.053084929095 173.7252500373662
v 993.1175999999999 1990.096 156.7520787414681
v 994.1582761761109 1990.096 156.547688955709
v 994.6306947176349 1990.096 156.4549055071136
v 996.3475770337124 1990.096 156.1792984982369
v 1000.567416525887 1990.096 155.8189416384249
v 1000.891251327275 1990.096 155.7912874841988
v 1002.019080069735 1990.096 155.7049406549436
v 1002.90192 1990.096 155.6725206881648
v 1003.080859040826 1990.096 155.6659496240793
v 1096.882070994905 1990.096 164.115801690684
v 1099.400914407111 1990.096 164.1188791169422
v 1100.74512 1990.096 164.1205214157718
v 993.1175999999999 2000.18665735598 155.5758653164116
v 993.1175999999999 2000.173387540337 155.5765012423712
v 993.1175999999999 2000.738196660873 155.5606497949528
v 993.1175999999999 2009.33706010345 155.6354134496349
v 993.1175999999999 2008.84953650737 155.6221456831807
v 993.1175999999999 2008.339954277546 155.6040622541001
v 993.1175999999999 2002.874112792183 155.5017254763378
v 993.1175999999999 2006.168840496347 155.5270164314822
v 993.1175999999999 2010.064 155.6551968382774
v 993.1175999999999 2004.525045861195 155.5294584977048
v 993.1175999999999 2000.08 155.58097662943
v 993.1175999999999 1999.685613922331 155.5998766919203
v 993.1175999999999 1996.895217059741 155.7336001625544
v 993.1175999999999 1994.50116368944 155.9538703687047
v 993.1175999999999 1991.1551437102 156.5396933550574
v 993.1175999999999 1991.150807841053 156.5405628076493
v 993.1175999999999 1995.634179040924 155.829749058675
v 993.1175999999999 2010.240662152105 155.6600046305448
v 993.1175999999999 2018.073019975802 156.0311923501635
v 993.1175999999999 2017.409602600921 155.9867588403271
v 993.1175999999999 2015.134976395116 155.8344118718624
v 993.1175999999999 2012.012606518753 155.7082274124072
v 993.1175999999999 2013.399569601868 155.7647065467609
v 993.1175999999999 2044.61545594151 157.6724741103417
v 993.1175999999999 2042.15614664327 157.628883309872
v 993.1175999999999 2047.644075562933 157.5761352263862
v 993.1175999999999 2049.01910541877 157.5517537359816
v 993.1175999999999 2050 157.4866027429034
v 993.1175999999999 2027.505306846082 156.7298440663454
v 993.1175999999999 2026.637213746814 156.6656156205232
v 993.1175999999999 2030.032 156.9167889625582
v 993.1175999999999 2041.590229733436 157.6188525377699
v 993.1175999999999 2040.188076261465 157.5750167879125
v 993.1175999999999 2040.016 157.5651338870646
v 993.1175999999999 2035.332144143397 157.3235856347491
v 993.1175999999999 2035.013006105181 157.2992382526169
v 993.1175999999999 2038.785730827255 157.4944755164849
v 993.1175999999999 2032.686181330018 157.121722302866
v 993.1175999999999 2031.58576213121 157.0408878513508
v 993.1175999999999 2030.045792979843 156.9178094771312
v 993.1175999999999 2031.268008304713 157.0175463317648
v 993.1175999999999 2051.845484431965 157.3334115869983
v 993.1175999999999 2050.385885220854 157.4609722563721
v 993.1175999999999 2053.439979877197 157.1940617540038
v 993.1175999999999 2052.725205837637 157.2565289396828
v 993.1175999999999 2060.391851735587 155.8918293502454
v 993.1175999999999 2059.984 155.9866844935656
v 993.1175999999999 2062.421525057119 155.419782925017
v 993.1175999999999 2062.150322797374 155.4828571428571
v 993.1175999999999 2063.123147251245 155.2037357845526
v 993.1175999999999 2065.308322013693 154.5308654523505
v 993.1175999999999 2068.116446951314 153.6262174099712
v 993.1175999999999 2066.739239984555 154.0615189635816
v 993.1175999999999 2057.246556043505 156.5443791020219
v 993.1175999999999 2059.281813312646 156.1499938853245
v 993.1175999999999 2058.33997332677 156.3751810839879
v 993.1175999999999 2075.53958987516 151.3028857988012
v 993.1175999999999 2072.36370304296 152.2562599046295
v 993.1175999999999 2070.3062907003 152.934061177026
v 993.1175999999999 2069.968 153.0409866217607
v 993.1175999999999 2071.194281272823 152.6516679945317
v 993.1175999999999 2061.76969854155 155.5713799200995
v 993.1175999999999 2089.046077121717 147.3010762031201
v 993.1175999999999 2088.425432207175 147.4591536589182
v 993.1175999999999 2089.936 147.1035653553891
v 993.1175999999999 2086.534947014587 147.9406577886811
v 993.1175999999999 2084.085339511397 148.6831533100849
v 993.1175999999999 2083.36120707228 148.890001597204
v 993.1175999999999 2085.111233732233 148.3480408401685
v 993.1175999999999 2075.725398000692 151.2446435995953
v 993.1175999999999 2091.268695132956 146.8077849547493
v 993.1175999999999 2096.741295759839 145.6980017438493
v 993.1175999999999 2095.096824075889 145.9675930703294
v 993.1175999999999 2091.712089976381 146.7093772235382
v 993.1175999999999 2093.286935030816 146.3283162716184
v 993.1175999999999 2080.642346511159 149.666643575389
v 993.1175999999999 2079.952 149.8994034741146
v 993.1175999999999 2076.061278273336 151.1393607671434
v 993.1175999999999 2079.091739904066 150.1894520940043
v 993.1175999999999 2099.760618211067 145.3116089204375
v 993.1175999999999 2098.410073742052 145.4714285714286
v 993.1175999999999 2097.379325940252 145.5934043802397
v 993.1175999999999 2109.904 144.7248159943235
v 993.1175999999999 2109.14782676374 144.713177936168
v 993.1175999999999 2099.92 145.2927481257979
v 993.1175999999999 2106.973495437515 144.675237646477
v 993.1175999999999 2106.67885185654 144.6891783025718
v 993.1175999999999 2108.120276077935 144.6973631809431
v 993.1175999999999 2105.827905813688 144.7294396451043
v 993.1175999999999 2100.162852697116 145.2640096175993
v 993.1175999999999 2102.5499930206 144.9385555683203
v 994.3527239213099 2109.904 144.2076355929632
v 994.6318820052629 2109.904 144.0907444151544
v 996.3622135045812 2109.904 143.4334912604401
v 1000.247902391987 2109.904 141.9161032130743
v 1001.960312389163 2109.904 141.3104409812175
v 1002.90192 2109.904 140.9669339167834
v 1004.896842453967 2109.904 140.239167968368
v 1006.08696485496 2109.904 139.8026694868482
v 1009.700689582511 2109.904 138.5148494684445
v 1009.895962515879 2109.904 138.4452602186807
v 1011.901681522044 2109.904 137.7538773087277
v 1012.68624 2109.904 137.499759793212
v 1015.849438252973 2109.904 136.4752038120908
v 1017.57704649841 2109.904 135.9069472935569
v 1019.028479217578 2109.904 135.46
v 1019.854993951542 2109.904 135.2054869808627
v 1021.839988130114 2109.904 134.6096822205055
v 1022.47056 2109.904 134.4386364648082
v 1023.828834744308 2109.904 134.0701976853765
v 1025.50224416858 2109.904 133.6162770567614
v 1027.799357232941 2109.904 133.0253621701663
v 1032.153160837657 2109.904 132.0887693172245
v 1032.25488 2109.904 132.0673702215394
v 1033.722805694343 2109.904 131.7585564084052
v 1036.298603352643 2109.904 131.3224158339465
v 1036.675602352153 2109.904 131.2585814098072
v 1037.337852638509 2109.904 131.1601298878956
v 1041.424325500112 2109.904 130.7231492095999
v 1042.0392 2109.904 130.6710560298001
v 1043.683899451264 2109.904 130.5317143848844
v 1046.994496893608 2109.904 130.3896833197827
v 1047.753734765457 2109.904 130.3571105393459
v 1050.011616793236 2109.904 130.3295733448055
v 1051.82352 2109.904 130.3838348878892
v 1054.069704256633 2109.904 130.4511019600818
v 1056.345602366531 2109.904 130.5888908393215
v 1056.563091616221 2109.904 130.6104159006489
v 1060.402759405241 2109.904 130.9904304749479
v 1061.202889248628 2109.904 131.1030977845021
v 1061.60784 2109.904 131.1766039547691
v 1064.384749453273 2109.904 131.6806651977643
v 1065.145481682842 2109.904 131.8402444095168
v 1065.563088994891 2109.904 131.9278461215104
v 1070.122650904307 2109.904 133.0917560289049
v 1071.39216 2109.904 133.4683796008391
v 1076.987012591763 2109.904 135.5079380266806
v 1076.867662240126 2109.904 135.46
v 1079.812701662035 2109.904 136.855433654847
v 1071.991339491814 2109.904 133.646137382333
v 1072.854933913258 2109.904 133.9632729358059
v 1079.994539627454 2109.904 136.942147322679
v 1081.17648 2109.904 137.5429145265467
v 1076.195493269856 2109.904 135.1900179380394
v 1081.696913244159 2109.904 137.8074449818518
v 1084.580257519649 2109.904 139.471981271402
v 1086.11326597314 2109.904 140.4194410838911
v 1086.113617099521 2109.904 140.4196932010395
v 1088.467788259148 2109.904 142.1100444587621
v 1089.973589518647 2109.904 143.2602076943272
v 1090.9608 2109.904 144.1273011681964
v 1100.740714318271 2109.904 155.4873650869896
v 1100.737759845097 2109.904 155.4828571428571
v 1092.764764688376 2109.904 145.7117717931827
v 1092.491127122429 2109.904 145.4714285714286
v 1093.915606274023 2109.904 146.7676594769839
v 1096.386265177375 2109.904 149.5120304642394
v 1096.578822764242 2109.904 149.7344317421272
v 1091.66766316403 2109.904 144.748158065511
v 1100.74512 2109.904 155.4940872895367
v 1097.874183764565 2109.904 151.2305552991594
v 1099.580799422671 2109.904 153.7175634204427
v 1101.466262634771 1990.096 164.1214024801799
v 1101.764316929795 1990.096 164.1217666314841
v 1103.055623323553 1990.096 164.3035860090735
v 1107.929537107062 1990.096 164.7778306419346
v 1108.231958773466 1990.096 164.8072570656515
v 1108.934487929457 1990.096 164.9945755928933
v 1109.316655148526 1990.096 165.1660897001115
v 1109.955686021908 1990.096 165.4528825077208
v 1110.038517383374 1990.096 165.4942857142857
v 1100.96624142908 2109.904 155.8314750368438
v 1102.519643402882 2109.904 158.9422903486012
v 1103.322462995103 2109.904 160.6404608808966
v 1103.859329828847 2109.904 162.3077904588217
v 1104.533468899787 2109.904 164.4014418858885
v 1104.805048022107 2109.904 165.1700434727891
v 1104.869172732429 2109.904 165.4942857142857
v 993.1175999999999 2013.541923851401 221.1828889447632
v 993.1175999999999 2014.218880001312 221.3196748202114
v 993.1175999999999 2016.219601355012 221.7239409191741
v 993.1175999999999 2010.208348340413 220.6662816522107
v 993.1175999999999 2010.064 220.6417972753731
v 993.1175999999999 1999.434611657397 219.5592511919569
v 993.1175999999999 2000.08 219.6146181205426
v 993.1175999999999 1993.411922263668 218.8764605116453
v 993.1175999999999 1994.14149870114 219.0103568209302
v 993.1175999999999 1996.958040416068 219.3467897419981
v 993.1175999999999 1995.664391585895 219.2279647904311
v 993.1175999999999 2005.282043981832 220.0649318875362
v 993.1175999999999 2009.787663803537 220.5987272576289
v 993.1175999999999 2004.508284649628 219.9918788382256
v 993.1175999999999 2009.956171158933 220.6235073388827
v 993.1175999999999 2000.114636669406 219.6175895501065
v 993.1175999999999 2000.801360690401 219.6847380231226
v 993.1175999999999 2003.299351549888 219.9289937455009
v 993.1175999999999 2004.508276870969 219.991878103818
v 993.1175999999999 1990.577219287376 218.3296397449185
v 993.1175999999999 1991.007085037097 218.435110143774
v 993.1175999999999 1990.096 218.2115694166604
v 993.1175999999999 2016.453494295823 221.7712013668029
v 994.2573319498182 1990.096 218.4010993910246
v 994.5909533434984 1990.096 218.4565784483605
v 995.724228988879 1990.096 218.6266186511581
v 996.1561589187926 1990.096 218.6605169470714
v 1000.437704045221 1990.096 218.9965369207066
v 1000.879532255521 1990.096 219.0312120436336
v 1002.357802349594 1990.096 219.1358504838568
v 1002.90192 1990.096 219.1613986628786
v 1002.963710852858 1990.096 219.164299954115
v 1006.599682090584 1990.096 219.33502120168
v 1007.258307507729 1990.096 219.3659459107994
v 1008.762043141442 1990.096 219.4592105651723
v 1009.181998431665 1990.096 219.4864740749068
v 1012.68624 1990.096 219.7139695401015
v 1013.43302045151 1990.096 219.7624505488737
v 1015.112443523046 1990.096 219.880852259194
v 1017.099343519417 1990.096 220.0669667654947
v 1019.675715039643 1990.096 220.3082975392677
v 1019.715561831401 1990.096 220.3120300200112
v 1019.85313974066 1990.096 220.3247508971125
v 1022.47056 1990.096 220.5897514507401
v 1023.263165618816 1990.096 220.6699987580057
v 1023.656695692422 1990.096 220.7098416861722
v 1024.693640276859 1990.096 220.8368210710327
v 1028.044120690411 1990.096 221.2543598676837
v 1029.258939996704 1990.096 221.4057513485131
v 1029.280765136635 1990.096 221.4084712100073
v 1030.616708591588 1990.096 221.586489029154
v 1032.25488 1990.096 221.8277944898755
v 1034.858968589083 1990.096 222.211381209508
v 1035.407664806713 1990.096 222.2922051043163
v 1037.276946827749 1990.096 222.6172787534555
v 1039.558698770433 1990.096 223.0247798026691
v 1041.52741765065 1990.096 223.3763758698346
v 1041.915778897406 1990.096 223.4457338103567
v 1042.0392 1990.096 223.4713729475781
v 1043.44862201367 1990.096 223.7641621355843
v 1048.140966262297 1990.096 224.8227373505007
v 1048.14357560605 1990.096 224.8233260086379
v 1048.150535638197 1990.096 224.8249773742469
v 1051.16594372331 1990.096 225.5628571428572
v 1051.3445975135 1990.096 225.6065742828415
v 1051.82352 1990.096 225.7237681098612
v 1051.828931408045 1990.096 225.7250922982973
v 1052.039463290733 1990.096 225.7838127974813
v 1052.628426708874 1990.096 225.9480835268022
v 1053.064528497323 1990.096 226.0803880801341
v 1057.295482322487 1990.096 227.3639747812972
v 1058.360183503632 1990.096 227.6441412275117
v 1061.60784 1990.096 228.6017356899393
v 1063.757272551372 1990.096 229.2355110633071
v 1063.802957368713 1990.096 229.2489815544603
v 993.1175999999999 2087.95642651413 230.3608221495425
v 993.1175999999999 2089.375470710356 230.0309752721508
v 993.1175999999999 2100.532198094929 226.1767371006844
v 993.1175999999999 2100.728353622317 226.1009078924887
v 993.1175999999999 2102.012059947149 225.5628571428572
v 993.1175999999999 2108.41451715326 222.7432105323809
v 993.1175999999999 2109.904 221.9965077724677
v 993.1175999999999 2107.503201746611 223.1554632898712
v 993.1175999999999 2090.065452364066 229.8591719883631
v 993.1175999999999 2093.251455157915 228.8874206940632
v 993.1175999999999 2089.936 229.8914052240166
v 993.1175999999999 2102.829529391705 225.2428658635264
v 993.1175999999999 2106.522732659722 223.6182079426411
v 993.1175999999999 2102.095857992175 225.5277341555572
v 993.1175999999999 2107.348831930121 223.2252957343325
v 993.1175999999999 2098.024761705738 227.1460542467541
v 993.1175999999999 2098.652461319127 226.9034000360778
v 993.1175999999999 2099.92 226.4133987814209
v 993.1175999999999 2095.346919429661 228.1452019465616
v 993.1175999999999 2093.301647135313 228.8721118189127
v 993.1175999999999 2094.008116690711 228.617494364174
v 994.3093041862221 2109.904 222.1308710958857
v 996.3679689823477 2109.904 222.2370422780978
v 996.405603912116 2109.904 222.2389832181641
v 1000.264558685979 2109.904 222.331896806088
v 1002.90192 2109.904 222.2650222240196
v 1002.977059881647 2109.904 222.2631169302114
v 1006.296474402445 2109.904 222.0895101006603
v 1006.915568249872 2109.904 222.0571312219836
v 1008.918576695205 2109.904 221.8449268471523
v 1012.68624 2109.904 221.3720238636076
v 1013.047529960489 2109.904 221.3266761012364
v 1039.189942316779 2109.904 215.5514285714286
v 1039.195174746333 2109.904 215.5504142756212
v 1040.385401902732 2109.904 215.343639125415
v 1042.0392 2109.904 215.1198856474468
v 1042.525218419894 2109.904 215.0541289435375
v 1044.653577701083 2109.904 214.766168888245
v 1046.776817591786 2109.904 214.5390277156585
v 1050.949060192592 2109.904 214.1128449763534
v 1051.82352 2109.904 214.0366251773827
v 1053.405054861739 2109.904 213.8987751947925
v 1053.443911410599 2109.904 213.8934254741293
v 1057.40477362377 2109.904 213.3480989578005
v 1059.301283373115 2109.904 213.0679033593292
v 1061.60784 2109.904 212.62981397717
v 1063.525397050115 2109.904 212.2656081417058
v 1014.222071749097 2109.904 221.1037203136161
v 1017.22791438696 2109.904 220.574981901272
v 1017.660774009302 2109.904 220.4728568249737
v 1019.286499277874 2109.904 220.0892975634415
v 1022.47056 2109.904 219.4326351940099
v 1022.81410939261 2109.904 219.3617835432859
v 1025.367877398296 2109.904 218.6776906851078
v 1029.084363543758 2109.904 217.82580320109
v 1030.38548481561 2109.904 217.4642151892306
v 1031.208374285413 2109.904 217.2355301513307
v 1032.25488 2109.904 217.0073228605099
v 1035.189760479133 2109.904 216.3673252821975
v 1035.893479921579 2109.904 216.1904410898784
v 1063.933766419939 1990.096 229.2664038905
v 1065.406934606086 1990.096 229.4501343665106
v 1064.480276395904 2109.904 212.0733404616514
v 1065.179467028338 2109.904 211.8968987852007
v 1110.52944 1990.096 165.7396730910436
v 1110.998307322148 1990.096 165.9740361420275
v 1112.817186247987 1990.096 166.8832016869351
v 1114.547079223733 1990.096 167.9294122398056
v 1116.95404856741 1990.096 169.6986049555487
v 1117.12831360596 1990.096 169.8266948448616
v 1117.997587044522 1990.096 170.5581844715439
v 1118.272034141783 1990.096 170.8346829082449
v 1120.31376 1990.096 172.8916695319078
v 1124.903238737595 1990.096 180.20172162823
v 1125.762560790188 1990.096 182.5148609346543
v 1125.907427536068 1990.096 182.9048159731394
v 1126.228378603377 1990.096 184.6265501846068
v 1126.36543676285 1990.096 185.5171428571429
v 1120.685710113026 1990.096 173.2663997651979
v 1121.540473240074 1990.096 174.3821953081395
v 1121.870477886487 1990.096 174.8698436394814
v 1122.30078853104 1990.096 175.5057142857143
v 1126.607296996869 1990.096 187.0887308094713
v 1123.987569447116 1990.096 177.9982728239195
v 1124.559789732481 1990.096 179.2772191194385
v 1067.44617504461 1990.096 229.7044641979533
v 1067.771219628752 1990.096 229.7450030832827
v 1069.607998761496 1990.096 229.6845750971921
v 1071.39216 1990.096 229.4755794510966
v 1071.773697651737 1990.096 229.4308863447149
v 1073.021492793427 1990.096 229.1015670025775
v 1073.642460409411 1990.096 228.9376806081271
v 1074.139364580389 1990.096 228.734148471658
v 1074.390842159207 1990.096 228.6311431602112
v 1080.878983493825 1990.096 225.2584553017662
v 1080.408050953626 1990.096 225.5628571428572
v 1076.797908637152 1990.096 227.645207819973
v 1078.138419176888 1990.096 227.0299039753959
v 1078.153852102939 1990.096 227.0199284253915
v 1081.17648 1990.096 225.0661592158773
v 1081.252043100421 1990.096 225.0173166642945
v 1082.289322071832 1990.096 224.3629059338747
v 1085.174207091536 1990.096 222.1343670981196
v 1085.447369681036 1990.096 221.92335229683
v 1086.239758953048 1990.096 221.3995550244433
v 1086.625835837939 1990.096 221.1272720364649
v 1089.178590487688 1990.096 219.326926844066
v 1089.652006375595 1990.096 218.9930475118383
v 1098.266132275973 1990.096 215.2531011102593
v 1097.320970727813 1990.096 215.5514285714286
v 1098.544845925055 1990.096 215.1651289159972
v 1099.919781886701 1990.096 214.7069331370431
v 1099.943112856036 1990.096 214.6991581191761
v 1100.74512 1990.096 214.4942337308975
v 1103.999206250735 1990.096 213.6627677778124
v 1104.423968496733 1990.096 213.5542348999197
v 1106.062246767559 1990.096 212.9475441736029
v 1106.18129475055 1990.096 212.903458068969
v 1107.471058353984 1990.096 212.4220573536788
v 1109.585441389766 1990.096 211.6328697047852
v 1109.66759372311 1990.096 211.5904561632558
v 1110.52944 1990.096 211.145502850683
v 1110.719490394037 1990.096 211.047383783919
v 1113.890619921787 1990.096 209.2715267933626
v 1114.075262013085 1990.096 209.1681257983184
v 1118.824350931049 1990.096 205.4646571449537
v 1118.729549032536 1990.096 205.54
v 1119.123870380005 1990.096 205.1616494352729
v 1119.505048881721 1990.096 204.7125174978365
v 1114.179393412854 1990.096 209.1098114114109
v 1115.216620101942 1990.096 208.3318649241982
v 1118.596809181203 1990.096 205.6454936613582
v 1120.31376 1990.096 203.7596358695626
v 1122.315406544795 1990.096 201.401151887182
v 1122.360658717404 1990.096 201.347832521411
v 1122.417749541304 1990.096 201.2701298613672
v 1122.469850802758 1990.096 201.1666348750533
v 1123.67177535293 1990.096 198.9645312957491
v 1126.191192730947 1990.096 191.9140352882545
v 1125.250610794179 1990.096 195.5285714285714
v 1126.26990814191 1990.096 191.611542026792
v 1124.792374364548 1990.096 196.9114281337476
v 1124.947138046482 1990.096 196.6278781739054
v 1125.117368115423 1990.096 196.0406060094759
v 1126.338008877229 1990.096 191.3498396068638
v 1126.442880922192 1990.096 189.6034634637959
v 1090.788436981974 1990.096 218.3889898734031
v 1090.9608 1990.096 218.3019449840461
v 1092.760616386609 1990.096 217.3930213644103
v 1093.974331075227 1990.096 216.7800844247361
v 1094.301575685401 1990.096 216.6148229248419
v 1095.225257045493 1990.096 216.2129122547217
v 1105.282251651239 2109.904 178.0267091889706
v 1105.570972306124 2109.904 175.5057142857143
v 1105.529884757997 2109.904 169.1471952809779
v 1105.062416877623 2109.904 166.4714116066225
v 1105.58068271758 2109.904 170.5579109892441
v 1105.584082628253 2109.904 175.3912401228528
v 1105.632528946965 2109.904 171.997738313156
v 1105.730830761049 2109.904 173.7506299979628
v 1067.555283279964 2109.904 211.2973584267773
v 1068.612880312056 2109.904 211.0212471225604
v 1071.39216 2109.904 210.1605115346659
v 1072.863655581019 2109.904 209.7047932348823
v 1074.84100779966 2109.904 209.0585334326849
v 1077.536285736079 2109.904 207.9806026673961
v 1079.655249508377 2109.904 207.0965405063978
v 1079.742664862509 2109.904 207.0600695634356
v 1079.813327692954 2109.904 207.0305880142925
v 1080.165161306278 2109.904 206.8588330529457
v 1081.17648 2109.904 206.3651366107309
v 1082.410623671418 2109.904 205.7626634798142
v 1082.837806734214 2109.904 205.54
v 1084.49416891857 2109.904 204.6766432803128
v 1086.937931912637 2109.904 203.1901580093708
v 1089.350685233132 2109.904 201.5873889571938
v 1090.9608 2109.904 200.3922024850314
v 1091.495485431037 2109.904 199.9953060605105
v 1092.422521905844 2109.904 199.2284162974873
v 1095.603324836173 2109.904 196.3028579822536
v 1096.287737337888 2109.904 195.6064597616894
v 1096.352106296464 2109.904 195.5285714285714
v 1098.678509987436 2109.904 192.7135545375562
v 1099.787584324944 2109.904 191.2673822651319
v 1100.74512 2109.904 189.686991075227
v 1104.606988481453 2109.904 180.9829573188932
v 1105.25343339227 2109.904 178.278338861987
v 1104.423512945958 2109.904 181.7533689580775
v 1101.918983518412 2109.904 187.7495556240199
v 1102.516700249364 2109.904 186.6708880636162
v 1102.979039324214 2109.904 185.5171428571429
v 1104.023143805565 2109.904 182.9116297046876
v 1104.335166305571 2109.904 182.1243354733284
v 1041.87917931733 1998.962853451266 224.8271610864247
v 1045.656509853809 2000.063198464927 225.4893981466905
v 1061.793844977757 2000.079783629964 229.770172686637
v 1058.416804053368 2000.065499318719 228.5604836129937
v 995.3034449684041 2000.087687544445 220.0672062052655
v 998.4839464964349 1995.572987678817 220.0129322712855
v 1102.408449893904 2004.571080627447 214.9918165619025
v 1105.571588233344 2000.066491473942 214.6357212828872
v 1102.409598953959 1995.557913681268 215.0141613443819
v 1099.34598897657 2040.192669424403 217.1015906005465
v 1093.278269573803 2040.322503891015 218.4371546755251
v 1096.173498098281 2044.647601890759 217.4536454455174
v 1095.782158809144 2035.827039751088 218.1651576823595
v 1102.5276476982 2035.728779354275 216.5837112727598
v 1104.036478484375 2040.158064541377 216.0862968353221
v 1101.783041661379 2043.625713924359 216.3671053012723
v 1121.387707590856 2040.175908208454 212.6012775159201
v 1115.059557655621 2040.151603812849 213.8233432988008
v 1118.216843602595 2044.628552024463 213.0474881157405
v 1117.693867032611 2035.707167371828 213.4162652836537
v 1124.559108001855 2035.720478124807 212.1140996692878
v 1126.143266543146 2040.158064541377 211.7140676029297
v 1124.074688624627 2044.662952246474 211.9427147081731
v 1121.375807441336 2022.337162535841 212.7721557733284
v 1115.2272324114 2022.368028721221 213.863772068883
v 1117.72785088018 2026.793879985228 213.4593547454512
v 1118.203286945188 2017.881552844778 213.2646723750427
v 1124.546946158839 2017.883174776736 212.2108805879748
v 1127.183343428357 2022.344749920612 211.7686526830648
v 1124.551625278809 2026.797917277382 212.2163377006469
v 1099.350300238085 2022.314435599304 217.2598905403176
v 1101.793808089536 2018.865231505834 216.3895406197441
v 1104.043774515973 2022.34009017857 216.0966149821593
v 1102.531681665512 2026.776740650817 216.6198459327105
v 1118.205352446463 2008.973932853558 213.1429259862029
v 1112.380590193451 2008.649560701784 213.965350510266
v 1114.667251094576 2013.34789857574 213.7421068258583
v 1114.658880640966 2004.521742202799 213.6097125944396
v 1121.372771902311 2004.523617036448 212.6695466006928
v 1124.543134281452 2008.976965697065 212.1906075613828
v 1121.374608161962 2013.42704359151 212.6982599036074
v 1115.073284412743 2058.011907501782 212.8434495166906
v 1108.949132932728 2058.089759874568 213.9146083320935
v 1111.913449712935 2062.463759891739 213.034982211291
v 1111.654888167296 2053.658480385831 213.7731362563919
v 1118.236627627858 2053.559702981189 212.5778481083217
v 1120.89518061681 2058.068470616029 211.8099022304414
v 1118.260097028923 2062.501701991308 211.9513925740982
v 1129.128761985201 2008.976609406465 211.4817021567859
v 1130.706112092666 2004.513744878998 211.2652364137672
v 1127.187247727702 2004.531917005419 211.8056025417371
v 1129.174766490943 2000.067622225062 211.5467623527371
v 1133.872719431302 2000.057954521035 210.8259545009433
v 1137.042911305636 2004.516763682889 210.2763780506287
v 1133.874810424869 2008.970985902185 210.7320977095463
v 1096.155528033778 2084.748102694397 213.0101123591024
v 1089.892169534738 2084.370831757824 213.7722208233826
v 1093.007804769687 2089.209102232646 212.8795241980697
v 1093.157725768298 2080.319209768983 213.8763154578779
v 1099.303763015101 2080.2874758923 213.1159502436755
v 1102.482878604915 2084.788253564652 212.2153638923513
v 1099.33243052923 2089.24723451445 212.1353337720012
v 1096.859433396632 2059.009641788466 215.8790124001586
v 1096.206327182553 2053.611284325728 216.5779994211255
v 1093.048320632902 2058.076172639295 216.6046026761857
v 1099.978849787895 2054.533817195887 215.8147087747921
v 1099.22911248723 2062.359133265331 215.1311425662788
v 1102.377110906651 2057.915721699638 215.0695635568252
v 1114.76441375183 2097.945077770921 209.2631201152721
v 1108.708197079257 2098.032018907876 210.056082576894
v 1111.582289170724 2102.387053624749 209.2543158474746
v 1111.856207642118 2093.576661855357 210.0808953242786
v 1117.905947426207 2093.484252075349 209.2570799000287
v 1121.365943037775 2098.114394180279 208.3351691814941
v 1118.214416839459 2102.56907439506 208.3513519898257
v 1093.033824060706 2098.163387628179 211.9269993467875
v 1086.712954457308 2098.128251944571 212.6000781007049
v 1089.885405209291 2102.620030613641 211.819390376431
v 1089.860313615288 2093.669398126484 212.7384278006223
v 1096.182802301708 2093.705763706122 212.0354903370294
v 1096.859672912124 2099.077403535969 211.4021769667007
v 1093.68009452452 2103.490308189758 211.3184787421129
v 1131.444068588652 2099.020184625642 206.8007563801783
v 1130.854414216947 2093.699321172414 207.3550808207937
v 1127.699849005352 2098.153732741102 207.4250806047173
v 1134.353527026002 2093.497955709107 206.8457969453787
v 1133.883817804699 2102.466815079833 206.13810681828
v 1137.035526392616 2098.017625976828 206.0561817019098
v 1130.747286585858 2057.955243253405 210.0849205513671
v 1124.397959680349 2057.918692698673 211.2025900336318
v 1127.586296722309 2062.397697727341 210.3575074418288
v 1127.560097627158 2053.481047421549 210.8988057150267
v 1134.370445504024 2053.51352900524 209.6861034602872
v 1136.468457607966 2057.622129745556 209.1028585966226
v 1133.627120093176 2062.596765037995 209.3049819754669
v 1133.984093341557 2080.302357399352 207.9858154062086
v 1127.029678435274 2079.946264376686 209.1158743602139
v 1130.827393689589 2084.754505004315 208.1227036814667
v 1130.800005634773 2075.813865869789 208.8477963681983
v 1137.142409622555 2075.850466924255 207.8125212153937
v 1139.475236741352 2079.142906737506 207.1902525966919
v 1136.374876687943 2083.677136171211 207.3399107946264
v 1111.101272937473 2079.141778002012 211.6072153384857
v 1107.948372407869 2083.601165756751 211.607728403445
v 1111.823935372976 2084.624249419654 210.9656599094624
v 1105.63443755979 2080.329432038592 212.2640020001906
v 1108.787511258015 2075.871297357707 212.2702642590763
v 1113.450546236751 2075.794013266991 211.5818247650249
v 1114.971728617661 2080.174207331553 210.9394936264323
v 1052.031341675979 2102.528830959911 214.9100821939834
v 1055.182679776126 2098.032877406663 214.9367075478382
v 1040.985321477662 2102.520974811201 216.0083672871469
v 1074.100686745709 2097.821558645071 213.7864945571324
v 1067.776381487575 2098.04850713024 214.2451522783289
v 1070.420169714417 2102.311410534381 213.6946789350514
v 1070.922571523418 2093.58070631936 214.4349770564586
v 1077.57406554546 2093.738372400397 213.90152046018
v 1080.396319570669 2098.096144458929 213.2140149284495
v 1077.249636811833 2102.554482268388 213.0802535702873
v 1001.582026844641 2098.451734301006 227.4193016292797
v 1004.830086056167 2102.728880577834 225.8160679106246
v 1010.354348514931 2101.590859218591 225.2134373903793
v 1074.026233056064 2080.836692859901 215.7471030793773
v 1078.013605303856 2076.826937083696 215.9532691938365
v 1074.124553026088 2075.931032758032 216.450792856857
v 1077.208326172912 2084.629093654444 214.977181158028
v 1080.34800257481 2080.150905403118 215.2747358117936
v 1039.503289516501 1995.621758004649 224.4019917516756
v 1044.007748754089 1995.61312863436 225.1666341374125
v 1048.826716080071 1995.610825381125 226.0861550035684
v 1052.499996436927 1999.6983390113 226.9153336877172
v 1033.161209185702 1995.618077338495 223.4157339377596
v 1036.329160689678 1991.164430706079 223.8468097250434
v 1042.132563242168 1991.174282382609 224.7956154652531
v 1045.651644824828 1991.146760923037 225.4274281348279
v 1052.570081117316 1991.526220830776 226.8881444509306
v 1054.875207979618 1995.612118634227 227.5230032048694
v 1060.055874007543 1995.61312863436 229.198119297526
v 1058.420500042236 1991.182048731714 228.3805010057932
v 1062.200871234637 1992.194499008306 229.5832647537711
v 1067.784743222877 1990.961099020297 230.1507767673951
v 1081.953053045167 1991.158635043658 224.9460593918547
v 1086.336167331194 1990.839966080442 221.9346946481866
v 1088.111862114564 1995.61312863436 220.2924499337567
v 995.3376294169499 2006.851762602637 220.3950327482116
v 1020.501895162811 1995.605281138762 221.6480819356738
v 1027.319683575197 1995.929191592813 222.5742267554548
v 1014.189124953967 1995.605711553018 220.8974522740116
v 1017.344609449702 1991.160163436675 221.2405262859008
v 1023.662652764509 1991.156780264102 222.0199149913412
v 1029.474604515092 1991.201241237236 222.822131572271
v 1009.559917484606 1995.61312863436 220.4293012246355
v 1011.55694968697 1991.172986024061 220.6514069577569
v 995.3329371738307 1991.13299483972 220.0457610444532
v 1001.648519029392 1991.112437683839 220.0820601822933
v 1004.814108077795 1995.593735074893 220.1492729124442
v 1007.973378146243 1991.132375782513 220.3785408857772
v 1108.717730482381 2004.526352776837 214.3448314986114
v 1105.546403275826 2009.016714923572 214.8786994514331
v 1096.774230726434 1996.574871570695 215.6866576804674
v 1099.935365766858 1992.042871406677 215.6251775631089
v 1105.545355396961 1991.104573326604 214.9686285502862
v 1108.717316781922 1995.605191577755 214.3882410604601
v 1112.412963204652 2000.026435008323 213.900188290314
v 1102.83341488684 2013.575638955303 215.6838949112363
v 1108.69678498643 2013.455802026444 214.670414097071
v 1096.252451537241 1991.270879791999 216.7144507628491
v 1092.507065046782 1995.316518072941 217.5611403784688
v 1112.403616444888 1991.15226435112 214.0962802795686
v 1114.602935432465 1995.339683392869 213.6886679567672
v 1118.204226181447 2000.070458451471 213.1412218416534
v 1090.63599544614 1991.059505073209 219.2203999108198
v 1099.333678169035 2031.254781268101 217.4404304431119
v 1102.852335794179 2048.960429973065 215.7706696657907
v 1105.492103257659 2044.562992310924 215.5497350200581
v 1099.37008642062 2049.148056166907 216.4273864725654
v 1106.007528086685 2035.672774697592 215.8055944828338
v 1108.662770789885 2040.1348056472 215.1123939814432
v 1104.173567737195 2031.249077359974 216.2801703159161
v 1093.01099024428 2049.100983795938 217.6405541556986
v 1112.33189878395 2044.603924036331 214.1863950018302
v 1108.690597707754 2049.04047337256 214.6435004865748
v 1105.530543450408 2053.477197749845 214.9083788155717
v 1106.007826038851 2026.828694695311 215.8084050578377
v 1108.650829463914 2031.249958009959 215.2858911291373
v 1111.840868653879 2035.697307689232 214.5789939276235
v 1089.856416065575 2053.558377700368 217.6790405779901
v 1115.388778777198 2031.239844911851 213.9121547238164
v 1121.378963826598 2031.253698418286 212.7696664327913
v 1121.402937644984 2049.106019836409 212.2438107142246
v 1128.315360229678 2036.774184034623 211.4019914464144
v 1130.709904813567 2040.136291863189 210.8776478526105
v 1127.539466167174 2044.576732723555 211.3079864148101
v 1127.171927587306 2031.269101978858 211.706462404916
v 1125.205826529588 2050.172145469689 211.4934209687542
v 1114.472085345666 2048.739599521773 213.5603471358011
v 1111.841332213276 2026.80112433343 214.58910142463
v 1133.893056748761 2044.598287155396 210.1565295681648
v 1130.72543942444 2049.041136214217 210.5469937969334
v 1122.996541248614 2053.521545313482 211.7184196050431
v 1130.702374473614 2031.236176744699 211.075645585947
v 1133.881340881871 2035.691534480647 210.4231847142853
v 1137.487061450002 2040.153613929908 209.6624833193893
v 1129.082812454186 2026.794583769272 211.4167197068399
v 1108.664715739852 2022.366170700542 215.1090179369669
v 1112.472766521843 2017.893871435657 214.2348843329248
v 1127.182611095089 2013.433131354871 211.7766290179505
v 1129.110884062063 2017.885596587869 211.4564189554167
v 1130.70196217161 2022.334552075798 211.1679731545523
v 1105.494220377897 2017.945496207783 215.5171550309128
v 1133.875947681234 2026.787074452364 210.5804388160887
v 1130.704774224971 2013.427080876588 211.2101344570265
v 1133.874897528269 2017.880825536253 210.6658787239573
v 1137.047835295793 2022.335872710434 210.0919019874871
v 1124.539072749839 2000.075938489619 212.2371719575993
v 1121.368705414775 1995.622318824685 212.7571531883723
v 1127.705092126164 1995.6295900671 211.8297006689015
v 1106.011297259038 2062.642094299275 214.0047188854849
v 1115.100003448511 2066.957727078274 212.1197643062018
v 1121.982615038413 2063.394641096583 211.2486200090276
v 1118.894500560599 2067.927696045571 211.4144215813305
v 1108.757122825131 2066.91653806955 213.1519935029405
v 1111.942560063432 2071.414102324838 212.2246169494042
v 1124.428305175578 2066.839787932868 210.5802609898975
v 1115.788597244693 2072.433547756262 211.5278626992478
v 1121.273395355348 2071.282588304026 210.7508452803431
v 1102.962716465382 2067.132368701376 214.0390717779705
v 1105.6038647809 2071.371232145538 213.1986944578642
v 1137.052634962381 2031.243518393394 209.9567104169979
v 1137.045413161005 2013.427225127692 210.1838228736223
v 1139.680613589213 2044.269919160585 209.1372740356592
v 1137.208101622151 2049.023319363493 209.3899587466568
v 1137.038485896055 1995.604488557183 210.4022659632972
v 1131.205915389277 1995.590732247132 211.3027702958665
v 1124.533501868133 1991.175404257563 212.390904154087
v 1129.269977840178 1991.158635043658 211.681411534116
v 1133.866835902347 1991.142376928257 210.9753089908014
v 1118.19836266542 1991.165966263691 213.3082537793763
v 1086.660391095645 2080.197350394158 214.6276342872677
v 1089.801715906352 2075.729513256282 214.8346932435181
v 1096.536297988331 2075.964117219132 213.9660409660175
v 1102.452991205353 2075.828275927035 213.1830737725402
v 1105.580721282751 2086.928236624651 211.5864349392366
v 1103.209367705398 2090.243897978444 211.5484959027545
v 1100.037063455056 2094.663114166073 211.481396395576
v 1083.518219801856 2084.667553927558 214.3965467967956
v 1086.090181551858 2088.93628173245 213.6433758544702
v 1083.485960158944 2075.675304243262 215.5571555622682
v 1092.942887609671 2071.266247132509 214.9989560156295
v 1099.804526894741 2071.570528768716 214.0234923884023
v 1108.677346177577 2089.077279475785 210.955020833456
v 1105.531377192697 2093.532951038492 210.9156068889076
v 1102.385546258038 2097.990646615952 210.8558498889008
v 1083.542633631427 2093.635339800032 213.3767387453442
v 1080.652451852558 2089.532172475309 214.092501194222
v 1086.602987013738 2071.916779185895 215.7100107375052
v 1093.707305237679 2063.441558621492 215.8531468404548
v 1096.084907868386 2066.8091889098 215.1030590190441
v 1089.894529863432 2062.544434860701 216.5243553879604
v 1090.526328545217 2067.837573380525 215.7505812194163
v 1086.707026206564 2058.022360972056 217.5926481555326
v 1086.74339350173 2067.016185583357 216.3565975058539
v 1083.560513768352 2062.493164478245 217.4057550078667
v 1080.415270191812 2066.969641629451 217.1405857503095
v 1077.270219236111 2071.449829004622 216.8164912174425
v 1082.837892508948 2070.409610380795 216.3585148851596
v 1115.063710683233 2107.024382564036 208.3471559888399
v 1121.393938381686 2107.06371071997 207.4909529624539
v 1108.366605825823 2106.814059025953 209.2341626680599
v 1125.176925988108 2107.966590296782 206.8840839883017
v 1124.546402911507 2102.608522998993 207.4692450918784
v 1102.413027919411 2106.946020417585 209.9577814951884
v 1105.560550513696 2102.488618488329 210.0130084940134
v 1115.004914528108 2089.122945946727 210.0807690058147
v 1121.000692357959 2089.000456785943 209.2326316590146
v 1124.518482963447 2093.660410950611 208.2943048095773
v 1118.154721082722 2084.67113027396 210.0491020155214
v 1124.043406958302 2084.489337433396 209.1864737298885
v 1127.672237865275 2089.207137392103 208.2246585081521
v 1128.314164462693 2103.498423722832 206.8526426135086
v 1099.239507694684 2102.449614761906 210.7837725189067
v 1089.758223930867 2107.594735278552 211.3457237512244
v 1096.093065856991 2106.909120722552 210.7061392977172
v 1083.565722186679 2102.585584485706 212.4749114335704
v 1085.997253651653 2106.026418312443 211.8983982862379
v 1080.418576749516 2107.042051916039 212.3683881320214
v 1137.00490821245 2089.08036121275 206.807166211227
v 1137.710319869469 2107.283361801892 205.1529837519675
v 1130.733097366056 2106.917162848327 206.1962393732215
v 1133.264261061452 2088.195227189347 207.458927006449
v 1137.11820096689 2066.914988210616 208.4347532232337
v 1131.012827332993 2067.012007267099 209.4604757341548
v 1128.185118193875 2071.632089508473 209.5953787840176
v 1133.958133757465 2071.364416866767 208.6615324919715
v 1125.092635531817 2075.777282181281 209.7672544537384
v 1121.306061659441 2080.221254691618 209.9799888468926
v 1118.121352813312 2075.727130156227 210.869612366388
v 1039.005178195845 2107.030009208988 216.2689067888994
v 1042.509297000294 2106.964868829032 215.637192423153
v 1032.569744713537 2106.658530944191 217.8710686487099
v 1045.683364296781 2102.526499152289 215.2780488775996
v 1048.864092474826 2106.990236612503 214.9220687616157
v 1026.743055226163 2106.890223656246 219.5152266594504
v 1055.17270555121 2106.963361560525 214.5364164462649
v 1061.771314210909 2107.38104205279 214.0235431300591
v 1058.326582256674 2102.501890485373 214.5642999875242
v 1064.628317755601 2102.50984750987 214.1325820033334
v 1067.04217958979 2106.656031919988 213.6377476813034
v 1061.475299905514 2098.037597026055 214.6427537138636
v 1064.620556371292 2093.562245878093 214.8393895969131
v 1067.763171727251 2089.078615566348 215.1340405891923
v 1074.06657514138 2089.10676348936 214.6881522789726
v 1074.102615269137 2107.01145796438 212.9779951835553
v 1070.903004543967 2084.590880450445 215.4834301316423
v 995.3376294169499 2091.678990117928 229.7006692046188
v 998.4508979599347 2094.109622542108 228.9710665250285
v 995.6424117336637 2098.432864116204 227.7458129285875
v 998.5003044840863 2102.625533052831 226.4434845419176
v 995.3700122910096 2107.166636091962 225.588583056298
v 998.487432041687 2109.11576723102 224.864978364202
v 1000.933290536395 2106.130366301839 225.3385436898834
v 1023.003976126204 2105.981172438612 220.7660639930231
v 1016.877596052379 2106.789155772944 222.3335030822587
v 1011.041684272068 2106.856318931591 223.66442284179
v 1014.150222258884 2102.342922071967 224.1013005392326
v 1004.702338633301 2107.494655343639 224.5449041756404
v 1007.936839915899 2104.628545256523 224.832249980407
v 1080.382300284854 2073.68671379306 216.1628864704522
v 993.1175999999999 1990.459737824276 220.0955061287475
v 993.1175999999999 1990.436170731052 220.095608996249
v 993.1175999999999 1990.096 220.0970938002019
v 993.1175999999999 1995.115779842075 220.0853717394
v 993.1175999999999 1994.616362558403 220.0842097082889
v 993.1175999999999 1990.79503647108 220.0940425908509
v 993.1175999999999 1996.263912711519 220.0880731690869
v 993.1175999999999 1995.608782161665 220.0865188443398
v 993.1175999999999 1991.141178915914 220.0925317210921
v 993.1175999999999 1992.811264125992 220.0876585521641
v 993.9903636482755 1990.096 220.0786537522684
v 994.1643869862943 1990.096 220.0749769278486
v 994.2558093137136 1990.096 220.0730453257441
v 994.597899442272 1990.096 220.0658175288707
v 995.1837273786128 1990.096 220.0648931773559
v 995.5381684308084 1990.096 220.0643339207838
v 1001.023128224798 2000.114114423933 220.1023299500702
v 1000.457302910049 2001.590003429151 220.1391892016865
v 1001.045562804202 2000.086157522431 220.1017022192651
v 1001.420432081492 1999.738292297599 220.0983007002513
v 997.5355000513301 1990.096 220.0718746320238
v 1000.848350754237 1990.096 220.0907745358558
v 1000.926319468492 1990.096 220.0912193495023
v 1001.210226511238 1990.096 220.0992453723506
v 1001.429718237002 1999.732852815648 220.098268098713
v 1002.020759168028 1999.597292997363 220.1102729029719
v 1002.050218963617 1999.59812986896 220.111378831847
v 1002.37162185849 1990.096 220.1320778991622
v 1002.442425373853 1990.096 220.1354003790202
v 1002.807851624036 1990.096 220.1525481343201
v 1002.90192 1990.096 220.1569623259434
v 1002.954101068222 1990.096 220.1594109409203
v 1006.024651635734 1990.096 220.3034976061265
v 1006.938838799497 1999.458783961289 220.2904109222339
v 1005.365403277214 1999.412845058361 220.2313236833212
v 1007.550948665086 1999.134130757212 220.3220057654345
v 1007.255342440566 1999.268318898467 220.3049947956558
v 1008.025683371395 1998.92481380759 220.3493445780405
v 1010.568932226396 1998.627439851125 220.5798651693161
v 993.1175999999999 2000.740371404011 220.1817186531987
v 993.1175999999999 2000.111490929399 220.1575452224122
v 993.1175999999999 1994.269672429986 220.0834030387397
v 993.1175999999999 1997.335121868694 220.0975886111451
v 993.1175999999999 1996.970325010612 220.089749161938
v 993.1175999999999 2000.094220893372 220.1568813824021
v 993.1175999999999 2000.08 220.1565757767786
v 993.1175999999999 1999.497478397946 220.1440574438757
v 993.1175999999999 1999.381318880319 220.1415611870737
v 996.067371032615 1990.096 220.063498915834
v 996.5081838758591 1990.096 220.0660137651563
v 1007.238938914682 1990.096 220.3604784637215
v 1007.62250500405 1990.096 220.3815853511948
v 1008.109503591734 1990.096 220.4083839256122
v 1008.175824320564 1990.096 220.4134479295061
v 1008.518122560333 1990.096 220.4395845484741
v 1009.437484513292 1990.096 220.509783603761
v 1009.787554787053 1990.096 220.5365136663038
v 1011.005192933485 1990.096 220.629487981029
v 993.1175999999999 2016.24292130412 221.7473249340763
v 993.1175999999999 2016.193748620793 221.7400638737148
v 993.1175999999999 2008.290299648378 220.6640785109336
v 993.1175999999999 2005.59941180266 220.4298169995545
v 993.1175999999999 2008.985720637653 220.7581301173718
v 993.1175999999999 2009.802155976407 220.8590660383147
v 993.1175999999999 2003.978133454352 220.3212946132797
v 993.1175999999999 2003.100378850786 220.2771958567553
v 993.1175999999999 2004.236968545225 220.3331966437095
v 993.1175999999999 2013.42423281339 221.3311046693482
v 993.1175999999999 2013.337704781135 221.3183275495601
v 993.1175999999999 2010.201203963037 220.9086327804141
v 993.1175999999999 2010.167959727305 220.9042903650048
v 993.1175999999999 2010.064 220.8914378213698
v 993.1175999999999 2014.108717330564 221.4321787425839
v 993.1175999999999 2004.236976118498 220.3331969919518
v 993.1175999999999 2004.882808313286 220.3674314130472
v 993.1175999999999 2004.772347953813 220.3578150290724
v 993.1175999999999 2002.69693519975 220.2569266798509
v 993.1175999999999 2009.96174425564 220.878795941188
v 993.4600992449034 2015.766515614977 221.6625701924279
v 993.2552700755517 2016.256712101412 221.7435705364624
v 994.4513506124616 2013.333969018725 221.2616744297086
v 994.4472649011019 2013.404034051784 221.2721924057868
v 994.640252376306 2012.36155206537 221.1267009848893
v 994.3124428268459 2013.726689791214 221.3255082222437
v 996.0737845560337 2009.404539242249 220.7147533942621
v 996.0381191015485 2009.47798429165 220.7249814265805
v 996.0997497974208 2009.351069618382 220.7073071600308
v 996.1114820960778 2009.274552051104 220.6967345256964
v 996.1034326161819 2009.336900756862 220.7054369187591
v 994.6482269533435 2012.340157197046 221.1235705379806
v 996.3137372125624 2007.707948381208 220.4780739978933
v 996.4206036397852 2007.608148872163 220.4695896164169
v 993.1946872327937 2016.402074647096 221.7675837189118
v 993.1701482153356 2016.469172427963 221.7789680727095
v 998.3567869243733 2004.454588463605 220.2047015189567
v 998.2414115757745 2004.600257139098 220.2151146797863
v 997.8334322441494 2005.085734704212 220.2481707376989
v 998.495167910691 2004.365555372567 220.2031050116879
v 998.6600123800481 2004.371876771489 220.2042689691944
v 999.0765460187934 2004.454425404931 220.2156422006055
v 999.9105694425349 2003.822746848067 220.2088472411581
v 1000.266340820331 2002.092057126268 220.1517367385622
v 1007.045620711463 1999.370647509523 220.2929488468598
v 993.1175999999999 2016.461450490801 221.779593940116
v 993.1175999999999 2016.512064836045 221.7870678827832
v 993.1175999999999 2016.612856609434 221.8033466965007
v 1011.070630939719 1998.619188483 220.6304820628694
v 1012.010160075002 1998.672979310822 220.726386146839
v 1012.427322727101 1998.753234788945 220.7747118030438
v 1016.23358956287 1998.481504041835 221.1922165150466
v 1016.290455334412 1998.481559489838 221.198979292904
v 1018.310020623549 1998.61855826002 221.4415823702923
v 1012.194629837448 1990.096 220.7261327961926
v 1012.591188760155 1990.096 220.7664900604562
v 1012.68624 1990.096 220.7761632963497
v 1013.294538633458 1990.096 220.8380690240891
v 1014.645028559299 1990.096 220.9755065540545
v 1016.239503976899 1990.096 221.1377741569387
v 1016.590425713771 1990.096 221.1734869866341
v 1018.099644908347 1990.096 221.3338566943893
v 1018.370100446534 1990.096 221.3672198446538
v 1018.53292130591 1990.096 221.3873052784149
v 1020.370176467464 1990.096 221.6139474113146
v 1020.400620890865 1990.096 221.6177030078147
v 1020.505689276977 1990.096 221.6306641487748
v 1022.47056 1990.096 221.8730488217679
v 1022.909621262574 1990.096 221.9272110215024
v 1023.056488806922 1990.096 221.9458418103677
v 1023.345637332945 1990.096 221.9825215626095
v 1024.109154336674 1990.096 222.0793770261817
v 1024.519424785906 1990.096 222.1314216229048
v 1024.916823882445 1990.096 222.1862549002045
v 1026.547530371234 1990.096 222.4112603968771
v 1028.930166960419 1990.096 222.7400174925448
v 1029.586558223914 1990.096 222.8325996628409
v 1030.366523318985 1990.096 222.9426115799289
v 1030.38017257965 1990.096 222.9445367703535
v 1030.380461720796 1990.096 222.9445800119626
v 1030.860160893808 1990.096 223.0163199368681
v 1031.228457192766 1990.096 223.0713993497933
v 1032.25488 1990.096 223.2249028354255
v 1033.882350334404 1990.096 223.468294123434
v 1034.224617453007 1990.096 223.5194808228649
v 1035.431107323264 1990.096 223.6999136807078
v 1035.568953417436 1990.096 223.7205288266175
v 1037.090329748305 1990.096 223.9548327603783
v 1037.485958985999 1990.096 224.0195043828486
v 1040.283267883831 1990.096 224.4767671120328
v 1041.109790671074 1990.096 224.6118748456552
v 1041.495649789988 1990.096 224.6749493934579
v 1041.845130590034 1990.096 224.7337368515934
v 1041.992308369534 1990.096 224.7584941703065
v 1042.0392 1990.096 224.7663819849234
v 1042.59062015269 1990.096 224.8591384085584
v 1042.601916025723 1990.096 224.8610385291457
v 1042.845856891993 1990.096 224.9048689020293
v 1044.706972202058 1990.096 225.2392670669078
v 1044.711913769293 1990.096 225.2401549490321
v 1045.27952419956 1990.096 225.3421410458745
v 1046.398035951586 1990.096 225.5476153169665
v 1046.470874541324 1990.096 225.5628571428572
v 1046.858707132468 1990.096 225.6440129814067
v 1051.231373895305 1990.096 226.5590145721399
v 1051.391974482414 1990.096 226.5926210188799
v 1051.46414992069 1990.096 226.6077240771317
v 1051.82352 1990.096 226.6820142320921
v 1052.018761913774 1990.096 226.7223752773324
v 1053.194215940124 1990.096 226.9653689676644
v 1053.307608840922 1990.096 226.9888099179735
v 1053.692027660305 1990.096 227.0882958628794
v 1054.056367162171 1990.096 227.1825853663635
v 1057.211242689778 1990.096 227.9990536480871
v 1057.582547923571 1990.096 228.0951458531763
v 1057.69118327915 1990.096 228.1173510394001
v 1058.63280041575 1990.096 228.3098186182863
v 1059.195447616695 1990.096 228.4248243253022
v 1059.428147777607 1990.096 228.4891172608803
v 1061.60784 1990.096 229.0913463744536
v 1061.944297850546 1990.096 229.1843066148982
v 1063.666558562293 1990.096 229.5030307554674
v 1063.71188196699 1990.096 229.5114183724589
v 1063.732799894083 1990.096 229.5152894753005
v 1063.837010036064 1990.096 229.5288059295088
v 1065.2448540499 1990.096 229.7114086856667
v 1018.362461921347 1998.614815273283 221.4477508077446
v 1022.657757700939 1998.638775174394 222.0008785164275
v 1023.034880632748 1998.659697738334 222.0521692681062
v 1024.750487538533 1998.834330682005 222.2871258131809
v 1025.107074890266 1998.879308523436 222.3372628750331
v 1029.035202194447 1999.116675158029 222.8836418437224
v 1029.333273459013 1999.150398839063 222.9275229808629
v 1030.129904208303 1999.2181869627 223.0443761050373
v 1030.23310744729 1999.227061817071 223.0595161522023
v 1036.022578994829 1999.74639595001 223.9120858164107
v 1036.093591603139 1999.742721238848 223.9223487483092
v 1036.560311103746 1999.757054322424 223.9951009455177
v 1036.609268570786 1999.759813515851 224.0029053840044
v 1041.153742550975 2000.090457642803 224.7254794085104
v 1037.985632310471 1999.834287311563 224.2220035364311
v 1037.631463606648 1999.816730287624 224.1658461487179
v 1041.381203450132 2000.130666887982 224.7618776883827
v 1042.020066113908 2000.235846236894 224.8632044036555
v 1042.144259897097 2000.22306533656 224.8825379599639
v 1045.359641118237 2000.399510785504 225.4405334201686
v 1045.452462992816 2000.410582914496 225.4566866707967
v 1045.969614785459 2000.503132431165 225.550041452646
v 1046.049463631482 2000.53455723077 225.5663198912877
v 1051.818125718056 2000.594634302211 226.7646001825441
v 1052.172503152402 2000.702823628805 226.8461860030481
v 1052.686427699202 2000.776721066149 226.9640336348879
v 1052.873239554735 2000.576374036364 227.0055858248654
v 1057.982715055038 2000.562922276075 228.431489402309
v 1057.998906029685 2000.579539724668 228.4368899042895
v 1058.620664693263 2000.687577593467 228.6353973910069
v 1058.639535843485 2000.661761838991 228.6409349436111
v 1061.763227927129 2000.105890372181 229.7592347385236
v 1061.785415173549 2000.101653785614 229.7671775779772
v 1061.801590226571 2000.092447402143 229.7726343135141
v 1061.812275989956 2000.079746364729 229.7758780725441
v 1061.82014398754 2000.073868773902 229.7784560317594
v 1064.507756099109 1995.528577681092 230.7184532079793
v 1063.457612181059 1997.322453220176 230.3513609832524
v 1064.416333431213 1995.471348913578 230.6811681260239
v 1064.543241081127 1995.477182899474 230.7253553786794
v 1064.528975363934 1995.209739495978 230.6595320147831
v 1063.200015241002 1997.781244230752 230.2612249276849
v 1061.875281613992 2000.032793803499 229.7965191692852
v 1065.068409098737 1994.83007040129 230.6523811399149
v 993.1175999999999 2087.940314064404 230.4394287971594
v 993.1175999999999 2086.487670169159 230.6603132508305
v 993.5959786233152 2087.248190400494 230.5556343644079
v 993.1175999999999 2090.061202622987 230.0467912237988
v 993.1175999999999 2090.014500441963 230.0580407174348
v 993.1175999999999 2089.936 230.0756908842559
v 993.1175999999999 2089.30403016604 230.2177840077644
v 993.1175999999999 2087.983602318955 230.4323931567856
v 993.1175999999999 2089.392352407474 230.1979254916038
v 993.5992855218955 2087.255989323319 230.5543924841218
v 995.0965343407501 2088.457228744122 230.3707814571675
v 996.1420875412003 2089.296073767816 230.2425628909196
v 996.1481338366881 2089.340820198632 230.2325479903056
v 996.6955925019524 2090.611501500182 229.9510073258782
v 993.1175999999999 2108.193459990049 225.5551627035161
v 993.1175999999999 2108.156633961088 225.5628571428572
v 993.1175999999999 2108.467590900973 225.4978857251088
v 993.1175999999999 2109.904 225.1897108857368
v 993.1175999999999 2109.727303894737 225.2283648219962
v 993.1175999999999 2109.598519671815 225.2565375830011
v 993.1175999999999 2109.574829612188 225.261720006538
v 993.1175999999999 2109.433973691497 225.2925335650604
v 993.1175999999999 2109.084055456775 225.3690814726718
v 993.2512902583862 2109.904 225.1778428862133
v 993.5169264488962 2109.904 225.1542617351224
v 993.5222538173377 2109.904 225.1537888120621
v 995.3159749637439 2109.904 224.9945559556991
v 997.5982336368874 2109.904 224.7771488064601
v 999.6186994239554 2109.904 224.5590108509701
v 1000.720674664367 2109.904 224.4468116185342
v 1001.421277507186 2109.904 224.3754787080258
v 1001.885685275909 2109.904 224.3178953437549
v 1002.729850633454 2109.904 224.213224654412
v 1002.90192 2109.904 224.1893812753489
v 1002.93329504314 2109.904 224.1850336854105
v 1004.45449630468 2109.904 223.9742432406142
v 1003.297492650268 2095.985903312115 228.019029809604
v 1005.932423653066 2097.940517986127 227.0617095017032
v 1006.113628593285 2098.073701386038 226.9962786663275
v 1007.13547136827 2098.469890394374 226.7632775314318
v 1007.151097970872 2098.49221975043 226.7534797285896
v 1004.770892675697 2109.904 223.9304006975761
v 1007.812297966254 2099.026716553347 226.4688875768865
v 1006.905320226789 2109.904 223.6346364589738
v 1008.963383123737 2109.904 223.3011939577129
v 1008.443486111257 2099.239431216037 226.2914604014758
v 1010.846358166764 2100.946120474551 225.2645053687806
v 1009.374417497724 2109.904 223.2345991369376
v 1010.174349450076 2109.904 223.0841234504993
v 1012.68624 2109.904 222.6116101902822
v 1012.942046138207 2109.904 222.5634903419269
v 1013.15769477206 2109.904 222.5229245461574
v 993.1175999999999 2101.668191595872 227.071241735826
v 993.1175999999999 2101.474939854298 227.1220688099418
v 993.1175999999999 2093.609039946764 229.183397741355
v 993.1175999999999 2093.560368539363 229.1971827386471
v 993.1175999999999 2107.140344576491 225.7752008911081
v 993.1175999999999 2103.602197598051 226.5968998589124
v 993.1175999999999 2102.949459122677 226.7520076972038
v 993.1175999999999 2094.138750523111 229.0333700505503
v 993.1175999999999 2094.317233466666 228.9812466239254
v 993.1175999999999 2095.630731902138 228.6062624067756
v 993.1175999999999 2095.323181796382 228.6874736005332
v 993.1175999999999 2098.200525720335 227.9276867217712
v 993.1175999999999 2097.5571823932 228.0975669416598
v 993.1175999999999 2093.031347445007 229.3313508623287
v 993.1175999999999 2102.250114907657 226.918190285646
v 993.1175999999999 2100.454043866014 227.3764438160067
v 993.1175999999999 2099.92 227.5068677373302
v 993.1175999999999 2101.206059452818 227.1927869518999
v 993.1175999999999 2098.245379484666 227.9158427078118
v 993.1175999999999 2098.781329673308 227.7849532253454
v 993.1175999999999 2093.401237352795 229.2422527929784
v 996.73875648655 2090.617584705015 229.949967669432
v 998.4647150429994 2092.465345965803 229.4114107060134
v 998.4744693823644 2092.473516286526 229.409070878446
v 999.7416197825464 2093.084259792608 229.2258523564084
v 999.7208316583121 2093.125205229839 229.2130702465573
v 1000.39571697403 2094.064472229354 228.8319576799471
v 1003.232657502577 2095.815906270074 228.0824651205025
v 1000.087572136305 2093.9206964166 228.8993924175535
v 1013.252302032586 2101.782016222024 224.4651168169484
v 1014.116152755564 2101.996613572299 224.2005937095457
v 1014.177133823518 2102.051372710108 224.1675357760419
v 1013.782905061898 2109.904 222.3787977107447
v 1014.769914773924 2109.904 222.1512669284969
v 1016.071698833719 2109.904 221.8447908837268
v 1014.314412344112 2102.107854146757 224.1102154412487
v 1014.324109664268 2102.109778632704 224.1069211593693
v 1016.394155220037 2109.904 221.7688757139671
v 1015.153884175199 2102.345152369665 223.8079495927294
v 1019.377784196714 2103.389029251757 222.3472417493074
v 1014.91875143487 2102.27438632446 223.8936523185039
v 1019.550733076464 2103.419755473703 222.2915996202354
v 1018.432074782358 2109.904 221.2890929709536
v 1020.494609842597 2103.711745205683 221.9614775907185
v 1019.395571120386 2109.904 221.0622592310505
v 1019.788519742065 2109.904 220.9522958416277
v 1020.267102913656 2109.904 220.8183683387292
v 1022.47056 2109.904 220.2577996703612
v 1021.18230910728 2103.677711238339 221.7734704716557
v 1022.397218614407 2103.979949312744 221.3225065198828
v 1022.768670352359 2109.904 220.1819591539815
v 1024.296622630747 2104.072511315853 220.6854810883426
v 1023.435758973687 2109.904 220.0122490278082
v 1024.598881212252 2109.904 219.6682835223194
v 1024.993587493722 2109.904 219.5671508105195
v 1028.325618868801 2109.904 218.7134087127032
v 1025.831655553946 2104.03697786395 220.2366598088544
v 1026.811448376601 2104.285478356488 219.8780367028231
v 1028.81711696225 2109.904 218.5874757408495
v 1029.470779748012 2109.904 218.4001519174017
v 1029.06222487472 2104.125280963175 219.1623415898044
v 1029.950294439837 2103.819420042699 218.9422714034106
v 1030.531367804234 2109.904 218.0962132289495
v 1031.183411038588 2103.931213756241 218.5761699757791
v 1031.360678800854 2103.970039462524 218.5186512981072
v 1030.645255753375 2109.904 218.0635757183824
v 1031.293578721796 2109.904 217.9135247317751
v 1032.25488 2109.904 217.6910365395511
v 1034.967670379521 2109.904 217.0631752840766
v 1035.838304093692 2103.127219939035 217.2578425930831
v 1036.074737092393 2103.003633878284 217.2063774756928
v 1035.129105115873 2109.904 217.0258120521038
v 1035.615441990822 2109.904 216.9066196260521
v 1037.302863758865 2109.904 216.4930628824339
v 1038.725894205535 2109.904 216.2213265921271
v 1036.620233795618 2103.00580984308 217.0721508986242
v 1036.647248020194 2103.007019194231 217.0653495349417
v 1038.838133782836 2102.558233768748 216.542059529225
v 1038.928768347506 2102.540458201024 216.5203706850974
v 1040.798913296382 2102.013108054435 216.0937138995856
v 1040.814815273114 2102.008535238363 216.0900927848883
v 1041.609838563309 2101.566215705989 215.936808714392
v 1044.752107993069 2101.203643307012 215.4581217312996
v 1044.753133574525 2101.186047100749 215.45898932467
v 1047.188098481566 2100.324289646659 215.2298653998386
v 1044.611494648926 2109.904 215.2902059236339
v 1042.726656133345 2109.904 215.5514285714286
v 1046.781995209016 2109.904 215.0462796139569
v 1047.015316168226 2109.904 215.024828989422
v 1048.512387120895 2109.904 214.8871940893401
v 1047.172270180221 2100.376555473118 215.2287442254778
v 1050.339014207647 2100.098785404291 215.0499801391275
v 1050.342792617024 2100.087618433806 215.0501959215894
v 1050.938871529904 2109.904 214.6641125188984
v 1051.271746539388 2109.904 214.6436998892081
v 1051.82352 2109.904 214.6098639237452
v 1054.357483904191 2098.006204149384 214.968822133643
v 1055.049302769214 2097.841209273141 214.9563779229938
v 1055.057310905847 2097.840096966388 214.9561437533813
v 1054.409071033385 2098.023651514337 214.9655949589693
v 1052.780739173184 2109.904 214.5511651330342
v 1052.802390094678 2109.904 214.5498374507801
v 1053.093281319453 2109.904 214.5319993593575
v 1054.736788655174 2109.904 214.4013480459599
v 1055.463431299049 2097.609886219801 214.957308049665
v 1057.52251430527 2109.904 214.1798956027367
v 1058.810260886267 2109.904 214.0848828745498
v 1055.505124875502 2097.572003842119 214.9584965836165
v 1059.038905488861 2094.564453838869 215.0339907250547
v 1059.04721472772 2094.558039452147 215.0340865712633
v 1060.136399854916 2109.904 213.9870374729578
v 1060.153542667107 2109.904 213.9855515190163
v 1061.60784 2109.904 213.859491755317
v 1059.73841148752 2093.517135309081 215.0828887874507
v 1062.521010242252 2091.012313559701 215.2313259713616
v 1059.738536860315 2093.548217925448 215.0793547263477
v 1062.647838802678 2109.904 213.7693437502646
v 1063.112896101307 2109.904 213.7290321772143
v 1063.414440660706 2109.904 213.7028940312912
v 1062.648063154129 2090.741825658969 215.2558233177949
v 1063.456560584147 2089.479688247256 215.3432227004943
v 1064.02527524809 2089.059700946059 215.3547707617652
v 1066.038927312479 2087.033441273774 215.5054864431469
v 1039.228217527988 2109.904 216.1254049085838
v 1039.596876760704 2109.904 216.0550071932574
v 1039.663952863085 2109.904 216.042868524255
v 1041.24441158085 2109.904 215.756855107167
v 1041.931497709781 2109.904 215.661630791461
v 1042.0392 2109.904 215.6467041666112
v 1067.630255478875 1991.444161670013 230.2167031021553
v 1067.588883185305 1991.46418969863 230.2188118960545
v 1066.228354477201 2086.882298043388 215.5116251313638
v 1065.722876820778 1990.096 229.7734100683559
v 1066.485643390281 1990.096 229.8723438113896
v 1063.553740520829 2109.904 213.6908193976842
v 1065.412771672065 2109.904 213.5360653869302
v 1067.734913057437 1991.393497691842 230.2113685837102
v 1067.76498354753 1991.378940784692 230.2098358558728
v 1067.594304154418 1990.096 229.9248125889827
v 1067.910038724014 1991.412413353468 230.2171860697851
v 1067.782254954411 1990.096 229.9337075991087
v 1067.883558623187 1990.096 229.9258554812521
v 1068.242113202051 1990.096 229.8980636663525
v 1069.131527226517 1990.096 229.8291245664381
v 1069.63052657795 1990.096 229.7589418735153
v 1068.023832264156 1991.5504211843 230.2388415638111
v 1070.62818941242 1990.628070305865 229.6999512089431
v 1068.509658173973 1991.122863343114 230.0735455940593
v 1068.680673898708 1991.613675313716 230.1779345261946
v 1068.388427294662 1991.828260388622 230.2848589283153
v 1071.39216 1990.096 229.5111736606964
v 1071.681660649468 1990.382027092731 229.5141758321632
v 1071.772029512043 1990.096 229.4577462058553
v 1071.790821531224 1990.096 229.4551031673267
v 1073.011566071319 1990.096 229.1410020892553
v 1071.955479329197 1990.318075438991 229.4658890193797
v 1073.094838286837 1990.096 229.1195759089134
v 1073.627233072117 1990.096 228.9825892007827
v 1073.072887282641 1990.373137671341 229.1915556444034
v 1073.853957991919 1990.096 228.9242522274057
v 1074.106394404669 1990.096 228.8162393827049
v 1074.357260297521 1990.096 228.7088985342509
v 1073.129207767764 1990.375912961806 229.1777284752692
v 1073.603150521054 1990.399267320365 229.061371405629
v 1073.739324688143 1990.578946794604 229.0693388906262
v 1073.965109605323 1990.552472858927 228.9674652056096
v 1074.170616403044 1990.528376591505 228.8747409659155
v 1075.341962173149 1990.391032906367 228.3462321907509
v 1074.434523939416 1990.096 228.675838859293
v 1076.689200381366 1990.23306532327 227.7383611133521
v 1076.881269610827 1990.210544649658 227.6516998765083
v 1076.566567607429 1990.096 227.7635770381894
v 1076.806566404148 1990.096 227.6608860179996
v 1077.014022449256 1990.232080503607 227.5991799554895
v 1077.919649154458 1990.426324773564 227.2593867579288
v 1077.922933984532 1990.436441130737 227.2599608153607
v 1078.006174886403 1990.692799808567 227.2745080087556
v 1078.157218643719 1990.733037917553 227.1876048221814
v 1078.340016647621 1990.781735368769 227.0824317960281
v 1076.932286276899 1990.096 227.6070928233362
v 1078.161644267587 1990.096 227.0952232867634
v 1078.178044261479 1990.096 227.0883947979614
v 1081.681400992612 1991.754803607874 225.1669563171747
v 1079.995676576521 1991.241562025329 226.1316913829403
v 1079.558285304772 1991.106282558746 226.3814996271584
v 1079.049519421262 1990.096 226.5881679928547
v 1080.753946714659 1990.096 225.5628571428572
v 1078.307727546081 1990.096 227.0343983841479
v 1078.659059682098 1990.096 226.8230519380972
v 1081.020040504436 1990.096 225.4027864546958
v 1081.17648 1990.096 225.3086791185885
v 1081.214886434938 1990.096 225.2855754434692
v 1081.520980099197 1990.096 225.1014425348397
v 1081.689823873662 1990.096 225.0093306206164
v 1081.699991249167 1991.814399183316 225.1615155637375
v 1082.535740981316 1992.229756470007 224.5326176974087
v 1082.53703805701 1992.23082086714 224.531712911921
v 1084.963461131535 1993.674276675553 222.8455922071349
v 1082.383769180411 1990.096 224.6307520750137
v 1082.692945391267 1990.096 224.4187589607915
v 1082.695109481469 1990.096 224.4172751072304
v 1085.630381066048 1990.096 222.4046449550593
v 1085.070957774664 1993.866995903632 222.7693763359745
v 1087.847601999773 1995.589309028307 220.5010237349184
v 1088.04030554998 1995.750515889517 220.3439352740817
v 1087.877196400947 1995.610844541774 220.4766810049872
v 1085.869956756412 1990.096 222.2403748886412
v 1085.900972318263 1990.096 222.2227827604164
v 1086.675258499912 1990.096 221.783605103228
v 1086.734055245309 1990.096 221.7502553967426
v 1086.973310063014 1990.096 221.6002907929412
v 1087.04450910303 1990.096 221.5556633286778
v 1088.046763641272 1995.755014753202 220.3387144245696
v 1088.247213509374 1995.931832638306 220.1793903982464
v 1089.394572817135 1990.096 220.0826464959373
v 1089.816397213655 1990.096 219.8182475212183
v 1088.248748145445 1995.919683316445 220.1785417404207
v 1091.404106026485 1997.491401437202 218.0547055915218
v 1090.17410323544 1990.096 219.5940378591145
v 1092.753689786494 2040.302181629494 218.5533179701181
v 1092.910651061315 2039.989936200172 218.5487258777566
v 1091.938373085386 2042.047232537112 218.553162512654
v 1092.952765017134 2039.89148452524 218.5488843102853
v 1090.956947890352 2044.065816394363 218.5613149921638
v 1091.493625220857 1997.736203079251 217.9915940612073
v 1090.809945681363 1990.096 219.2841967241557
v 1090.9608 1990.096 219.2106865745901
v 1091.232085980017 1990.096 219.078491002423
v 1091.551645610849 1990.096 218.9374231886231
v 1092.513970768492 1990.096 218.5126101238448
v 1094.310558508732 1999.376857875572 216.3373535624609
v 1094.359710420999 1999.443839061673 216.3093427974457
v 1094.893832104435 1999.446201032803 216.093688442666
v 1093.450681836158 1990.096 218.0991042559926
v 1094.600039830526 1990.096 217.5917265903073
v 1094.907358415408 1990.096 217.4560625178571
v 1095.455063074534 1990.096 217.2142813558573
v 1095.757738224464 1990.096 217.1148675602029
v 1095.856364868733 1998.061239024335 215.8749667897077
v 1098.670893486899 1999.296198500479 215.3354164352922
v 1098.910672596358 1999.590680601875 215.2930322137246
v 1097.079052862565 1990.096 216.6808811445436
v 1097.313878177107 1990.096 216.6191288786355
v 1097.655429910032 1990.096 216.5293106515244
v 1099.267482440229 1999.992857626841 215.2314303700413
v 1099.270326751734 2000.002378368084 215.2309926089741
v 1099.795931244446 2004.07872781818 215.3123820064535
v 1099.45623245392 2000.444335368553 215.2177333645111
v 1099.730632141064 1990.096 215.9835924855171
v 1100.74512 1990.096 215.7665631218772
v 1099.452145053818 2000.410530841718 215.2169735266384
v 1099.312821813949 2000.087456743337 215.2259512981651
v 1099.310703274216 2000.07178295362 215.2259494150142
v 1100.919016484459 1990.096 215.7293614510747
v 1102.002085166449 1990.096 215.5514285714286
v 1104.833351114262 1990.096 215.1703582779919
v 1106.259093949562 1990.096 214.9469758072764
v 1106.731701066942 1990.096 214.8870858986164
v 1107.775195848552 1990.096 214.7548517344246
v 1108.005187282437 1990.096 214.7257066677055
v 1108.9150368472 1990.096 214.6104083462793
v 1101.32436349072 1990.096 215.6426455756235
v 1101.372719181587 1990.096 215.6361372088195
v 1108.972304921977 1990.096 214.603151198341
v 1109.533207707503 1990.096 214.5320722506126
v 1099.826551865298 2004.107566128317 215.309505556947
v 1100.491515439992 2007.266924628518 215.4448881175764
v 1100.473500771315 2007.314721100801 215.4507507967847
v 1110.261635007679 1990.096 214.4397641941558
v 1110.286863422138 1990.096 214.4365671889012
v 1110.52944 1990.096 214.40582730252
v 1110.578039076087 1990.096 214.3996687109103
v 1111.187211611425 1990.096 214.3224729045884
v 1111.530621112311 1990.096 214.2789552280984
v 1113.093400248166 1990.096 214.0475881205547
v 1113.543163954749 1990.096 213.9864701844411
v 1117.559336107372 1990.096 213.4407166043886
v 1118.076186124498 1990.096 213.3637533863616
v 1118.163068118304 1990.096 213.3508159429828
v 1118.211275534523 1990.096 213.3436374622591
v 1118.703293579898 1990.096 213.2703719290392
v 1118.95920111502 1990.096 213.2322651925243
v 1119.390454123868 1990.096 213.1698387995114
v 1119.888474564347 1990.096 213.0977474306215
v 1120.31376 1990.096 213.0361848786996
v 1123.765341831951 1990.096 212.5365482395658
v 1125.301827389898 1990.096 212.3028647105032
v 1125.623651577581 1990.096 212.2546289598915
v 1126.71605096006 1990.096 212.0908976239685
v 1128.893221585191 1990.096 211.7645782752925
v 1129.866223511791 1990.096 211.6138835448626
v 1129.963023805658 1990.096 211.5988914941881
v 1130.09808 1990.096 211.5781353398
v 1133.124697726256 1990.096 211.1129886273071
v 1134.610615404295 1990.096 210.8814593626541
v 1135.046739945965 1990.096 210.8134575851633
v 1135.224778954625 1990.096 210.7856972371553
v 1139.45262456649 1990.096 210.126479538782
v 1139.8824 1990.096 210.0585269688163
v 1139.8824 1998.964549238956 209.904759679172
v 1139.8824 2000.063919691791 209.8873011044864
v 1139.8824 2000.08 209.8871046924277
v 1139.8824 1995.676898089204 209.9551983446164
v 1139.8824 1991.152198527381 210.0371374984936
v 1139.8824 1991.605101369931 210.0291705906796
v 1139.8824 1990.700365661376 210.0466901851005
v 1139.8824 1995.600024738361 209.9563777243767
v 1139.8824 2001.164346782281 209.8738599970495
v 1139.8824 2004.532545576403 209.8259602961975
v 1139.8824 2004.814587398542 209.8225122645039
v 1093.046010614544 2039.737325879576 218.5377582430443
v 1090.645429155444 2044.695420783594 218.5662524069601
v 1094.673113083073 2035.817859133534 218.4360792852179
v 1094.67985879497 2035.794005313689 218.436229660052
v 1095.172871639169 2034.568827819043 218.3799670980512
v 1095.178987329083 2034.556268864229 218.3789266699525
v 1096.298850445862 2031.25610454909 218.2327257593899
v 1096.300486022444 2031.244471879361 218.2328140006547
v 1097.26520592152 2028.328997819694 217.9984450627429
v 1097.26665865346 2028.324737161239 217.9980827265822
v 1099.123060488091 2021.907721299743 217.2997320195776
v 1099.406016699233 2018.553565075584 217.0320192894185
v 1099.776927301768 2017.893442359379 216.8493395816795
v 1099.814498511427 2015.179737866019 216.5212269245283
v 1097.800206971772 2026.791967565584 217.8648565910387
v 1097.81278604121 2026.770805165262 217.8606158686096
v 1098.884384614885 2022.973695734462 217.411473121363
v 1098.974833644471 2022.453000528947 217.3759355359803
v 1100.194815549563 2013.384283621213 216.2515432177454
v 1100.144847773898 2008.608636645474 215.6010825329117
v 1100.057938500355 2014.857855958879 216.4143567071155
v 1100.193806417411 2013.38614073113 216.2520277758358
v 1099.004362844089 2022.316579742113 217.3648558455178
v 1099.105505283192 2022.022051474614 217.3110440552557
v 1099.00649428368 2022.335371179163 217.3645017180305
v 1100.180319242546 2008.602757862867 215.5922804692119
v 1100.177180825486 2008.148467301252 215.5503780940292
v 1100.171058285202 2008.122783031507 215.5493918382653
v 1139.8824 2005.805299161732 209.8104005658461
v 1139.8824 2008.015517940547 209.7833800894456
v 1139.8824 2008.974467455501 209.7725567488651
v 1139.8824 2009.93372381089 209.7635418559623
v 1139.8824 2010.064 209.7619769688952
v 1139.8824 2017.134572835346 209.6767670481744
v 1139.8824 2018.166924706826 209.6666064003909
v 1139.8824 2019.132509892079 209.6562418018055
v 1139.8824 2015.90777818988 209.6915960458616
v 1139.8824 2020.048 209.6441435996479
v 1139.8824 2013.457739949495 209.7212111175726
v 1139.8824 2013.471214945583 209.7210482372677
v 1139.8824 2026.026506491784 209.5564976112604
v 1139.8824 2026.754821993279 209.5471119178005
v 1139.8824 2027.601759400427 209.5324917467432
v 1139.8824 2030.032 209.4875595278432
v 1139.8824 2025.916483723845 209.5579154582943
v 1139.8824 2022.492316725866 209.6114699115481
v 1139.8824 2022.338906398046 209.6138692706432
v 1139.8824 2036.218264879295 209.348168458949
v 1139.8824 2039.805648559867 209.2494495174068
v 1139.8824 2040.016 209.2436609892284
v 1139.8824 2035.440912326167 209.3677609190403
v 1139.8824 2035.732134365359 209.3616018375307
v 1139.8824 2036.069737092861 209.352255701121
v 1139.8824 2031.248433130958 209.4650691457276
v 1088.182901547613 2049.350664209235 218.4856650612589
v 1088.316978926433 2049.099035045791 218.4903565735202
v 1090.437349853614 2045.142714964838 218.5618948253758
v 1090.490057188375 2045.0057121855 218.5681220210563
v 1090.536813719054 2044.907057400821 218.5687002915678
v 1139.8824 2046.535294141184 209.0142242815052
v 1139.8824 2049.051662897131 208.9170830155333
v 1139.8824 2044.579496116655 209.0897254160823
v 1139.8824 2040.453940212643 209.2298274400231
v 1139.8824 2044.048136629392 209.1091242647141
v 1139.8824 2040.160071022874 209.2396963899128
v 1139.8824 2044.529586804465 209.0916521026057
v 1139.8824 2044.280689673131 209.1014151428471
v 1078.61711566069 2066.860391871679 217.3595913262259
v 1079.443407532829 2065.541439178345 217.4741701744808
v 1078.495475126995 2067.043917491359 217.3455052860402
v 1079.502851185163 2065.461620555269 217.4784745782514
v 1080.926034467177 2062.609034035075 217.7206946116139
v 1081.049582809756 2062.408350533854 217.7347824643276
v 1082.230627160955 2060.414392403163 217.889274786248
v 1082.282265453352 2060.341556628558 217.8922659890751
v 1083.344835215134 2058.181377899872 218.0475723851439
v 1083.406782478751 2058.075489251571 218.0537848034789
v 1085.041100044216 2055.235218698772 218.2298671446556
v 1085.042266352684 2055.232320378278 218.2301180472084
v 1085.765373828246 2053.746256954569 218.311124507879
v 1085.778187339195 2053.72324604457 218.3121192343825
v 1087.770022475408 2050.170337766039 218.4605958616381
v 1087.807220992956 2050.08221805676 218.466237777981
v 1070.43863554808 2081.084076440539 216.0143529977236
v 1070.45646911156 2081.063432782508 216.0157473902613
v 1071.214479974584 2079.704580993322 216.1425332689519
v 1071.29159308812 2079.55441974127 216.1579806115521
v 1073.155397618289 2076.76264529888 216.409811881463
v 1073.614821037103 2076.044784473568 216.4787801056145
v 1074.68140011879 2073.985334417363 216.6906472992738
v 1076.041055082298 2071.483897518945 216.9344954536559
v 1076.072694768371 2071.44152264879 216.9377637550762
v 1076.663792300157 2070.584622832263 217.0157495861319
v 1076.697432223438 2070.543663087044 217.0181623815999
v 1073.667372565484 2075.928497870879 216.4919002393767
v 1073.835786664111 2075.51908829571 216.5423288039908
v 1073.987975547518 2075.209551165019 216.574112931899
v 1067.154148378711 2085.319639986113 215.6445521988433
v 1067.477028000002 2084.982487803927 215.6649497327533
v 1068.85012071949 2083.26743829093 215.8148187066402
v 1068.894249813402 2083.205935468542 215.820547373272
v 1067.617980131762 2109.904 213.331320027522
v 1069.252868769596 2109.904 213.179526730941
v 1069.683075704515 2109.904 213.1395836257335
v 1069.900560138203 2109.904 213.1201446483455
v 1071.39216 2109.904 212.9868239527264
v 1072.05248032962 2109.904 212.9278038576385
v 1072.059963640482 2109.904 212.9271349917884
v 1072.825874998827 2109.904 212.8522775253472
v 1073.647862526618 2109.904 212.7719393724967
v 1074.157253339429 2109.904 212.72215331663
v 1076.145255288557 2109.904 212.5278530394892
v 1078.397495240244 2109.904 212.3114277078029
v 1080.554071425583 2109.904 212.0921271332878
v 1080.591710625419 2109.904 212.0882996319899
v 1080.621961293067 2109.904 212.0852234648506
v 1080.771444371024 2109.904 212.0700226455617
v 1081.17648 2109.904 212.0288348838042
v 1081.626367928149 2109.904 211.983086126222
v 1081.77106321469 2109.904 211.9683721737618
v 1082.440840666705 2109.904 211.9002630195279
v 1083.202309532912 2109.904 211.8233320949975
v 1085.005942378327 2109.904 211.6330786945238
v 1086.459050025401 2109.904 211.4797998984468
v 1087.827635381075 2109.904 211.3330049315978
v 1090.9608 2109.904 210.988605292772
v 1091.708967161345 2109.904 210.9063662369011
v 1093.979676887496 2109.904 210.6534723782799
v 1139.8824 2049.462109443727 208.8985235425112
v 1139.8824 2050 208.8742013369747
v 1139.8824 2056.992058448097 208.5401611715512
v 1139.8824 2057.814291316877 208.498929578503
v 1139.8824 2058.306564603144 208.4713669116848
v 1139.8824 2059.984 208.3774463308963
v 1139.8824 2053.536898389653 208.714192539125
v 1139.8824 2053.945253208311 208.6929459099311
v 1139.8824 2052.979766895397 208.7394629556532
v 1139.8824 2067.592485605388 207.9220405330591
v 1139.8824 2069.968 207.7671201551734
v 1139.8824 2061.959924696023 208.2668131611227
v 1139.8824 2062.47305052307 208.2373044891895
v 1139.8824 2063.024817801453 208.2027999044013
v 1139.8824 2066.939549869189 207.9646220687536
v 1139.8824 2067.055761727286 207.957043253398
v 1139.8824 2070.807272979806 207.7123865414871
v 1139.8824 2071.396312154905 207.6727357678442
v 1139.8824 2071.990191568681 207.6305379626755
v 1095.972258352677 2109.904 210.4236468414244
v 1098.206884789586 2109.904 210.1659036928965
v 1100.324478421255 2109.904 209.9163576044227
v 1100.74512 2109.904 209.8656117894977
v 1104.285551825633 2109.904 209.4384973356347
v 1106.098018814105 2109.904 209.2142969662074
v 1107.056353051793 2109.904 209.0937024447621
v 1110.52944 2109.904 208.6566573701048
v 1110.715464533591 2109.904 208.6332484813024
v 1113.027966092478 2109.904 208.3339445319397
v 1117.100052341726 2109.904 207.8003834853539
v 1118.256911204741 2109.904 207.6445913048599
v 1119.384880371811 2109.904 207.4926896497089
v 1120.31376 2109.904 207.3676942175193
v 1121.732560623816 2109.904 207.1767721736043
v 1121.788868579991 2109.904 207.1690047612942
v 1123.811179622716 2109.904 206.8900366588205
v 1126.547230994586 2109.904 206.5133380531684
v 1128.619588328212 2109.904 206.2209422454295
v 1129.562973235121 2109.904 206.087527386132
v 1139.8824 2078.312471019256 207.1840331812413
v 1139.8824 2078.54399993014 207.1671615918063
v 1139.8824 2079.355756962963 207.1084045030536
v 1139.8824 2079.952 207.0633497362718
v 1139.8824 2079.25411693038 207.1160848744447
v 1139.8824 2075.816909984632 207.3658855513198
v 1130.09808 2109.904 206.011851812755
v 1133.149144976783 2109.904 205.5803657866333
v 1133.427817028549 2109.904 205.54
v 1135.942244577489 2109.904 205.1757839069166
v 1139.304899145625 2109.904 204.689286818825
v 1139.8824 2109.904 204.6038648498557
v 1139.8824 2089.124560221302 206.3536690088599
v 1139.8824 2089.936 206.2884027006496
v 1139.8824 2084.565509526282 206.7141136767429
v 1139.8824 2085.024655504726 206.6773080206013
v 1139.8824 2082.41577976665 206.8771756161682
v 1139.8824 2089.099403175888 206.3556924584402
v 1139.8824 2093.137998420358 206.0308572594742
v 1139.8824 2093.565758170991 205.9953691161273
v 1139.8824 2094.00123111378 205.9587707599925
v 1139.8824 2098.104816413832 205.6166851141496
v 1139.8824 2098.771005680707 205.5607536301676
v 1139.8824 2099.018198222046 205.54
v 1139.8824 2099.92 205.4642871144785
v 1139.8824 2101.688268080572 205.3158280162282
v 1139.8824 2102.726227667867 205.2258811294207
v 1139.8824 2104.015443341213 205.114115612688
v 1139.8824 2100.002405003705 205.4573686089217
v 1139.8824 2107.512238484487 204.8117990163676
v 1139.8824 2106.772040653042 204.875934928992
v 1139.8824 2107.175117412941 204.8411075358713
f 9 1490 1491
f 9 1491 1492
f 9 1492 1493
f 1489 1490 9
f 9 1493 1494
f 1489 9 1477
f 372 1995 1996
f 1993 1994 372
f 1994 1995 372
f 2001 2002 372
f 2001 372 2000
f 372 1996 1997
f 372 1997 1998
f 372 1998 1999
f 372 1999 2000
f 2002 2003 373
f 2003 2004 373
f 373 2006 2007
f 2004 2005 373
f 373 2007 2008
f 2009 373 2008
f 2009 2010 373
f 373 2005 2006
f 2010 2011 374
f 2011 2012 374
f 2012 2013 374
f 2013 2014 374
f 2014 2015 374
f 238 2015 2016
f 2017 2018 238
f 2017 238 2016
f 774 2090 2094
f 2094 2095 774
f 774 2097 2096
f 2097 774 2095
f 2065 774 2096
f 774 2065 2062
f 2093 633 2086
f 2092 633 2093
f 633 2091 2079
f 2091 633 2092
f 2061 2060 775
f 2062 2061 775
f 2087 629 2088
f 629 2080 2088
f 2089 629 2087
f 2089 2090 629
f 2059 2063 776
f 1975 776 2064
f 2063 2064 776
f 2060 2059 776
f 2083 2084 779
f 633 2084 2086
f 2082 779 2085
f 2081 2083 779
f 2082 2081 779
f 2181 126 2183
f 2183 126 2184
f 126 2185 2184
f 2178 2185 126
f 2177 459 2181
f 2173 459 2174
f 2175 459 2176
f 459 2177 2176
f 2174 459 2175
f 2172 460 2173
f 2085 779 2075
f 2076 2075 779
f 2076 783 2112
f 2166 461 2167
f 2162 2161 461
f 2162 461 2166
f 462 2161 2160
f 2159 2158 462
f 2159 462 2160
f 2156 2155 462
f 2157 2156 462
f 2158 2157 462
f 2154 2153 463
f 2155 2154 463
f 2150 2149 463
f 2151 2150 463
f 2151 463 2152
f 463 2153 2152
f 2147 2146 464
f 2148 2147 464
f 2149 2148 463
f 471 1721 1720
f 1722 1721 471
f 1719 471 1720
f 1718 471 1719
f 2182 2180 127
f 2179 2178 127
f 2180 2179 127
f 1819 1818 469
f 469 1818 1816
f 1897 636 1896
f 2099 636 2101
f 636 1897 2101
f 793 1884 1885
f 793 1882 1884
f 1889 1890 793
f 1889 793 1885
f 1900 794 1901
f 1901 794 1898
f 793 1890 1892
f 1891 1898 794
f 1891 794 1892
f 1876 795 1872
f 1882 793 1881
f 1881 795 1876
f 638 1899 1895
f 1900 1899 638
f 638 1895 1894
f 636 1894 1896
f 2106 2109 783
f 634 2107 2106
f 2109 2110 783
f 2110 2111 783
f 2107 634 2108
f 783 2111 2112
f 2099 2098 635
f 635 2098 2100
f 460 2169 2168
f 2170 2169 460
f 2171 2170 460
f 2172 2171 460
f 2167 461 2168
f 834 1683 1658
f 1683 834 1684
f 834 1657 1659
f 1657 834 1658
f 834 1659 1704
f 1705 834 1704
f 773 1788 1791
f 1790 644 1792
f 773 1791 1792
f 645 1795 1798
f 645 1798 1799
f 836 1799 1800
f 1801 836 1800
f 1801 1802 836
f 1803 1727 839
f 1804 1803 839
f 1802 1804 839
f 1694 844 1688
f 1692 844 1694
f 1691 844 1692
f 1684 844 1691
f 1682 1681 1680
f 1693 1682 847
f 851 1705 1709
f 851 1709 1710
f 1693 1638 1639
f 852 1635 1637
f 852 1637 1638
f 1806 1808 656
f 1810 656 1808
f 1810 1811 656
f 1815 1817 872
f 1811 1815 656
f 1817 1821 872
f 1821 1822 872
f 1822 1823 872
f 1732 655 1728
f 1732 1733 655
f 1807 1806 655
f 655 1733 1807
f 839 1726 1728
f 1726 839 1727
f 1823 1828 872
f 1843 1850 883
f 1850 1849 883
f 1847 660 1848
f 660 1849 1848
f 1860 659 1856
f 1866 1867 887
f 1865 1866 887
f 659 1860 1864
f 1865 659 1864
f 1843 883 1839
f 881 1834 1838
f 883 1838 1839
f 795 1871 1872
f 1867 1870 887
f 1870 1871 887
f 881 1828 1831
f 1833 1831 1832
f 1834 881 1835
f 881 1833 1835
f 1983 1981 912
f 1977 1983 912
f 1981 1980 912
f 913 1980 1982
f 1986 913 1988
f 913 1987 1988
f 1987 913 1982
f 1979 914 1976
f 1978 1977 914
f 1979 1978 914
f 915 1985 1984
f 1986 1985 913
f 1949 915 1950
f 1950 915 1984
f 1969 1970 1973
f 1963 770 1959
f 1946 1945 1972
f 770 1963 1972
f 916 1934 1936
f 1934 916 1935
f 1947 916 1936
f 1947 1948 916
f 916 1948 1943
f 1962 1961 918
f 1959 917 1960
f 917 1961 1960
f 1970 1969 1962
f 1967 918 1968
f 1962 1966 1970
f 918 1967 1966
f 1938 1937 916
f 916 1937 1935
f 1942 916 1943
f 1938 916 1942
f 918 1958 1968
f 1750 1746 111
f 1737 1750 111
f 1747 1749 111
f 1953 698 1952
f 915 1951 1952
f 915 1949 1951
f 1955 1954 942
f 1954 1957 942
f 1957 1956 1958
f 1505 1506 708
f 1506 1508 989
f 1500 989 1508
f 1503 708 1504
f 1505 708 1503
f 708 1507 1504
f 990 1569 1568
f 1561 1569 990
f 1605 1604 750
f 1601 1612 1044
f 1044 1612 1605
f 1607 1604 1608
f 1607 1606 750
f 1606 1611 750
f 1052 1629 1630
f 1052 1609 1629
f 1610 1609 1052
f 1054 1572 1575
f 1578 1603 1044
f 1578 1054 1575
f 1573 1572 1574
f 1054 1576 1574
f 1054 1567 1576
f 1052 1631 1632
f 1052 1630 1631
f 1633 1052 1632
f 1571 990 1568
f 1571 1570 990
f 1975 1974 776
f 1974 1976 776
f 964 1926 1927
f 1916 1926 964
f 769 1914 1916
f 1914 769 1915
f 978 1528 1520
f 978 1525 1528
f 1517 709 1518
f 1518 709 1520
f 709 1517 1519
f 989 1501 1502
f 1529 989 1502
f 989 1557 1558
f 989 1529 1557
f 989 1558 1560
f 1561 989 1559
f 1559 989 1560
f 989 1499 1501
f 1500 1499 989
f 1044 1602 1600
f 1603 1602 1044
f 1599 1044 1600
f 1601 1044 1598
f 1598 1044 1599
f 1563 1562 1056
f 1562 1564 1056
f 1566 1567 1056
f 1565 1566 1056
f 1564 1565 1056
f 1551 1563 1056
f 1532 1060 1552
f 1060 1553 1552
f 1553 1060 1556
f 1554 1556 1060
f 1555 1554 1060
f 1643 1642 86
f 1642 1645 86
f 1645 1644 86
f 1674 76 1679
f 1674 1665 77
f 1677 76 1678
f 1678 76 1671
f 76 1677 1679
f 76 1668 1672
f 1671 76 1672
f 1667 1666 76
f 76 1666 1668
f 76 1644 1676
f 1675 76 1676
f 76 1675 1667
f 1660 1673 77
f 1695 95 1696
f 1641 86 1646
f 1655 1652 95
f 1703 95 1695
f 1655 95 1703
f 1651 1650 86
f 1652 1651 86
f 1650 1646 86
f 1653 86 1640
f 1653 1654 86
f 1649 86 1656
f 1656 86 1654
f 86 1649 1648
f 1647 86 1648
f 1643 86 1647
f 86 1641 1640
f 1702 1701 95
f 1701 1700 95
f 1764 1702 95
f 1742 1764 95
f 1740 1739 95
f 1739 1741 95
f 1742 95 1743
f 1741 1743 95
f 1697 1699 95
f 1698 1697 95
f 1700 1698 95
f 95 1699 1696
f 1735 111 1736
f 1755 1756 111
f 1754 1755 111
f 1735 1754 111
f 1756 1758 103
f 1758 1757 103
f 103 1757 1768
f 1770 103 1767
f 1767 103 1768
f 1769 1763 103
f 1770 1769 103
f 1820 469 1824
f 469 1825 1824
f 1826 1825 469
f 1827 1826 469
f 1827 469 1829
f 1829 469 1830
f 1812 1809 469
f 1813 1812 469
f 1814 469 1816
f 1813 469 1814
f 964 1918 1911
f 1820 1819 469
f 1805 1734 470
f 1809 1805 470
f 119 1753 1752
f 1759 119 1760
f 1761 111 1759
f 111 1761 1751
f 1760 119 1752
f 1924 1923 1918
f 1746 1745 111
f 1747 111 1744
f 111 1745 1744
f 111 1749 1736
f 964 1927 1928
f 1924 964 1928
f 1751 1748 111
f 1748 1738 111
f 1738 1737 111
f 1665 1661 77
f 1661 1660 77
f 1523 1524 365
f 1522 1523 365
f 365 1524 1527
f 1514 365 1494
f 1514 1515 365
f 1515 1516 365
f 1516 1521 365
f 1521 1522 365
f 1909 1908 464
f 2144 1909 464
f 2145 2144 464
f 2146 2145 464
f 465 1905 1904
f 1903 465 1904
f 1907 465 1908
f 1906 465 1907
f 1905 465 1906
f 1887 465 1888
f 1525 978 1526
f 1902 465 1903
f 1526 1065 1527
f 1878 466 1879
f 1879 466 1880
f 1883 466 1886
f 1886 465 1887
f 1875 1874 466
f 1873 466 1874
f 1877 466 1878
f 1875 466 1877
f 1861 1859 467
f 466 1873 1869
f 1861 467 1862
f 1862 467 1863
f 467 1868 1863
f 1868 466 1869
f 1853 467 1854
f 1858 1857 467
f 467 1857 1854
f 1859 1858 467
f 1845 468 1846
f 1845 1844 468
f 1844 1842 468
f 468 1851 1846
f 1853 1851 467
f 468 1841 1840
f 1837 468 1840
f 1836 468 1837
f 1836 1830 468
f 1842 1841 468
f 1777 473 1778
f 473 1777 1776
f 1781 473 1782
f 1613 1610 751
f 1614 1613 751
f 1614 750 1616
f 750 1611 1615
f 750 1615 1616
f 1531 1530 37
f 1532 1531 37
f 37 1530 1536
f 1537 37 1536
f 37 1537 1544
f 1549 37 1550
f 1550 37 1544
f 1548 37 1549
f 1547 1498 37
f 1548 1547 37
f 1729 1725 470
f 1730 1729 470
f 1731 1730 470
f 1731 470 1734
f 1723 1722 470
f 1724 1723 470
f 1725 1724 470
f 1052 1634 1636
f 1635 852 1636
f 1633 1634 1052
f 1714 1713 1710
f 1893 465 1902
f 465 1893 1888
f 466 1883 1880
f 1786 473 1715
f 1782 473 1784
f 473 1785 1784
f 473 1786 1785
f 1716 473 1717
f 1715 473 1716
f 1717 473 1718
f 47 1538 1551
f 1539 1538 47
f 1540 1539 47
f 1546 47 1535
f 1546 1540 47
f 1771 1753 119
f 1772 1771 119
f 1773 1772 119
f 1774 1773 119
f 1774 473 1775
f 1911 1910 1128
f 1913 370 1912
f 370 1910 1912
f 1922 1929 371
f 1913 1922 371
f 371 1932 1933
f 1931 1932 371
f 1930 1931 371
f 1929 1930 371
f 371 1941 1944
f 1989 371 1944
f 371 1989 1990
f 371 1940 1941
f 1939 1940 1933
f 371 1990 1991
f 371 1991 1992
f 1993 371 1992
f 1543 1542 47
f 1587 57 1588
f 57 1589 1590
f 1589 57 1584
f 1585 57 1586
f 57 1585 1584
f 1586 57 1587
f 1545 47 1591
f 47 1545 1543
f 57 1590 1591
f 1534 1533 47
f 1542 1541 47
f 1541 1534 47
f 1533 1535 47
f 67 1593 1592
f 1594 1593 67
f 1618 1617 67
f 1617 1594 67
f 1619 1618 67
f 1579 57 1580
f 1596 57 1597
f 1597 67 1592
f 1580 57 1596
f 1595 57 1579
f 57 1595 1583
f 1581 57 1582
f 1582 57 1583
f 1588 57 1581
f 1778 473 1781
f 1775 473 1776
f 67 1620 1619
f 1626 67 1621
f 67 1626 1620
f 77 1669 1663
f 1669 77 1670
f 1627 1625 67
f 1628 67 1623
f 1628 1627 67
f 77 1673 1670
f 1621 67 1622
f 67 1625 1622
f 1623 67 1624
f 77 1662 1664
f 67 1664 1624
f 1662 77 1663
f 1476 18 1488
f 1488 18 1482
f 9 1475 1479
f 1475 9 1476
f 1477 9 1478
f 1481 9 1479
f 1478 9 1480
f 9 1481 1480
f 1495 27 1496
f 1497 18 1495
f 18 1497 1486
f 18 1483 1482
f 1483 18 1484
f 18 1485 1487
f 1485 18 1486
f 1484 18 1487
f 27 1498 1496
f 628 2077 2080
f 2078 628 2079
f 2077 628 2078
f 2108 634 2102
f 2105 635 2100
f 635 2105 2104
f 2102 634 2103
f 2103 635 2104
f 1789 644 1790
f 1796 644 1789
f 645 1797 1794
f 1796 1797 644
f 1794 1793 645
f 1793 1795 645
f 1685 646 1680
f 1685 1686 1687
f 1690 1689 1687
f 647 1689 1688
f 1852 660 1847
f 659 1855 1856
f 660 1852 1855
f 698 1953 1965
f 1964 698 1965
f 1971 698 1964
f 698 1971 1955
f 1513 708 1511
f 1513 1507 708
f 1763 1762 103
f 94 1762 1766
f 1765 1740 94
f 1766 1765 94
f 135 2193 2192
f 2195 2194 135
f 2194 2193 135
f 2196 2195 135
f 2190 2196 135
f 2191 127 2192
f 2182 127 2191
f 1917 1915 768
f 1925 1917 768
f 1921 1925 768
f 767 1945 1920
f 1919 767 1920
f 1919 1921 768
f 771 1780 1783
f 1787 771 1783
f 771 1706 1779
f 1780 771 1779
f 1706 771 1707
f 1708 1707 771
f 772 1713 1712
f 1711 1708 1712
f 1787 1788 773
f 2163 2165 143
f 2164 2163 143
f 2165 2189 143
f 2139 2164 143
f 2186 2188 135
f 2187 2186 135
f 2189 2187 135
f 2188 2190 135
f 1510 707 1512
f 1509 707 1510
f 707 1509 1511
f 709 1519 1512
f 2142 2143 151
f 2135 2142 151
f 2141 151 2143
f 143 2137 2136
f 2140 143 2136
f 2140 2139 143
f 2138 2137 143
f 2141 2138 143
f 2134 2133 151
f 151 2133 2135
f 2130 2134 151
f 2131 2130 160
f 2119 2129 160
f 2129 2128 160
f 2132 2131 160
f 2127 2132 160
f 2128 2127 160
f 2123 169 2116
f 169 2125 2126
f 2126 2120 160
f 169 2122 2121
f 169 2123 2124
f 2122 169 2124
f 169 2121 2125
f 2120 2119 160
f 2118 178 2074
f 2073 2074 178
f 169 2113 2116
f 2113 169 2114
f 2114 169 2115
f 2115 169 2117
f 2117 169 2118
f 178 2068 2070
f 2068 178 2069
f 2071 178 2072
f 2073 178 2071
f 178 2070 2072
f 188 2066 2069
f 2067 2066 188
f 2067 188 2054
f 2051 2058 198
f 198 2058 2056
f 188 2057 2053
f 2057 198 2055
f 2055 198 2056
f 2044 2051 198
f 2052 188 2053
f 188 2052 2054
f 2050 208 2048
f 2049 2048 208
f 2038 2049 208
f 2050 2047 208
f 2043 2042 198
f 2042 2044 198
f 2045 2043 198
f 2046 2045 198
f 198 2047 2046
f 2037 218 2039
f 2039 218 2040
f 218 2041 2040
f 2041 218 2033
f 2037 2036 208
f 2036 2038 208
f 228 2019 2030
f 228 2030 2031
f 2029 228 2031
f 2035 2034 218
f 2028 218 2029
f 2033 218 2034
f 2035 218 2032
f 218 2027 2032
f 2027 218 2028
f 1570 1577 1060
f 1577 1555 1060
f 2026 238 2018
f 238 2025 2024
f 2022 238 2024
f 2026 2025 238
f 228 2023 2020
f 2020 2019 228
f 228 2021 2023
f 2021 228 2022
f 1494 365 9
f 372 371 1993
f 373 372 2002
f 2010 374 373
f 238 374 2015
f 774 2062 775
f 2090 774 629
f 776 775 2060
f 2084 633 779
f 126 127 2178
f 126 2181 459
f 459 2173 460
f 783 2076 779
f 2161 462 461
f 2155 463 462
f 464 463 2148
f 1722 471 470
f 471 1718 473
f 794 793 1892
f 793 795 1881
f 638 794 1900
f 636 638 1894
f 2106 783 634
f 636 2099 635
f 460 2168 461
f 1792 644 773
f 645 1799 836
f 839 836 1802
f 844 647 1688
f 844 1684 834
f 1680 646 1682
f 1682 646 847
f 1705 851 834
f 1638 1693 852
f 847 852 1693
f 872 656 1815
f 839 1728 655
f 655 1806 656
f 872 1828 881
f 1849 660 883
f 887 659 1865
f 883 881 1838
f 887 1871 795
f 913 912 1980
f 914 1977 912
f 1985 915 913
f 1945 770 1972
f 1961 917 918
f 1959 770 917
f 1952 698 915
f 1955 942 698
f 1957 1958 942
f 1958 918 942
f 708 1506 989
f 1561 990 989
f 750 1044 1605
f 1578 1044 1054
f 1567 1054 1056
f 914 776 1976
f 964 769 1916
f 1520 709 978
f 1551 1056 1132
f 1130 1060 1532
f 76 86 1644
f 1674 77 76
f 95 1652 86
f 1756 103 111
f 469 468 1830
f 964 1911 1128
f 469 1809 470
f 111 119 1759
f 365 1527 1065
f 464 1908 465
f 1065 1526 978
f 466 465 1886
f 467 466 1868
f 467 1851 468
f 751 1610 1052
f 750 1614 751
f 37 1130 1532
f 1636 852 1052
f 1710 1713 772
f 1710 772 851
f 1132 47 1551
f 473 1774 119
f 1128 1910 370
f 1913 371 370
f 57 1591 47
f 57 67 1597
f 67 77 1664
f 9 18 1476
f 18 27 1495
f 37 1498 27
f 2080 629 628
f 2079 628 633
f 2103 634 635
f 1797 645 644
f 1687 646 1685
f 647 1687 1689
f 646 1687 647
f 659 660 1855
f 708 707 1511
f 94 103 1762
f 1740 95 94
f 135 2192 127
f 1915 769 768
f 770 1945 767
f 767 1919 768
f 772 1712 1708
f 772 1708 771
f 771 1787 773
f 2189 135 143
f 1512 707 709
f 2141 143 151
f 2130 151 160
f 169 2126 160
f 178 2118 169
f 188 2069 178
f 198 2057 188
f 208 2047 198
f 2037 208 218
f 2029 218 228
f 1570 1060 990
f 2022 228 238
f 368 1111 1112
f 1110 368 1109
f 1110 1111 368
f 1113 368 1112
f 1087 355 1086
f 354 1086 355
f 1130 37 1129
f 1065 1066 365
f 365 1066 1061
f 1062 1063 351
f 1061 1062 351
f 1061 351 365
f 1063 1064 352
f 351 1063 352
f 352 1067 1068
f 352 1064 1067
f 352 1069 1070
f 352 1071 1072
f 352 1070 1071
f 352 1072 1073
f 352 1073 1074
f 1068 1069 352
f 1074 1075 353
f 352 1074 353
f 1078 1079 353
f 353 1075 1076
f 1077 353 1076
f 1077 1078 353
f 1079 1080 354
f 353 1079 354
f 1081 354 1080
f 1082 354 1081
f 1083 354 1082
f 1084 354 1083
f 1085 354 1084
f 354 1085 1086
f 1087 1088 355
f 1088 366 355
f 1132 1133 47
f 1134 37 1133
f 1131 37 1134
f 1129 37 1131
f 1133 37 47
f 1088 1089 366
f 1089 1090 366
f 1090 1091 366
f 1091 1092 366
f 1092 1093 366
f 1093 1094 366
f 1095 366 1094
f 366 1096 1097
f 1099 367 1098
f 1098 366 1097
f 1095 1096 366
f 1100 1101 367
f 1100 367 1099
f 1102 367 1101
f 1098 367 366
f 1105 367 1104
f 367 1103 1104
f 1102 1103 367
f 1107 368 1106
f 1106 367 1105
f 1107 1108 368
f 1109 368 1108
f 1106 368 367
f 369 1116 1117
f 369 1115 1116
f 369 1117 1118
f 1114 1115 369
f 1114 369 1113
f 1113 369 368
f 1120 1121 369
f 1118 1119 369
f 1121 1122 369
f 1119 1120 369
f 369 1122 1123
f 1123 1124 370
f 1124 1125 370
f 1125 1126 370
f 369 1123 370
f 1127 1128 370
f 1127 370 1126
f 10 11 1
f 11 2 1
f 11 12 2
f 12 3 2
f 12 13 3
f 13 4 3
f 13 14 4
f 14 5 4
f 14 15 5
f 15 6 5
f 15 16 6
f 16 7 6
f 16 17 7
f 17 8 7
f 17 18 8
f 18 9 8
f 19 20 10
f 20 11 10
f 20 21 11
f 21 12 11
f 21 22 12
f 22 13 12
f 22 23 13
f 23 14 13
f 23 24 14
f 24 15 14
f 24 25 15
f 25 16 15
f 25 26 16
f 26 17 16
f 26 27 17
f 27 18 17
f 28 29 19
f 29 20 19
f 29 30 20
f 30 21 20
f 30 31 21
f 31 22 21
f 31 32 22
f 32 23 22
f 32 33 23
f 33 24 23
f 33 34 24
f 34 25 24
f 34 35 25
f 35 26 25
f 35 36 26
f 36 27 26
f 36 37 27
f 38 39 28
f 39 29 28
f 39 40 29
f 40 30 29
f 40 41 30
f 41 31 30
f 41 42 31
f 42 32 31
f 42 43 32
f 43 33 32
f 43 44 33
f 44 34 33
f 44 45 34
f 45 35 34
f 45 46 35
f 46 36 35
f 46 47 36
f 47 37 36
f 48 49 38
f 49 39 38
f 49 50 39
f 50 40 39
f 50 51 40
f 51 41 40
f 51 52 41
f 52 42 41
f 52 53 42
f 53 43 42
f 53 54 43
f 54 44 43
f 54 55 44
f 55 45 44
f 55 56 45
f 56 46 45
f 56 57 46
f 57 47 46
f 58 59 48
f 59 49 48
f 59 60 49
f 60 50 49
f 60 61 50
f 61 51 50
f 61 62 51
f 62 52 51
f 62 63 52
f 63 53 52
f 63 64 53
f 64 54 53
f 64 65 54
f 65 55 54
f 65 66 55
f 66 56 55
f 66 67 56
f 67 57 56
f 68 69 58
f 69 59 58
f 69 70 59
f 70 60 59
f 70 71 60
f 71 61 60
f 71 72 61
f 72 62 61
f 72 73 62
f 73 63 62
f 73 74 63
f 74 64 63
f 74 75 64
f 75 65 64
f 75 76 65
f 76 66 65
f 76 77 66
f 77 67 66
f 78 79 68
f 79 69 68
f 79 80 69
f 80 70 69
f 80 81 70
f 81 71 70
f 81 82 71
f 82 72 71
f 82 83 72
f 83 73 72
f 83 84 73
f 84 74 73
f 84 85 74
f 85 75 74
f 85 86 75
f 86 76 75
f 87 88 78
f 88 79 78
f 88 89 79
f 89 80 79
f 89 90 80
f 90 81 80
f 90 91 81
f 91 82 81
f 91 92 82
f 92 83 82
f 92 93 83
f 93 84 83
f 93 94 84
f 94 85 84
f 94 95 85
f 95 86 85
f 96 97 87
f 97 88 87
f 97 98 88
f 98 89 88
f 98 99 89
f 99 90 89
f 99 100 90
f 100 91 90
f 100 101 91
f 101 92 91
f 101 102 92
f 102 93 92
f 102 103 93
f 103 94 93
f 104 105 96
f 105 97 96
f 105 106 97
f 106 98 97
f 106 107 98
f 107 99 98
f 107 108 99
f 108 100 99
f 108 109 100
f 109 101 100
f 109 110 101
f 110 102 101
f 110 111 102
f 111 103 102
f 112 113 104
f 113 105 104
f 113 114 105
f 114 106 105
f 114 115 106
f 115 107 106
f 115 116 107
f 116 108 107
f 116 117 108
f 117 109 108
f 117 118 109
f 118 110 109
f 118 119 110
f 119 111 110
f 128 129 120
f 129 121 120
f 129 130 121
f 130 122 121
f 130 131 122
f 131 123 122
f 131 132 123
f 132 124 123
f 132 133 124
f 133 125 124
f 133 134 125
f 134 126 125
f 134 135 126
f 135 127 126
f 136 137 128
f 137 129 128
f 137 138 129
f 138 130 129
f 138 139 130
f 139 131 130
f 139 140 131
f 140 132 131
f 140 141 132
f 141 133 132
f 141 142 133
f 142 134 133
f 142 143 134
f 143 135 134
f 144 145 136
f 145 137 136
f 145 146 137
f 146 138 137
f 146 147 138
f 147 139 138
f 147 148 139
f 148 140 139
f 148 149 140
f 149 141 140
f 149 150 141
f 150 142 141
f 150 151 142
f 151 143 142
f 152 153 144
f 153 145 144
f 153 154 145
f 154 146 145
f 154 155 146
f 155 147 146
f 155 156 147
f 156 148 147
f 156 157 148
f 157 149 148
f 157 158 149
f 158 150 149
f 158 159 150
f 159 151 150
f 159 160 151
f 161 162 152
f 162 153 152
f 162 163 153
f 163 154 153
f 163 164 154
f 164 155 154
f 164 165 155
f 165 156 155
f 165 166 156
f 166 157 156
f 166 167 157
f 167 158 157
f 167 168 158
f 168 159 158
f 168 169 159
f 169 160 159
f 170 171 161
f 171 162 161
f 171 172 162
f 172 163 162
f 172 173 163
f 173 164 163
f 173 174 164
f 174 165 164
f 174 175 165
f 175 166 165
f 175 176 166
f 176 167 166
f 176 177 167
f 177 168 167
f 177 178 168
f 178 169 168
f 179 180 170
f 180 171 170
f 180 181 171
f 181 172 171
f 181 182 172
f 182 173 172
f 182 183 173
f 183 174 173
f 183 184 174
f 184 175 174
f 184 185 175
f 185 176 175
f 185 186 176
f 186 177 176
f 186 187 177
f 187 178 177
f 187 188 178
f 189 190 179
f 190 180 179
f 190 191 180
f 191 181 180
f 191 192 181
f 192 182 181
f 192 193 182
f 193 183 182
f 193 194 183
f 194 184 183
f 194 195 184
f 195 185 184
f 195 196 185
f 196 186 185
f 196 197 186
f 197 187 186
f 197 198 187
f 198 188 187
f 199 200 189
f 200 190 189
f 200 201 190
f 201 191 190
f 201 202 191
f 202 192 191
f 202 203 192
f 203 193 192
f 203 204 193
f 204 194 193
f 204 205 194
f 205 195 194
f 205 206 195
f 206 196 195
f 206 207 196
f 207 197 196
f 207 208 197
f 208 198 197
f 209 210 199
f 210 200 199
f 210 211 200
f 211 201 200
f 211 212 201
f 212 202 201
f 212 213 202
f 213 203 202
f 213 214 203
f 214 204 203
f 214 215 204
f 215 205 204
f 215 216 205
f 216 206 205
f 216 217 206
f 217 207 206
f 217 218 207
f 218 208 207
f 219 220 209
f 220 210 209
f 220 221 210
f 221 211 210
f 221 222 211
f 222 212 211
f 222 223 212
f 223 213 212
f 223 224 213
f 224 214 213
f 224 225 214
f 225 215 214
f 225 226 215
f 226 216 215
f 226 227 216
f 227 217 216
f 227 228 217
f 228 218 217
f 229 230 219
f 230 220 219
f 230 231 220
f 231 221 220
f 231 232 221
f 232 222 221
f 232 233 222
f 233 223 222
f 233 234 223
f 234 224 223
f 234 235 224
f 235 225 224
f 235 236 225
f 236 226 225
f 236 237 226
f 237 227 226
f 237 238 227
f 238 228 227
f 2 253 1
f 253 239 1
f 253 254 239
f 254 240 239
f 254 255 240
f 255 241 240
f 255 256 241
f 256 242 241
f 256 257 242
f 257 243 242
f 257 258 243
f 258 244 243
f 258 259 244
f 259 245 244
f 259 260 245
f 260 246 245
f 260 261 246
f 261 247 246
f 261 262 247
f 262 248 247
f 262 263 248
f 263 249 248
f 263 264 249
f 264 250 249
f 264 265 250
f 265 251 250
f 265 266 251
f 266 252 251
f 266 230 252
f 230 229 252
f 3 267 2
f 267 253 2
f 267 268 253
f 268 254 253
f 268 269 254
f 269 255 254
f 269 270 255
f 270 256 255
f 270 271 256
f 271 257 256
f 271 272 257
f 272 258 257
f 272 273 258
f 273 259 258
f 273 274 259
f 274 260 259
f 274 275 260
f 275 261 260
f 275 276 261
f 276 262 261
f 276 277 262
f 277 263 262
f 277 278 263
f 278 264 263
f 278 279 264
f 279 265 264
f 279 280 265
f 280 266 265
f 280 231 266
f 231 230 266
f 4 281 3
f 281 267 3
f 281 282 267
f 282 268 267
f 282 283 268
f 283 269 268
f 283 284 269
f 284 270 269
f 284 285 270
f 285 271 270
f 285 286 271
f 286 272 271
f 286 287 272
f 287 273 272
f 287 288 273
f 288 274 273
f 288 289 274
f 289 275 274
f 289 290 275
f 290 276 275
f 290 291 276
f 291 277 276
f 291 292 277
f 292 278 277
f 292 293 278
f 293 279 278
f 293 294 279
f 294 280 279
f 294 232 280
f 232 231 280
f 5 295 4
f 295 281 4
f 295 296 281
f 296 282 281
f 296 297 282
f 297 283 282
f 297 298 283
f 298 284 283
f 298 299 284
f 299 285 284
f 299 300 285
f 300 286 285
f 300 301 286
f 301 287 286
f 301 302 287
f 302 288 287
f 302 303 288
f 303 289 288
f 303 304 289
f 304 290 289
f 304 305 290
f 305 291 290
f 305 306 291
f 306 292 291
f 306 307 292
f 307 293 292
f 307 308 293
f 308 294 293
f 308 233 294
f 233 232 294
f 6 309 5
f 309 295 5
f 309 310 295
f 310 296 295
f 310 311 296
f 311 297 296
f 311 312 297
f 312 298 297
f 312 313 298
f 313 299 298
f 313 314 299
f 314 300 299
f 314 315 300
f 315 301 300
f 315 316 301
f 316 302 301
f 316 317 302
f 317 303 302
f 317 318 303
f 318 304 303
f 318 319 304
f 319 305 304
f 319 320 305
f 320 306 305
f 320 321 306
f 321 307 306
f 321 322 307
f 322 308 307
f 322 234 308
f 234 233 308
f 7 323 6
f 323 309 6
f 323 324 309
f 324 310 309
f 324 325 310
f 325 311 310
f 325 326 311
f 326 312 311
f 326 327 312
f 327 313 312
f 327 328 313
f 328 314 313
f 328 329 314
f 329 315 314
f 329 330 315
f 330 316 315
f 330 331 316
f 331 317 316
f 331 332 317
f 332 318 317
f 332 333 318
f 333 319 318
f 333 334 319
f 334 320 319
f 334 335 320
f 335 321 320
f 335 336 321
f 336 322 321
f 336 235 322
f 235 234 322
f 8 337 7
f 337 323 7
f 337 338 323
f 338 324 323
f 338 339 324
f 339 325 324
f 339 340 325
f 340 326 325
f 340 341 326
f 341 327 326
f 341 342 327
f 342 328 327
f 342 343 328
f 343 329 328
f 343 344 329
f 344 330 329
f 344 345 330
f 345 331 330
f 345 346 331
f 346 332 331
f 346 347 332
f 347 333 332
f 347 348 333
f 348 334 333
f 348 349 334
f 349 335 334
f 349 350 335
f 350 336 335
f 350 236 336
f 236 235 336
f 9 351 8
f 351 337 8
f 351 352 337
f 352 338 337
f 352 353 338
f 353 339 338
f 353 354 339
f 354 340 339
f 354 355 340
f 355 341 340
f 355 356 341
f 356 342 341
f 356 357 342
f 357 343 342
f 357 358 343
f 358 344 343
f 358 359 344
f 359 345 344
f 359 360 345
f 360 346 345
f 360 361 346
f 361 347 346
f 361 362 347
f 362 348 347
f 362 363 348
f 363 349 348
f 363 364 349
f 364 350 349
f 364 237 350
f 237 236 350
f 365 351 9
f 366 356 355
f 366 367 356
f 367 357 356
f 367 368 357
f 368 358 357
f 368 369 358
f 369 359 358
f 369 370 359
f 370 360 359
f 370 371 360
f 371 361 360
f 371 372 361
f 372 362 361
f 372 373 362
f 373 363 362
f 373 374 363
f 374 364 363
f 374 238 364
f 238 237 364
f 121 389 120
f 389 375 120
f 389 390 375
f 390 376 375
f 390 391 376
f 391 377 376
f 391 392 377
f 392 378 377
f 392 393 378
f 393 379 378
f 393 394 379
f 394 380 379
f 394 395 380
f 395 381 380
f 395 396 381
f 396 382 381
f 396 397 382
f 397 383 382
f 397 398 383
f 398 384 383
f 398 399 384
f 399 385 384
f 399 400 385
f 400 386 385
f 400 401 386
f 401 387 386
f 401 402 387
f 402 388 387
f 402 113 388
f 113 112 388
f 122 403 121
f 403 389 121
f 403 404 389
f 404 390 389
f 404 405 390
f 405 391 390
f 405 406 391
f 406 392 391
f 406 407 392
f 407 393 392
f 407 408 393
f 408 394 393
f 408 409 394
f 409 395 394
f 409 410 395
f 410 396 395
f 410 411 396
f 411 397 396
f 411 412 397
f 412 398 397
f 412 413 398
f 413 399 398
f 413 414 399
f 414 400 399
f 414 415 400
f 415 401 400
f 415 416 401
f 416 402 401
f 416 114 402
f 114 113 402
f 123 417 122
f 417 403 122
f 417 418 403
f 418 404 403
f 418 419 404
f 419 405 404
f 419 420 405
f 420 406 405
f 420 421 406
f 421 407 406
f 421 422 407
f 422 408 407
f 422 423 408
f 423 409 408
f 423 424 409
f 424 410 409
f 424 425 410
f 425 411 410
f 425 426 411
f 426 412 411
f 426 427 412
f 427 413 412
f 427 428 413
f 428 414 413
f 428 429 414
f 429 415 414
f 429 430 415
f 430 416 415
f 430 115 416
f 115 114 416
f 124 431 123
f 431 417 123
f 431 432 417
f 432 418 417
f 432 433 418
f 433 419 418
f 433 434 419
f 434 420 419
f 434 435 420
f 435 421 420
f 435 436 421
f 436 422 421
f 436 437 422
f 437 423 422
f 437 438 423
f 438 424 423
f 438 439 424
f 439 425 424
f 439 440 425
f 440 426 425
f 440 441 426
f 441 427 426
f 441 442 427
f 442 428 427
f 442 443 428
f 443 429 428
f 443 444 429
f 444 430 429
f 444 116 430
f 116 115 430
f 125 445 124
f 445 431 124
f 445 446 431
f 446 432 431
f 446 447 432
f 447 433 432
f 447 448 433
f 448 434 433
f 448 449 434
f 449 435 434
f 449 450 435
f 450 436 435
f 450 451 436
f 451 437 436
f 451 452 437
f 452 438 437
f 452 453 438
f 453 439 438
f 453 454 439
f 454 440 439
f 454 455 440
f 455 441 440
f 455 456 441
f 456 442 441
f 456 457 442
f 457 443 442
f 457 458 443
f 458 444 443
f 458 117 444
f 117 116 444
f 126 459 125
f 459 445 125
f 459 460 445
f 460 446 445
f 460 461 446
f 461 447 446
f 461 462 447
f 462 448 447
f 462 463 448
f 463 449 448
f 463 464 449
f 464 450 449
f 464 465 450
f 465 451 450
f 465 466 451
f 466 452 451
f 466 467 452
f 467 453 452
f 467 468 453
f 468 454 453
f 468 469 454
f 469 455 454
f 469 470 455
f 470 456 455
f 470 471 456
f 471 457 456
f 471 472 457
f 472 458 457
f 472 118 458
f 118 117 458
f 473 472 471
f 473 119 472
f 119 118 472
f 219 474 229
f 474 252 229
f 474 475 252
f 475 251 252
f 475 476 251
f 476 250 251
f 476 477 250
f 477 249 250
f 477 478 249
f 478 248 249
f 478 479 248
f 479 247 248
f 479 480 247
f 480 246 247
f 480 481 246
f 481 245 246
f 481 482 245
f 482 244 245
f 482 483 244
f 483 243 244
f 483 484 243
f 484 242 243
f 484 485 242
f 485 241 242
f 485 486 241
f 486 240 241
f 486 487 240
f 487 239 240
f 487 10 239
f 10 1 239
f 209 488 219
f 488 474 219
f 488 489 474
f 489 475 474
f 489 490 475
f 490 476 475
f 490 491 476
f 491 477 476
f 491 492 477
f 492 478 477
f 492 493 478
f 493 479 478
f 493 494 479
f 494 480 479
f 494 495 480
f 495 481 480
f 495 496 481
f 496 482 481
f 496 497 482
f 497 483 482
f 497 498 483
f 498 484 483
f 498 499 484
f 499 485 484
f 499 500 485
f 500 486 485
f 500 501 486
f 501 487 486
f 501 19 487
f 19 10 487
f 199 502 209
f 502 488 209
f 502 503 488
f 503 489 488
f 503 504 489
f 504 490 489
f 504 505 490
f 505 491 490
f 505 506 491
f 506 492 491
f 506 507 492
f 507 493 492
f 507 508 493
f 508 494 493
f 508 509 494
f 509 495 494
f 509 510 495
f 510 496 495
f 510 511 496
f 511 497 496
f 511 512 497
f 512 498 497
f 512 513 498
f 513 499 498
f 513 514 499
f 514 500 499
f 514 515 500
f 515 501 500
f 515 28 501
f 28 19 501
f 189 516 199
f 516 502 199
f 516 517 502
f 517 503 502
f 517 518 503
f 518 504 503
f 518 519 504
f 519 505 504
f 519 520 505
f 520 506 505
f 520 521 506
f 521 507 506
f 521 522 507
f 522 508 507
f 522 523 508
f 523 509 508
f 523 524 509
f 524 510 509
f 524 525 510
f 525 511 510
f 525 526 511
f 526 512 511
f 526 527 512
f 527 513 512
f 527 528 513
f 528 514 513
f 528 529 514
f 529 515 514
f 529 38 515
f 38 28 515
f 179 530 189
f 530 516 189
f 530 531 516
f 531 517 516
f 531 532 517
f 532 518 517
f 532 533 518
f 533 519 518
f 533 534 519
f 534 520 519
f 534 535 520
f 535 521 520
f 535 536 521
f 536 522 521
f 536 537 522
f 537 523 522
f 537 538 523
f 538 524 523
f 538 539 524
f 539 525 524
f 539 540 525
f 540 526 525
f 540 541 526
f 541 527 526
f 541 542 527
f 542 528 527
f 542 543 528
f 543 529 528
f 543 48 529
f 48 38 529
f 170 544 179
f 544 530 179
f 544 545 530
f 545 531 530
f 545 546 531
f 546 532 531
f 546 547 532
f 547 533 532
f 547 548 533
f 548 534 533
f 548 549 534
f 549 535 534
f 549 550 535
f 550 536 535
f 550 551 536
f 551 537 536
f 551 552 537
f 552 538 537
f 552 553 538
f 553 539 538
f 553 554 539
f 554 540 539
f 554 555 540
f 555 541 540
f 555 556 541
f 556 542 541
f 556 557 542
f 557 543 542
f 557 58 543
f 58 48 543
f 161 558 170
f 558 544 170
f 558 559 544
f 559 545 544
f 559 560 545
f 560 546 545
f 560 561 546
f 561 547 546
f 561 562 547
f 562 548 547
f 562 563 548
f 563 549 548
f 563 564 549
f 564 550 549
f 564 565 550
f 565 551 550
f 565 566 551
f 566 552 551
f 566 567 552
f 567 553 552
f 567 568 553
f 568 554 553
f 568 569 554
f 569 555 554
f 569 570 555
f 570 556 555
f 570 571 556
f 571 557 556
f 571 68 557
f 68 58 557
f 152 572 161
f 572 558 161
f 572 573 558
f 573 559 558
f 573 574 559
f 574 560 559
f 574 575 560
f 575 561 560
f 575 576 561
f 576 562 561
f 576 577 562
f 577 563 562
f 577 578 563
f 578 564 563
f 578 579 564
f 579 565 564
f 579 580 565
f 580 566 565
f 580 581 566
f 581 567 566
f 581 582 567
f 582 568 567
f 582 583 568
f 583 569 568
f 583 584 569
f 584 570 569
f 584 585 570
f 585 571 570
f 585 78 571
f 78 68 571
f 144 586 152
f 586 572 152
f 586 587 572
f 587 573 572
f 587 588 573
f 588 574 573
f 588 589 574
f 589 575 574
f 589 590 575
f 590 576 575
f 590 591 576
f 591 577 576
f 591 592 577
f 592 578 577
f 592 593 578
f 593 579 578
f 593 594 579
f 594 580 579
f 594 595 580
f 595 581 580
f 595 596 581
f 596 582 581
f 596 597 582
f 597 583 582
f 597 598 583
f 598 584 583
f 598 599 584
f 599 585 584
f 599 87 585
f 87 78 585
f 136 600 144
f 600 586 144
f 600 601 586
f 601 587 586
f 601 602 587
f 602 588 587
f 602 603 588
f 603 589 588
f 603 604 589
f 604 590 589
f 604 605 590
f 605 591 590
f 605 606 591
f 606 592 591
f 606 607 592
f 607 593 592
f 607 608 593
f 608 594 593
f 608 609 594
f 609 595 594
f 609 610 595
f 610 596 595
f 610 611 596
f 611 597 596
f 611 612 597
f 612 598 597
f 612 613 598
f 613 599 598
f 613 96 599
f 96 87 599
f 128 614 136
f 614 600 136
f 614 615 600
f 615 601 600
f 615 616 601
f 616 602 601
f 616 617 602
f 617 603 602
f 617 618 603
f 618 604 603
f 618 619 604
f 619 605 604
f 619 620 605
f 620 606 605
f 620 621 606
f 621 607 606
f 621 622 607
f 622 608 607
f 622 623 608
f 623 609 608
f 623 624 609
f 624 610 609
f 624 625 610
f 625 611 610
f 625 626 611
f 626 612 611
f 626 627 612
f 627 613 612
f 627 104 613
f 104 96 613
f 120 375 128
f 375 614 128
f 375 376 614
f 376 615 614
f 376 377 615
f 377 616 615
f 377 378 616
f 378 617 616
f 378 379 617
f 379 618 617
f 379 380 618
f 380 619 618
f 380 381 619
f 381 620 619
f 381 382 620
f 382 621 620
f 382 383 621
f 383 622 621
f 383 384 622
f 384 623 622
f 384 385 623
f 385 624 623
f 385 386 624
f 386 625 624
f 386 387 625
f 387 626 625
f 387 388 626
f 388 627 626
f 388 112 627
f 112 104 627
f 1103 1102 967
f 1102 1101 966
f 1102 966 967
f 936 1120 1119
f 936 1119 935
f 761 1134 1133
f 1056 761 1133
f 1134 761 1131
f 1131 761 1060
f 1132 1056 1133
f 1060 1130 1129
f 1131 1060 1129
f 936 1121 1120
f 1124 963 1125
f 1122 1121 936
f 1122 936 1123
f 1123 963 1124
f 936 963 1123
f 963 1127 1126
f 963 1126 1125
f 1128 1127 964
f 1127 963 964
f 965 1096 1095
f 1093 965 1094
f 1094 965 1095
f 1099 1098 966
f 1097 1096 965
f 1097 966 1098
f 1097 965 966
f 1099 966 1100
f 1101 1100 966
f 1103 967 1104
f 1090 970 1091
f 1091 970 1092
f 1093 1092 965
f 1092 970 965
f 941 1108 1107
f 1105 1104 967
f 1105 967 1106
f 967 1107 1106
f 941 1107 967
f 1112 1111 934
f 1116 1115 935
f 1115 1114 935
f 934 1113 1112
f 934 935 1113
f 1114 1113 935
f 1117 1116 935
f 1117 935 1118
f 1119 1118 935
f 1110 934 1111
f 1109 934 1110
f 941 934 1109
f 1108 941 1109
f 1077 1076 972
f 1082 1081 973
f 1077 972 1078
f 1080 973 1081
f 1080 1079 973
f 972 1079 1078
f 1079 972 973
f 1085 1084 974
f 1083 1082 973
f 1083 974 1084
f 1083 973 974
f 1090 1089 970
f 974 1087 1086
f 974 1088 1087
f 974 970 1088
f 1088 970 1089
f 1085 974 1086
f 1061 978 1062
f 1061 1066 978
f 1066 1065 978
f 1068 979 1069
f 1067 979 1068
f 979 1064 1063
f 1067 1064 979
f 1062 978 1063
f 979 1063 978
f 981 1072 1071
f 1073 1072 981
f 1074 1073 981
f 1075 972 1076
f 1074 981 1075
f 1075 981 972
f 1069 979 1070
f 1070 981 1071
f 981 1070 979
f 628 629 630
f 628 631 632
f 628 630 631
f 628 632 633
f 636 637 638
f 637 639 638
f 635 637 636
f 640 637 635
f 641 642 643
f 648 649 650
f 649 648 651
f 648 652 651
f 648 653 652
f 648 654 653
f 648 650 654
f 655 656 657
f 658 655 657
f 659 661 660
f 662 663 664
f 662 665 663
f 662 666 665
f 662 664 667
f 662 668 666
f 662 667 668
f 669 670 671
f 669 672 670
f 669 673 672
f 673 669 674
f 669 675 674
f 669 676 675
f 669 671 676
f 677 678 679
f 677 680 678
f 680 681 678
f 680 682 681
f 682 677 683
f 682 680 677
f 684 685 686
f 684 687 685
f 687 684 688
f 684 689 688
f 684 690 689
f 686 690 684
f 691 692 693
f 691 694 692
f 691 695 694
f 695 691 696
f 691 697 696
f 691 693 697
f 699 700 701
f 699 702 700
f 699 703 704
f 699 705 703
f 699 701 705
f 699 706 702
f 699 704 706
f 707 710 709
f 707 711 710
f 707 708 711
f 712 713 714
f 714 715 712
f 716 717 718
f 719 720 721
f 719 722 720
f 719 723 724
f 719 721 723
f 719 725 722
f 719 724 725
f 726 727 728
f 726 729 727
f 726 730 729
f 726 731 730
f 726 732 731
f 726 728 732
f 733 734 735
f 734 736 735
f 737 738 739
f 737 740 738
f 737 741 740
f 741 737 742
f 737 743 742
f 737 739 743
f 744 745 746
f 747 748 746
f 748 744 746
f 749 750 751
f 749 752 750
f 749 753 752
f 749 754 753
f 749 755 754
f 749 751 755
f 756 757 758
f 757 759 758
f 760 761 762
f 760 763 761
f 760 764 763
f 760 765 764
f 760 766 765
f 760 762 766
f 767 768 769
f 771 773 772
f 774 775 629
f 777 778 632
f 777 632 631
f 633 632 779
f 779 632 778
f 777 631 780
f 631 781 780
f 781 631 630
f 630 629 782
f 782 629 775
f 778 783 779
f 778 784 785
f 778 777 784
f 778 785 783
f 777 786 784
f 777 787 786
f 777 780 787
f 675 780 788
f 780 789 788
f 789 780 781
f 787 780 675
f 630 782 790
f 630 789 781
f 630 790 789
f 790 782 704
f 704 782 706
f 706 782 775
f 775 776 706
f 789 791 788
f 789 790 791
f 790 704 792
f 790 792 791
f 793 796 795
f 793 794 796
f 794 638 797
f 794 797 796
f 640 635 634
f 640 634 785
f 785 634 783
f 640 785 798
f 640 799 637
f 640 798 799
f 785 784 798
f 637 799 639
f 797 638 639
f 797 639 666
f 639 800 666
f 800 639 799
f 797 668 796
f 797 666 668
f 666 800 665
f 799 801 800
f 799 798 801
f 800 802 665
f 802 800 801
f 801 798 803
f 798 784 803
f 804 642 805
f 642 806 805
f 806 642 807
f 642 641 807
f 643 642 808
f 808 642 804
f 807 641 809
f 809 641 810
f 641 811 810
f 641 643 811
f 643 672 811
f 643 812 672
f 643 813 812
f 643 808 813
f 804 814 815
f 804 805 814
f 804 816 808
f 804 815 816
f 814 805 817
f 818 805 806
f 818 817 805
f 808 816 819
f 808 819 813
f 807 818 806
f 807 820 818
f 807 809 820
f 713 820 809
f 821 810 822
f 810 823 822
f 810 811 823
f 821 809 810
f 811 673 823
f 811 672 673
f 809 821 713
f 813 824 812
f 813 825 824
f 813 819 825
f 672 812 824
f 672 824 670
f 822 826 821
f 822 823 826
f 814 817 827
f 817 653 827
f 817 828 653
f 817 818 828
f 818 829 828
f 818 820 829
f 820 830 829
f 820 713 830
f 816 831 832
f 816 815 831
f 832 819 816
f 819 833 825
f 833 819 832
f 644 645 835
f 645 836 835
f 644 837 773
f 644 835 837
f 772 773 838
f 838 773 837
f 837 835 840
f 835 841 840
f 835 836 841
f 836 842 841
f 842 836 839
f 837 843 838
f 837 687 843
f 837 685 687
f 837 840 685
f 840 841 685
f 838 843 772
f 646 647 845
f 647 846 845
f 846 647 844
f 646 848 847
f 646 845 848
f 845 846 848
f 844 849 846
f 844 850 849
f 844 851 850
f 844 834 851
f 848 846 853
f 846 854 853
f 854 846 849
f 847 855 852
f 847 856 855
f 847 848 856
f 848 853 856
f 649 856 853
f 856 649 857
f 649 651 857
f 649 853 650
f 651 858 857
f 858 651 859
f 859 651 652
f 860 654 650
f 653 654 827
f 861 827 654
f 861 654 860
f 652 653 828
f 652 862 859
f 652 828 862
f 650 853 854
f 650 854 860
f 857 855 856
f 857 863 855
f 857 858 863
f 863 858 864
f 858 865 864
f 865 858 859
f 859 866 865
f 859 862 866
f 860 854 867
f 868 861 860
f 868 860 867
f 827 869 814
f 827 861 869
f 861 868 870
f 861 870 869
f 862 828 829
f 862 871 866
f 862 829 871
f 854 849 867
f 839 655 842
f 655 658 842
f 842 658 873
f 658 874 873
f 874 658 875
f 657 875 658
f 657 876 875
f 657 872 876
f 657 656 872
f 842 873 841
f 873 686 841
f 873 874 877
f 874 878 877
f 878 874 879
f 875 879 874
f 875 880 879
f 875 876 880
f 873 877 686
f 876 881 882
f 881 876 872
f 876 882 880
f 841 686 685
f 660 882 883
f 660 884 882
f 660 661 884
f 661 885 884
f 661 886 885
f 661 887 886
f 661 659 887
f 883 882 881
f 885 888 884
f 884 880 882
f 880 884 888
f 889 885 890
f 885 886 890
f 889 888 885
f 890 886 667
f 667 886 891
f 886 892 891
f 886 887 892
f 887 795 892
f 890 667 889
f 891 668 667
f 891 892 668
f 892 796 668
f 892 795 796
f 880 888 879
f 888 683 879
f 888 889 683
f 664 663 893
f 663 894 893
f 894 663 895
f 895 663 896
f 663 665 896
f 896 665 897
f 897 665 802
f 896 897 895
f 664 893 682
f 664 682 889
f 664 889 667
f 893 681 682
f 681 893 833
f 833 893 894
f 898 895 897
f 895 833 894
f 895 825 833
f 825 895 898
f 897 899 898
f 897 801 899
f 897 802 801
f 889 682 683
f 673 900 823
f 673 674 900
f 898 671 824
f 671 670 824
f 671 901 676
f 671 899 901
f 899 671 898
f 675 676 901
f 674 902 900
f 674 788 902
f 788 674 675
f 675 901 787
f 898 824 825
f 826 823 903
f 823 900 903
f 903 900 904
f 904 900 905
f 900 902 905
f 903 904 826
f 787 901 803
f 901 899 803
f 803 899 801
f 902 788 791
f 905 906 904
f 905 902 906
f 902 791 906
f 787 803 786
f 683 878 879
f 683 677 878
f 677 679 878
f 678 681 832
f 681 833 832
f 877 878 679
f 678 907 908
f 678 832 907
f 678 908 679
f 679 690 877
f 690 679 908
f 832 831 907
f 686 877 690
f 690 908 689
f 689 908 909
f 909 908 907
f 815 907 831
f 815 909 907
f 843 687 910
f 687 688 910
f 910 688 868
f 688 870 868
f 688 689 870
f 870 689 909
f 772 843 911
f 910 911 843
f 911 910 867
f 910 868 867
f 869 870 909
f 909 815 869
f 770 919 917
f 770 767 919
f 693 920 921
f 693 692 920
f 697 693 922
f 693 921 922
f 692 742 920
f 692 923 742
f 923 692 694
f 924 694 695
f 924 695 925
f 695 926 925
f 695 696 926
f 696 919 926
f 696 927 919
f 696 697 927
f 697 928 927
f 697 922 928
f 922 921 929
f 928 922 930
f 922 929 930
f 931 920 743
f 920 742 743
f 920 931 921
f 694 932 923
f 694 924 932
f 923 741 742
f 923 933 741
f 933 923 932
f 934 932 924
f 924 935 934
f 924 925 935
f 925 936 935
f 925 937 936
f 925 926 937
f 926 767 937
f 926 919 767
f 927 917 919
f 927 938 917
f 927 928 938
f 928 939 938
f 928 930 939
f 940 921 931
f 921 940 929
f 932 941 933
f 932 934 941
f 915 698 943
f 698 942 943
f 915 944 913
f 915 943 944
f 943 945 944
f 943 939 945
f 943 942 939
f 942 918 938
f 942 938 939
f 918 917 938
f 704 703 792
f 703 705 792
f 705 946 792
f 701 700 947
f 700 948 947
f 948 700 949
f 700 702 949
f 949 702 914
f 702 776 914
f 702 706 776
f 906 792 946
f 791 792 906
f 701 947 950
f 701 951 705
f 701 950 951
f 705 951 946
f 951 952 946
f 950 947 953
f 953 947 954
f 954 947 948
f 948 955 954
f 955 948 956
f 948 949 956
f 956 949 912
f 949 914 912
f 952 951 957
f 951 950 957
f 906 946 718
f 946 952 718
f 950 953 958
f 950 958 957
f 929 959 930
f 960 929 940
f 929 960 959
f 959 945 930
f 959 955 945
f 954 959 960
f 959 954 955
f 930 945 939
f 960 961 953
f 960 940 961
f 960 953 954
f 940 962 961
f 940 931 962
f 945 955 944
f 955 956 944
f 953 961 958
f 961 722 958
f 961 962 722
f 964 963 769
f 963 936 937
f 963 937 769
f 968 966 965
f 966 969 967
f 969 966 968
f 971 965 970
f 968 965 971
f 974 973 975
f 974 976 970
f 974 975 976
f 973 972 977
f 973 977 975
f 978 980 979
f 978 709 980
f 972 981 982
f 972 982 977
f 981 979 983
f 981 983 982
f 711 708 984
f 709 710 980
f 710 985 980
f 710 986 985
f 710 711 986
f 711 987 986
f 711 984 987
f 987 984 988
f 984 989 990
f 984 708 989
f 984 990 988
f 980 983 979
f 980 985 983
f 985 745 983
f 985 991 745
f 985 986 991
f 986 992 991
f 986 987 992
f 987 993 992
f 987 988 993
f 712 994 830
f 712 995 994
f 712 715 995
f 713 712 830
f 715 996 995
f 996 715 997
f 715 998 997
f 715 999 998
f 715 714 999
f 999 714 1000
f 1000 714 821
f 821 714 713
f 995 1001 1002
f 995 996 1001
f 996 997 1001
f 994 1002 1003
f 994 995 1002
f 728 1001 997
f 997 998 732
f 732 998 1004
f 998 1005 1004
f 998 999 1005
f 999 1006 1005
f 1006 999 1000
f 997 732 728
f 1000 717 1006
f 1000 826 717
f 1000 821 826
f 1004 1007 732
f 1004 1005 1007
f 830 871 829
f 830 994 871
f 871 1003 866
f 871 994 1003
f 1002 1008 1003
f 1002 1009 1008
f 1002 1001 1009
f 1001 1010 1009
f 1001 728 1010
f 1003 1011 866
f 1011 1003 1008
f 717 716 1006
f 716 1012 1006
f 716 1013 1012
f 1013 716 1014
f 716 952 1014
f 716 718 952
f 904 718 717
f 906 718 904
f 1014 957 1013
f 1014 952 957
f 717 826 904
f 1006 1012 1005
f 725 1013 957
f 1012 1013 724
f 1013 725 724
f 957 958 725
f 1015 1007 1005
f 1015 724 1007
f 1015 1012 724
f 1012 1015 1005
f 721 1016 1017
f 721 720 1016
f 723 721 1018
f 721 1017 1018
f 720 1019 1016
f 720 962 1019
f 720 722 962
f 722 725 958
f 723 731 1007
f 723 1018 731
f 723 1007 724
f 1018 730 731
f 1018 1020 730
f 1020 1018 1017
f 1017 1021 1020
f 1017 1022 1021
f 1017 1016 1022
f 1016 739 1022
f 739 1016 1023
f 1016 1019 1023
f 1023 743 739
f 1023 1019 743
f 1019 931 743
f 1019 962 931
f 1007 731 732
f 1024 729 730
f 730 1020 1024
f 728 727 1010
f 729 1025 727
f 1025 729 1026
f 1026 729 1024
f 727 757 1010
f 757 727 1025
f 1024 1027 1026
f 1024 733 1027
f 1024 1020 733
f 1020 1021 733
f 1010 756 1009
f 756 1010 757
f 757 1025 759
f 1025 1028 759
f 1025 1026 1028
f 1026 1029 1028
f 1026 1027 1029
f 733 735 1027
f 733 1021 734
f 735 1030 1027
f 735 1031 1030
f 735 736 1031
f 736 1032 1031
f 1032 736 976
f 976 736 1033
f 736 734 1033
f 1033 734 1034
f 734 1035 1034
f 734 1021 1035
f 1033 971 976
f 1033 1036 971
f 1033 1034 1036
f 1034 1035 1036
f 1027 1030 1029
f 1021 1022 1035
f 1032 975 1031
f 1032 976 975
f 1031 1037 1030
f 1031 1038 1037
f 1038 1031 975
f 970 976 971
f 1036 1035 738
f 1035 1022 738
f 971 1036 968
f 1036 740 968
f 1036 738 740
f 738 1022 739
f 1038 977 1037
f 1038 975 977
f 1030 748 1029
f 1030 1037 748
f 740 741 969
f 741 933 969
f 740 969 968
f 969 933 967
f 967 933 941
f 747 1039 1040
f 747 746 1039
f 747 1029 748
f 747 1028 1029
f 747 1040 1028
f 746 991 1039
f 991 746 745
f 982 744 1041
f 744 1037 1041
f 744 748 1037
f 982 745 744
f 1041 977 982
f 1041 1037 977
f 1028 1040 759
f 1039 992 1042
f 992 1039 991
f 1039 1042 1040
f 745 982 983
f 1043 1040 1042
f 1042 992 993
f 1040 1043 759
f 1011 1045 865
f 1011 1046 1045
f 1046 1011 1008
f 866 1011 865
f 1008 1047 1046
f 1008 1009 1047
f 1046 1048 1045
f 1046 1049 1048
f 1046 1047 1049
f 1047 1050 1049
f 1047 756 1050
f 1047 1009 756
f 865 1045 864
f 864 755 863
f 864 754 755
f 864 1045 754
f 1045 1048 754
f 1048 753 754
f 1048 1051 753
f 1048 1049 1051
f 1053 751 1052
f 755 751 1053
f 1044 750 752
f 752 1054 1044
f 752 1055 1054
f 752 753 1055
f 753 1051 1055
f 755 1053 863
f 1053 1052 852
f 1053 855 863
f 1053 852 855
f 1054 762 1056
f 762 1054 1055
f 1055 766 762
f 1055 1051 766
f 1051 1057 766
f 1051 1049 1057
f 756 758 1050
f 758 1058 1050
f 758 1043 1058
f 758 759 1043
f 1050 1057 1049
f 1050 1058 1057
f 1043 1059 1058
f 1043 1042 1059
f 1057 765 766
f 1057 1058 765
f 1059 765 1058
f 1059 764 765
f 1059 993 764
f 1059 1042 993
f 988 763 764
f 764 993 988
f 762 761 1056
f 763 1060 761
f 763 990 1060
f 763 988 990
f 937 767 769
f 772 911 851
f 851 911 850
f 850 911 849
f 911 867 849
f 784 786 803
f 815 814 869
f 912 913 956
f 913 944 956
f 1831 1833 881
f 1966 1962 918
f 750 1604 1607
f 1574 1572 1054
f 1918 964 1924
f 371 1933 1940
f 1490 1489 1491
f 1492 1491 2197
f 1493 1492 1494
f 1489 1477 2197
f 1994 1993 2275
f 1994 2275 1995
f 1996 1995 2275
f 2276 2001 2000
f 2002 2001 2276
f 1999 2275 2000
f 1996 2275 1997
f 1997 2275 1998
f 1998 2275 1999
f 2004 2003 2276
f 2003 2002 2276
f 2276 2005 2004
f 2006 2276 2007
f 2277 2009 2008
f 2007 2277 2008
f 2010 2009 2277
f 2005 2276 2006
f 2011 2010 2277
f 2012 2011 2277
f 2013 2012 2277
f 2013 2277 2014
f 2270 2015 2014
f 2015 2270 2016
f 2018 2017 2270
f 2270 2017 2016
f 2095 2094 2480
f 2094 2090 2480
f 2483 2097 2095
f 2097 2483 2096
f 2483 2065 2096
f 2065 2483 2062
f 2917 2093 2086
f 2092 2093 2919
f 2079 2091 2919
f 2091 2092 2919
f 2060 2061 2920
f 2061 2062 2920
f 2486 2087 2088
f 2486 2088 2080
f 2486 2089 2087
f 2090 2089 2486
f 2921 1975 2064
f 2063 2921 2064
f 2063 2059 2920
f 2059 2060 2920
f 2084 2083 2917
f 2083 2081 2917
f 2081 2082 2917
f 2084 2917 2086
f 2085 2917 2082
f 2185 2284 2184
f 2185 2178 2284
f 2284 2181 2183
f 2284 2183 2184
f 2284 2177 2181
f 2285 2173 2174
f 2285 2174 2175
f 2177 2284 2176
f 2284 2175 2176
f 2172 2173 2285
f 2075 2917 2085
f 2916 2076 2112
f 2916 2075 2076
f 2162 2166 2286
f 2167 2286 2166
f 2161 2162 2287
f 2287 2158 2159
f 2161 2287 2160
f 2287 2159 2160
f 2155 2156 2288
f 2156 2157 2287
f 2157 2158 2287
f 2153 2154 2288
f 2154 2155 2288
f 2289 2149 2150
f 2150 2151 2288
f 2288 2151 2152
f 2153 2288 2152
f 2289 2148 2149
f 2289 2146 2147
f 2289 2147 2148
f 1721 1722 2290
f 1721 2290 1720
f 2290 1719 1720
f 2290 1718 1719
f 2201 2180 2182
f 2291 2178 2179
f 2180 2291 2179
f 1818 3118 1816
f 1818 1819 3119
f 2929 1897 1896
f 2929 2099 2101
f 1897 2929 2101
f 1884 2505 1885
f 1882 2505 1884
f 2505 1889 1885
f 1889 2505 1890
f 2930 1900 1901
f 1898 2500 1901
f 1892 1890 2500
f 1891 1892 2500
f 1898 1891 2500
f 2933 1876 1872
f 1881 1876 2933
f 1882 1881 2933
f 1899 2930 1895
f 2930 1899 1900
f 1894 2930 1896
f 2930 1894 1895
f 2107 2108 2507
f 2106 2107 2507
f 2106 2507 2109
f 2110 2507 2111
f 2109 2507 2110
f 2111 2916 2112
f 2100 2098 2509
f 2098 2099 2509
f 2171 2172 2285
f 2169 2170 2286
f 2170 2171 2285
f 2169 2286 2168
f 2286 2167 2168
f 2937 1683 1684
f 2937 1658 1683
f 1659 1657 2940
f 1657 1658 2940
f 1659 2940 1704
f 2940 1705 1704
f 1788 2513 1791
f 2513 1790 1792
f 1791 2513 1792
f 1795 2514 1798
f 1799 1798 2944
f 1800 1799 2944
f 1801 1800 2944
f 1802 1801 2944
f 1803 2949 1727
f 1803 1804 2949
f 1804 1802 2944
f 2518 1692 1694
f 2518 1694 1688
f 1684 1691 2518
f 1691 1692 2518
f 1681 1682 2953
f 1681 2516 1680
f 2953 1682 1693
f 1709 1705 2551
f 1710 1709 2551
f 2953 1693 1639
f 1638 2953 1639
f 1635 2954 1637
f 1637 2953 1638
f 1806 2956 1808
f 1811 1810 1808
f 2957 1817 1815
f 1811 2957 1815
f 1821 1817 1822
f 1823 1822 2960
f 2959 1732 1728
f 1733 1732 2959
f 1733 2959 1807
f 2959 1806 1807
f 2949 1726 1727
f 1726 2959 1728
f 1828 1823 2960
f 1849 1850 1843
f 1849 2520 1848
f 1847 1848 2520
f 2964 1860 1856
f 1867 1866 2936
f 1866 1865 2936
f 1860 2964 1864
f 2964 1865 1864
f 2963 1843 1839
f 1834 2965 1838
f 1838 2965 1839
f 1870 1867 2936
f 1871 2936 1872
f 1871 1870 2936
f 1828 1834 1831
f 1834 1835 1831
f 1831 1835 1832
f 1835 1833 1832
f 1977 2972 1983
f 2973 1981 1983
f 2973 1980 1981
f 1980 2973 1982
f 1988 1987 2973
f 2973 1987 1982
f 1986 1988 2976
f 2972 1979 1976
f 1977 1978 2972
f 1978 1979 2972
f 1985 2976 1984
f 1985 1986 2976
f 1949 1950 2542
f 1950 1984 2976
f 1970 2979 1973
f 2978 1969 1973
f 2978 1963 1959
f 2539 1972 1963
f 1946 1972 2548
f 1945 1946 2548
f 1934 1935 1936
f 2540 1947 1936
f 1948 1947 2541
f 1948 2541 1943
f 1961 1962 2978
f 1961 2978 1960
f 2978 1959 1960
f 2979 1970 1966
f 1962 1969 2978
f 2979 1966 1967
f 2979 1967 1968
f 1937 1938 1935
f 1938 1942 1943
f 1958 2979 1968
f 1750 1737 3095
f 1746 1750 3095
f 1747 3097 1749
f 2542 1953 1952
f 1951 2542 1952
f 1949 2542 1951
f 1954 1955 2544
f 1956 1957 2544
f 1958 1956 2544
f 1957 1954 2544
f 1506 1505 3016
f 3014 1500 1508
f 1508 1506 3014
f 1505 1503 1504
f 1507 3013 1504
f 1569 3028 1568
f 1569 1561 3028
f 1604 1605 3040
f 1612 3043 1605
f 1601 3043 1612
f 1604 3039 1608
f 3039 1607 1608
f 3039 1606 1607
f 1611 1606 3038
f 1629 3033 1630
f 1609 3033 1629
f 1609 1610 3032
f 1572 3045 1575
f 3044 1578 1575
f 1603 1578 3044
f 1573 1574 3047
f 3045 1572 1573
f 3047 1574 1576
f 1567 3046 1576
f 1631 3034 1632
f 1630 3033 1631
f 3049 1633 1632
f 1570 1571 3029
f 3029 1571 1568
f 2921 1974 1975
f 1974 2921 1976
f 1916 2986 1926
f 1926 2986 1927
f 2547 1914 1915
f 1914 2547 1916
f 1528 2990 1520
f 1525 2990 1528
f 1517 2546 1519
f 1517 1518 2990
f 2990 1518 1520
f 1501 1529 1502
f 1557 3010 1558
f 1529 3010 1557
f 1558 3015 1560
f 1559 1560 3024
f 1561 1559 3024
f 3011 1501 1499
f 1499 1500 3012
f 1602 3041 1600
f 1602 1603 3042
f 3041 1598 1599
f 3041 1599 1600
f 3041 1601 1598
f 1562 1563 3036
f 1562 3035 1564
f 1566 3037 1567
f 1564 3035 1565
f 1565 3037 1566
f 3036 1563 1551
f 1553 3025 1552
f 3025 1532 1552
f 3025 1553 1556
f 1556 1554 3026
f 1554 1555 3026
f 1643 3066 1642
f 3058 1645 1642
f 3058 1644 1645
f 3054 1674 1679
f 1665 1674 3055
f 1677 1678 3056
f 1678 1671 3056
f 1677 3054 1679
f 3056 1671 1672
f 1668 3057 1672
f 3059 1666 1667
f 1666 3057 1668
f 1675 1676 3059
f 3059 1667 1675
f 1676 1644 3058
f 1673 1660 3053
f 3083 1695 1696
f 3076 1641 1646
f 3084 1652 1655
f 1703 3085 1655
f 3085 1703 1695
f 3084 1651 1652
f 1650 1651 3084
f 1650 3084 1646
f 1654 1653 3064
f 3063 1653 1640
f 1654 3064 1656
f 3067 1649 1656
f 1649 3067 1648
f 3065 1647 1648
f 3065 1643 1647
f 1641 3063 1640
f 3073 1701 1702
f 3074 1700 1701
f 3075 1764 1742
f 1764 3075 1702
f 1739 1740 2200
f 1741 1739 3072
f 1742 1743 3072
f 1743 1741 3072
f 3082 1697 1698
f 1697 3082 1699
f 1700 3074 1698
f 1699 3082 1696
f 3091 1735 1736
f 3086 1754 1735
f 1755 1754 3086
f 1756 1755 3086
f 1757 1758 3087
f 1758 1756 3087
f 1769 1770 2200
f 3087 1767 1768
f 1757 3087 1768
f 1763 1769 2200
f 3087 1770 1767
f 1820 1824 3120
f 1825 3121 1824
f 1825 1826 3121
f 1826 1827 3122
f 3122 1827 1829
f 3122 1829 1830
f 1809 1812 3117
f 1812 1813 3117
f 1816 3118 1814
f 1813 1814 3118
f 1918 3004 1911
f 1819 1820 3120
f 1805 3116 1734
f 1809 3116 1805
f 1753 3089 1752
f 1761 3090 1751
f 3090 1759 1760
f 3090 1760 1752
f 3090 1761 1759
f 1923 3004 1918
f 1923 1924 3004
f 3097 1745 1746
f 1745 3097 1744
f 3097 1747 1744
f 1749 3096 1736
f 1927 1924 1928
f 3094 1748 1751
f 3092 1738 1748
f 1737 1738 3093
f 1665 3068 1661
f 3052 1660 1661
f 1523 3002 1524
f 1523 1522 3002
f 1524 3003 1527
f 1514 1494 2999
f 1515 1514 2999
f 1516 1515 3000
f 3001 1521 1516
f 1521 3002 1522
f 1908 1909 3150
f 1909 2144 3144
f 2145 2289 2144
f 2145 2146 2289
f 1905 3146 1904
f 3142 1903 1904
f 3147 1906 1907
f 1905 1906 3147
f 1908 3147 1907
f 3140 1887 1888
f 3003 1525 1526
f 3141 1902 1903
f 3003 1526 1527
f 3137 1879 1880
f 3137 1878 1879
f 3139 1886 1887
f 3139 1883 1886
f 1874 1875 3135
f 1873 1874 3135
f 1877 1878 3136
f 1875 1877 3136
f 1861 3131 1859
f 1869 1873 3134
f 3132 1862 1863
f 3132 1861 1862
f 1868 3133 1863
f 3133 1868 1869
f 3129 1853 1854
f 1857 1858 3130
f 1857 3130 1854
f 3131 1858 1859
f 1845 1846 3127
f 1844 1845 3127
f 1842 1844 3126
f 1851 1853 3128
f 1846 1851 3128
f 1841 3125 1840
f 3125 1837 1840
f 3124 1836 1837
f 1836 3123 1830
f 1841 1842 3126
f 1777 1778 3101
f 1777 3100 1776
f 1781 1782 3103
f 1610 1613 2991
f 1613 1614 2991
f 2991 1614 1616
f 1615 1611 2991
f 1615 2991 1616
f 3025 1531 1532
f 3025 1530 1531
f 1530 3025 1536
f 3026 1537 1536
f 1537 3026 1544
f 3029 1549 1550
f 3027 1550 1544
f 1498 1547 2199
f 1547 1548 3029
f 3029 1548 1549
f 1729 3113 1725
f 3114 1729 1730
f 1730 1731 3114
f 3115 1731 1734
f 1723 1724 3112
f 1724 1725 3112
f 1722 1723 2290
f 1633 2954 1634
f 1636 1634 2954
f 2954 1635 1636
f 1713 1714 2551
f 1714 1710 2551
f 3141 1893 1902
f 1893 3141 1888
f 1883 3138 1880
f 3105 1786 1715
f 3104 1782 1784
f 1785 1786 3104
f 1785 3104 1784
f 3106 1717 1718
f 3106 1716 1717
f 3106 1715 1716
f 1538 3036 1551
f 1538 1539 3036
f 1540 3035 1539
f 3037 1546 1535
f 1540 1546 3037
f 3098 1753 1771
f 3098 1771 1772
f 3098 1772 1773
f 3098 1773 1774
f 3098 1774 1775
f 3004 1910 1911
f 3004 1913 1912
f 1910 3004 1912
f 1929 1922 3006
f 1922 1913 3005
f 1931 3170 1932
f 1932 3170 1933
f 1930 3169 1931
f 1930 1929 3169
f 1941 3171 1944
f 3172 1989 1944
f 1989 3172 1990
f 1939 3170 1940
f 1940 3171 1941
f 3170 1939 1933
f 1990 3173 1991
f 1991 3173 1992
f 3174 1993 1992
f 3045 1542 1543
f 1587 1588 3040
f 1589 3041 1590
f 3041 1589 1584
f 1585 1586 3043
f 1585 3041 1584
f 3043 1586 1587
f 3044 1545 1591
f 1545 3044 1543
f 1590 3042 1591
f 1533 1534 3046
f 1534 1541 3047
f 1541 1542 3047
f 1533 3037 1535
f 1593 3032 1592
f 1593 1594 3032
f 3033 1594 1617
f 3033 1617 1618
f 1618 1619 3034
f 1579 1580 3031
f 1596 1597 3030
f 3030 1597 1592
f 1580 1596 3030
f 1595 3038 1583
f 1595 1579 3038
f 1581 1582 3039
f 1582 1583 3039
f 1588 1581 3040
f 1778 1781 3102
f 3099 1775 1776
f 3034 1619 1620
f 1626 3049 1620
f 3049 1626 1621
f 1669 3062 1663
f 3061 1669 1670
f 3050 1625 1627
f 3050 1628 1623
f 3050 1627 1628
f 1673 3053 1670
f 1621 1622 3048
f 1625 3051 1622
f 1664 3060 1624
f 3060 1623 1624
f 3060 1662 1663
f 1662 3060 1664
f 2198 1476 1488
f 1482 2198 1488
f 1475 1476 2198
f 2197 1477 1478
f 2198 1478 1480
f 1475 2198 1479
f 1481 2198 1480
f 2198 1481 1479
f 2199 1495 1496
f 1485 1486 2198
f 1497 1495 2199
f 1482 1483 2198
f 1483 1484 2198
f 2198 1484 1487
f 1486 1497 2199
f 1485 2198 1487
f 1498 2199 1496
f 2077 2486 2080
f 2078 2079 2486
f 2077 2078 2486
f 2506 2108 2102
f 2506 2105 2100
f 2105 2506 2104
f 2506 2103 2104
f 2506 2102 2103
f 1789 1790 2510
f 1796 1789 2510
f 1794 1797 2510
f 1797 1796 2510
f 2514 1793 1794
f 1793 2514 1795
f 2516 1685 1680
f 1686 2517 1687
f 1685 2516 1686
f 2517 1690 1687
f 1689 1690 2517
f 1689 2517 1688
f 1852 1847 2520
f 1855 1852 2520
f 1856 1855 2520
f 1964 1965 2543
f 1965 1953 2542
f 1955 1971 2543
f 1971 1964 2543
f 1513 2545 1507
f 2545 1513 1511
f 1762 1763 2200
f 1766 1762 2200
f 1740 1765 2200
f 1765 1766 2200
f 2193 2207 2192
f 2193 2194 2207
f 2195 2196 2207
f 2207 2191 2192
f 2194 2195 2207
f 2196 2190 2207
f 2201 2182 2191
f 1915 1917 2547
f 1921 2547 1925
f 1925 2547 1917
f 1945 2548 1920
f 1921 1919 1920
f 1780 2549 1783
f 2513 1787 1783
f 1780 1779 2549
f 1779 1706 2549
f 1706 1707 2550
f 1707 1708 2550
f 1713 2551 1712
f 2551 1708 1711
f 2551 1711 1712
f 1787 2513 1788
f 2163 2164 2213
f 2163 2213 2165
f 2164 2139 2213
f 2165 2213 2189
f 2186 2187 2207
f 2188 2186 2207
f 2190 2188 2207
f 2187 2189 2207
f 1511 1509 1512
f 1509 1510 1512
f 1519 2546 1512
f 2220 2142 2135
f 2142 2220 2143
f 2220 2141 2143
f 2137 2213 2136
f 2137 2138 2213
f 2220 2138 2141
f 2213 2140 2136
f 2139 2140 2213
f 2133 2220 2135
f 2220 2133 2134
f 2130 2220 2134
f 2227 2132 2127
f 2129 2227 2128
f 2132 2227 2131
f 2227 2127 2128
f 2130 2131 2220
f 2227 2129 2119
f 2126 2233 2120
f 2122 2233 2121
f 2233 2123 2116
f 2123 2233 2124
f 2233 2122 2124
f 2121 2233 2125
f 2125 2233 2126
f 2227 2119 2120
f 2074 2073 2239
f 2118 2074 2239
f 2113 2114 2233
f 2117 2118 2239
f 2233 2115 2117
f 2233 2114 2115
f 2113 2233 2116
f 2069 2066 2239
f 2068 2069 2239
f 2070 2068 2239
f 2239 2071 2072
f 2070 2239 2072
f 2239 2073 2071
f 2245 2067 2054
f 2066 2067 2245
f 2057 2250 2053
f 2250 2056 2058
f 2250 2057 2055
f 2250 2051 2044
f 2058 2051 2250
f 2250 2055 2056
f 2245 2052 2053
f 2052 2245 2054
f 2049 2038 2255
f 2049 2255 2048
f 2255 2050 2048
f 2050 2255 2047
f 2250 2045 2046
f 2250 2043 2045
f 2250 2046 2047
f 2250 2044 2042
f 2043 2250 2042
f 2260 2037 2039
f 2041 2033 2260
f 2041 2260 2040
f 2260 2039 2040
f 2038 2036 2255
f 2036 2037 2255
f 2019 2265 2030
f 2030 2265 2031
f 2265 2029 2031
f 2034 2035 2260
f 2260 2035 2032
f 2027 2260 2032
f 2033 2034 2260
f 2027 2028 2260
f 2265 2028 2029
f 1577 3027 1555
f 1577 1570 3027
f 2024 2270 2022
f 2025 2270 2024
f 2270 2026 2018
f 2025 2026 2270
f 2021 2270 2023
f 2265 2020 2023
f 2265 2019 2020
f 2021 2022 2270
f 1489 2197 1491
f 1492 2197 1494
f 1506 3016 3014
f 3016 1505 1504
f 3013 3016 1504
f 2545 3013 1507
f 3029 1568 3028
f 2546 1517 2990
f 1529 1501 3011
f 3010 1529 3011
f 3015 1558 3010
f 3024 1560 3015
f 1561 3024 3028
f 3012 3011 1499
f 1500 3014 3012
f 1524 3002 3003
f 2999 1494 2197
f 1515 2999 3000
f 3001 1516 3000
f 1521 3001 3002
f 2990 1525 3003
f 2199 1547 3029
f 2198 2197 1478
f 2199 2198 1486
f 1512 2546 1511
f 1511 2546 2545
f 3020 3021 2197
f 3019 2198 3018
f 3021 3022 2197
f 3019 2197 2198
f 3023 3020 2197
f 3019 3023 2197
f 3017 3018 2198
f 2197 3022 2995
f 2198 3007 3008
f 2198 3009 3007
f 2199 3010 3011
f 2199 3011 3012
f 3015 3010 2199
f 3013 3014 3016
f 2199 3012 3014
f 3013 3009 2198
f 2199 3013 2198
f 2199 3014 3013
f 2198 3008 3017
f 2197 2996 2997
f 2197 2998 2999
f 2197 2997 2998
f 3029 3028 2199
f 3024 2199 3028
f 3024 3015 2199
f 2996 2197 2995
f 3019 2546 3023
f 2545 2546 3019
f 3020 3023 2546
f 3020 2546 2989
f 2989 3021 3020
f 2545 3007 3009
f 3013 2545 3009
f 3008 3007 2545
f 3008 2545 3017
f 2545 3018 3017
f 3019 3018 2545
f 2989 2998 2997
f 3001 3000 2990
f 3002 2990 3003
f 3002 3001 2990
f 3000 2999 2990
f 2989 2999 2998
f 2989 2990 2999
f 3021 2997 2996
f 3021 2996 3022
f 3022 2996 2995
f 3021 2989 2997
f 2990 2989 2546
f 2000 2275 2276
f 2277 2007 2276
f 2014 2277 2270
f 2090 2486 2480
f 2483 2095 2480
f 2920 2062 2483
f 2919 2093 2917
f 2486 2079 2919
f 2920 2921 2063
f 2175 2284 2285
f 2075 2916 2917
f 2287 2162 2286
f 2156 2287 2288
f 2150 2288 2289
f 2201 2291 2180
f 2178 2291 2284
f 3118 1818 3119
f 2929 1896 2930
f 2099 2929 2509
f 2505 1882 2933
f 2500 1890 2505
f 2930 1901 2500
f 2933 1872 2936
f 2507 2916 2111
f 2170 2285 2286
f 1684 2518 2937
f 1658 2937 2940
f 2551 1705 2940
f 2514 2944 1798
f 1804 2944 2949
f 2516 1681 2953
f 2953 1637 2954
f 1806 2959 2956
f 1808 2956 1811
f 2956 2957 1811
f 2960 1822 1817
f 2957 2960 1817
f 2949 2959 1726
f 1849 1843 2963
f 1849 2963 2520
f 2964 1856 2520
f 1865 2964 2936
f 2965 2963 1839
f 1834 1828 2965
f 1828 2960 2965
f 2972 2973 1983
f 2973 2976 1988
f 1976 2921 2972
f 2976 2542 1950
f 2978 1973 2538
f 1973 2979 2538
f 2978 2539 1963
f 2539 2548 1972
f 1936 1935 2539
f 1935 2548 2539
f 1936 2539 2540
f 1947 2540 2541
f 1943 2541 2981
f 2985 1935 1938
f 2985 2548 1935
f 1938 1943 2981
f 2985 1938 2981
f 1958 2544 2979
f 3095 1737 3093
f 3096 1749 3097
f 2954 1633 3049
f 2986 1916 2547
f 3066 3058 1642
f 3055 1674 3054
f 1677 3056 3054
f 3057 3056 1672
f 3059 3057 1666
f 1676 3058 3059
f 3053 1660 3052
f 3085 1695 3083
f 3076 1646 3084
f 3084 1655 3085
f 3064 1653 3063
f 3064 3067 1656
f 1648 3067 3065
f 1643 3065 3066
f 1641 3076 3063
f 1702 3075 3073
f 3074 1701 3073
f 3075 1742 3072
f 1739 2200 3072
f 1698 3074 3082
f 3082 3083 1696
f 3091 3086 1735
f 3086 3087 1756
f 1770 3087 2200
f 3121 3120 1824
f 1826 3122 3121
f 1809 3117 3116
f 3117 1813 3118
f 3120 3119 1819
f 3115 1734 3116
f 3090 1752 3089
f 3004 1924 3005
f 3095 3097 1746
f 1736 3096 3091
f 1927 3005 1924
f 1927 2986 3005
f 3090 3094 1751
f 3094 3092 1748
f 3092 3093 1738
f 1665 3055 3068
f 1661 3068 3052
f 3150 3147 1908
f 3144 3150 1909
f 3144 2144 2289
f 1905 3147 3146
f 1904 3146 3142
f 1887 3140 3139
f 1903 3142 3141
f 3138 3137 1880
f 3135 3134 1873
f 1878 3137 3136
f 3135 1875 3136
f 3131 1861 3132
f 1869 3134 3133
f 1863 3133 3132
f 3129 3128 1853
f 1854 3130 3129
f 1858 3131 3130
f 3128 3127 1846
f 1844 3127 3126
f 3124 1837 3125
f 1836 3124 3123
f 1830 3123 3122
f 3125 1841 3126
f 3100 1777 3101
f 1776 3100 3099
f 3103 3102 1781
f 3113 3112 1725
f 3114 3113 1729
f 3114 1731 3115
f 1723 3112 2290
f 3141 3140 1888
f 3139 3138 1883
f 1715 3106 3105
f 3103 1782 3104
f 3105 3104 1786
f 1718 2290 3106
f 3089 1753 3098
f 1913 3004 3005
f 3005 3006 1922
f 1931 3169 3170
f 1929 3006 3169
f 1944 3171 3172
f 3172 3173 1990
f 3170 3171 1940
f 3173 3174 1992
f 3174 2275 1993
f 1778 3102 3101
f 3098 1775 3099
f 1621 3048 3049
f 3060 1663 3062
f 3061 3062 1669
f 3060 3050 1623
f 1670 3053 3061
f 1622 3051 3048
f 1625 3050 3051
f 2507 2108 2506
f 2506 2100 2509
f 2510 1790 2513
f 1794 2510 2514
f 1686 2516 2517
f 2518 1688 2517
f 2543 1965 2542
f 1955 2543 2544
f 2207 2201 2191
f 2548 2547 1921
f 2548 1921 1920
f 1783 2549 2513
f 2549 1706 2550
f 1708 2551 2550
f 2189 2213 2207
f 2220 2213 2138
f 2131 2227 2220
f 2120 2233 2227
f 2117 2239 2233
f 2066 2245 2239
f 2053 2250 2245
f 2255 2250 2047
f 2255 2037 2260
f 2260 2028 2265
f 2023 2270 2265
f 4457 2393 4456
f 2393 4455 4456
f 2393 2394 4455
f 2393 4457 4458
f 2393 4458 4459
f 4465 2395 4459
f 4466 2395 4465
f 4467 2395 4466
f 2393 4459 2395
f 3422 4476 4475
f 3422 4475 3421
f 4473 4472 3420
f 4472 3323 3420
f 4474 4473 3421
f 4475 4474 3421
f 4473 3420 3421
f 3323 4472 4196
f 3323 4196 4195
f 4179 3323 4195
f 4290 3407 4289
f 4287 4288 3407
f 3407 4288 4289
f 3407 4290 3408
f 4290 4294 3408
f 4160 4157 2400
f 2401 4160 2400
f 4153 4160 2401
f 2400 4158 4159
f 2400 4157 4158
f 4165 2400 4159
f 4170 2402 4169
f 2400 4165 4168
f 4169 2402 4168
f 2402 2400 4168
f 3354 4250 4251
f 3354 4251 3359
f 4302 3411 4298
f 4303 3369 4302
f 4302 3369 3411
f 4304 3369 4303
f 3409 4294 4295
f 4294 3409 3408
f 4296 3410 4295
f 3409 4295 3410
f 4297 3411 4296
f 3411 3410 4296
f 4298 3411 4297
f 4309 3369 4304
f 4309 4310 2283
f 4309 2283 3369
f 4083 2406 4082
f 2404 2406 4083
f 2404 4083 4084
f 4082 2406 4022
f 4086 4084 4085
f 4086 2404 4084
f 2404 4089 4087
f 2404 4086 4089
f 2407 4087 4088
f 2407 4088 4045
f 2404 4087 2407
f 3787 3194 3824
f 3194 3823 3824
f 3787 3195 3194
f 3784 3195 3788
f 3784 3193 3195
f 3788 3195 3787
f 2398 4447 4448
f 4446 4447 2398
f 4377 2319 4376
f 4377 2592 2319
f 2399 4445 4446
f 2399 4446 2398
f 4444 4445 2399
f 4443 2399 4442
f 4444 2399 4443
f 3375 4319 4320
f 3375 3374 4319
f 3376 4320 4321
f 3376 3375 4320
f 4324 3377 4321
f 3377 3376 4321
f 4324 4325 3378
f 3377 4324 3378
f 3374 4317 4318
f 4316 4317 3374
f 4319 3374 4318
f 3374 4315 4316
f 3374 2283 4315
f 3379 4325 4329
f 3378 4325 3379
f 3379 4329 4330
f 3379 4330 3380
f 3380 4330 4331
f 3380 4331 3381
f 4331 4332 3381
f 4332 3382 3381
f 4332 4333 3382
f 3382 4333 3383
f 4338 4339 3384
f 4338 3384 3383
f 4333 4334 3383
f 4334 4335 3383
f 4335 4336 3383
f 4336 4337 3383
f 4337 4338 3383
f 3390 4341 4342
f 4342 4343 3390
f 4343 3391 3390
f 4344 3391 4343
f 3391 4344 4345
f 2281 3391 4345
f 4340 3389 4339
f 3389 3384 4339
f 4340 4341 3390
f 3389 4340 3390
f 3206 3783 3791
f 3206 3791 3208
f 3792 3208 3791
f 3793 3208 3792
f 3793 3209 3208
f 3794 3209 3793
f 3795 3209 3794
f 3210 3209 3795
f 3795 3796 3210
f 3796 3211 3210
f 3801 3211 3830
f 3211 3796 3829
f 3211 3829 3830
f 4478 4477 3423
f 4478 3423 4479
f 3423 3424 4479
f 3834 3218 3833
f 3218 3832 3833
f 3218 3217 3832
f 3834 3835 3219
f 3834 3219 3218
f 3835 3836 3219
f 3837 3220 3836
f 3220 3219 3836
f 3837 3838 3220
f 3220 3838 3221
f 3221 3838 3893
f 3221 3893 3894
f 3221 3894 3895
f 3223 3897 3898
f 3223 3898 3224
f 3222 3895 3896
f 3222 3221 3895
f 3897 3222 3896
f 3897 3223 3222
f 3900 3901 3224
f 3899 3224 3898
f 3900 3224 3899
f 3905 3227 3904
f 3227 3226 3904
f 3226 3903 3904
f 3226 3225 3903
f 3225 3902 3903
f 3225 3901 3902
f 3225 3224 3901
f 3906 3228 3905
f 3228 3227 3905
f 3908 3909 3229
f 3909 3230 3229
f 3229 3907 3908
f 3906 3907 3228
f 3229 3228 3907
f 3909 3910 3230
f 3910 3231 3230
f 3913 3231 3912
f 3231 3911 3912
f 3910 3911 3231
f 3913 3232 3231
f 3232 3914 3915
f 3913 3914 3232
f 3915 3916 3233
f 3915 3233 3232
f 3234 3916 3917
f 3918 3234 3917
f 3916 3234 3233
f 3919 3235 3918
f 3920 3235 3919
f 3235 3234 3918
f 3921 3236 3920
f 3236 3235 3920
f 3236 3921 3922
f 3236 3922 3237
f 3237 3922 3923
f 3237 3923 3238
f 3923 3924 3238
f 3924 3239 3238
f 3928 3239 3927
f 3239 3924 3925
f 3239 3925 3926
f 3239 3926 3927
f 3240 3928 3929
f 3928 3240 3239
f 3243 3932 3933
f 3932 3243 3242
f 3931 3241 3930
f 3241 3929 3930
f 3241 3240 3929
f 3242 3931 3932
f 3241 3931 3242
f 3243 3933 3934
f 3244 3243 3934
f 3244 3935 3936
f 3934 3935 3244
f 3937 3244 3936
f 3937 3245 3244
f 3245 3937 3938
f 3245 3938 3247
f 3247 3939 3940
f 3938 3939 3247
f 3941 3247 3940
f 3941 3248 3247
f 3354 4247 4250
f 3354 3355 4247
f 3427 4486 4485
f 3428 4486 3427
f 3429 4488 4487
f 3430 4488 3429
f 4485 4484 3426
f 4485 3426 3427
f 3428 4487 4486
f 4487 3428 3429
f 3426 4484 4483
f 4481 3426 4482
f 4482 3426 4483
f 4251 4252 3359
f 4252 3360 3359
f 3363 4267 4268
f 4262 4267 3363
f 3363 3362 4262
f 4268 4269 3364
f 4268 3364 3363
f 3362 4261 4262
f 4260 4261 3361
f 3362 3361 4261
f 3360 4253 4254
f 4252 4253 3360
f 3361 3360 4254
f 3365 4270 4271
f 3364 4269 4270
f 4272 3365 4271
f 3365 3364 4270
f 3361 4259 4260
f 3361 4254 4259
f 4275 3365 4272
f 4275 3366 3365
f 4275 4276 3366
f 4276 3367 3366
f 4279 4286 3367
f 4286 3406 3367
f 4279 3367 4276
f 3406 4286 4287
f 3407 3406 4287
f 3305 4177 4173
f 3305 3306 4177
f 3306 4178 4177
f 3306 3322 4178
f 4178 3322 4179
f 4179 3322 3323
f 4171 4167 3304
f 4171 3304 4172
f 4167 3303 3304
f 4164 3303 4166
f 4166 3303 4167
f 4173 4172 3305
f 3305 4172 3304
f 4162 3302 4163
f 4163 3302 4164
f 3302 3303 4164
f 3301 4162 4161
f 4162 3301 3302
f 4161 4156 3300
f 4161 3300 3301
f 4149 3298 4150
f 4149 3297 3298
f 4154 4150 3299
f 4150 3298 3299
f 4155 4154 3299
f 4156 4155 3300
f 3299 3300 4155
f 4146 4147 3297
f 4147 2317 3297
f 3297 4149 4148
f 4146 3297 4148
f 4549 4548 2206
f 4547 4546 2206
f 4548 4547 2206
f 4546 2312 2206
f 4545 4544 2312
f 4545 2312 4546
f 3943 3944 3249
f 3943 3249 3248
f 3250 3945 3946
f 3250 3944 3945
f 3249 3944 3250
f 3941 3942 3248
f 3248 3942 3943
f 4526 4525 2314
f 4526 2314 4527
f 4527 2314 4528
f 4528 2313 4529
f 4528 2314 2313
f 4524 2314 4525
f 4522 4521 2315
f 4522 2315 4523
f 4523 2314 4524
f 4523 2315 2314
f 4519 4518 2315
f 4519 2315 4520
f 4520 2315 4521
f 3254 3950 3951
f 3950 3254 3253
f 3949 3253 3948
f 3253 3252 3948
f 3950 3253 3949
f 3951 3952 3255
f 3953 3954 3255
f 3255 3952 3953
f 3254 3951 3255
f 3954 3955 3256
f 3255 3954 3256
f 3960 3961 3258
f 3259 3258 3961
f 3959 3257 3958
f 3960 3258 3959
f 3959 3258 3257
f 3961 3962 3259
f 3259 3962 3963
f 3259 3963 3320
f 3963 3964 3320
f 3964 3321 3320
f 3321 3964 4193
f 3321 4193 4194
f 4194 4199 3345
f 3321 4194 3345
f 4201 3346 4199
f 3346 3345 4199
f 4202 3346 4201
f 4203 4204 3346
f 4203 3346 4202
f 4204 3347 3346
f 4205 3347 4204
f 4205 4211 3348
f 3347 4205 3348
f 4213 3348 4211
f 3348 4213 3349
f 4214 4215 3349
f 4214 3349 4213
f 4215 3350 3349
f 4217 3350 4215
f 4218 3351 4217
f 4217 3351 3350
f 4220 4221 3352
f 4218 4220 3351
f 4220 3352 3351
f 4221 4222 3352
f 3353 3352 4222
f 4229 3353 4222
f 3355 4246 4247
f 3355 3358 4246
f 3353 4229 4232
f 4233 3356 4232
f 4232 3356 3353
f 4233 4240 3356
f 4240 4241 3357
f 3356 4240 3357
f 4189 4188 2317
f 4242 4248 3358
f 3358 4248 4249
f 3358 4249 4246
f 4017 3261 4014
f 4014 3261 3270
f 3260 4009 4010
f 4016 4009 3260
f 4016 3260 4015
f 4017 4015 3261
f 4015 3260 3261
f 4132 4129 3318
f 4132 3318 4133
f 3318 3319 4133
f 4129 4128 3317
f 3318 4129 3317
f 4134 4133 3319
f 4135 4134 3292
f 4134 3319 3292
f 4187 2317 4188
f 3292 4184 4135
f 3292 4185 4184
f 3292 4186 4185
f 3292 4187 4186
f 3292 2317 4187
f 4127 3316 4128
f 3317 4128 3316
f 3316 4127 4126
f 3316 4126 3315
f 3315 4126 4123
f 3315 4123 4120
f 4119 3314 4120
f 4120 3314 3315
f 4116 3314 4119
f 4108 3311 4111
f 3311 3312 4111
f 4111 3312 4113
f 4113 3312 4114
f 4114 3313 4115
f 3312 3313 4114
f 3313 4116 4115
f 4116 3313 3314
f 4107 4106 3310
f 3310 3311 4107
f 4108 4107 3311
f 3310 4105 4103
f 3310 4106 4105
f 3309 3310 4103
f 4098 3309 4103
f 4094 4093 3307
f 4094 3307 4095
f 3307 3308 4095
f 4093 4060 3291
f 4093 3291 3307
f 3291 4060 4059
f 3308 4098 4095
f 3308 3309 4098
f 4058 3290 4059
f 4059 3290 3291
f 4044 3287 4050
f 4050 3287 3288
f 4050 3288 4052
f 4052 3288 4053
f 4056 3289 4057
f 4053 3289 4056
f 3288 3289 4053
f 3290 4058 4057
f 3289 3290 4057
f 4043 4042 3285
f 3285 3286 4043
f 4044 4043 3286
f 3287 4044 3286
f 4039 4038 3284
f 4040 4039 3284
f 4038 3283 3284
f 4041 4040 3285
f 4042 4041 3285
f 4040 3284 3285
f 4034 4033 3282
f 4034 3282 3283
f 4035 4034 3283
f 4035 3283 4036
f 4036 3283 4037
f 4037 3283 4038
f 3281 4033 4032
f 3282 4033 3281
f 4032 4026 3266
f 4032 3266 3281
f 4426 4427 2593
f 4063 4064 3279
f 3269 3279 4064
f 3275 4079 4072
f 3275 4080 4079
f 3275 3276 4080
f 3278 4071 4069
f 3278 4070 4071
f 3280 3278 4069
f 3275 4072 4073
f 3278 4073 4070
f 3278 3275 4073
f 4068 4063 3280
f 4069 4068 3280
f 4063 3279 3280
f 4077 4080 3276
f 4077 3276 3277
f 4012 3268 4074
f 3269 4074 3268
f 4014 3270 4013
f 4013 3270 4012
f 4012 3270 3268
f 3269 4064 4081
f 4074 3269 4081
f 4026 4027 3265
f 3266 4026 3265
f 4028 3265 4027
f 3265 4028 3267
f 3273 4023 4024
f 3273 4024 3264
f 4028 4029 3267
f 4029 3274 3267
f 4023 3271 4025
f 4023 3273 3271
f 3272 4031 4025
f 4030 4031 3272
f 3271 3272 4025
f 3274 4029 4030
f 3272 3274 4030
f 4061 3264 4075
f 4061 3263 3264
f 4075 3264 4067
f 3263 4061 4062
f 3263 4062 3262
f 4065 4066 3264
f 3264 4066 4067
f 4065 3264 4024
f 4076 4077 3277
f 3262 4076 3277
f 3262 4062 4078
f 3262 4078 4076
f 3185 3853 3848
f 3853 3185 3186
f 3840 3853 3186
f 3187 3840 3186
f 3185 3848 3849
f 3850 3188 3849
f 3849 3188 3185
f 3188 3850 3851
f 3852 3188 3851
f 3852 3189 3188
f 3187 3839 3840
f 3997 3996 2329
f 3997 2329 3998
f 3999 3998 2329
f 4000 3999 2329
f 2586 3994 3993
f 3827 3191 3826
f 3190 3191 3827
f 3784 3785 3193
f 3192 3193 3785
f 3828 3823 3190
f 3828 3190 3827
f 3823 3194 3190
f 4373 2324 4371
f 2324 4373 2319
f 4376 2319 4375
f 2319 4373 4374
f 2319 4374 4375
f 3782 3204 3781
f 3783 3204 3782
f 3206 3204 3783
f 3781 3205 3786
f 3205 3781 3204
f 3205 3789 3786
f 3789 3205 3790
f 3790 3205 3192
f 4428 4429 4427
f 4429 2593 4427
f 4372 2593 4429
f 2323 2593 4372
f 2323 4284 4282
f 4284 2323 4372
f 2324 2323 4282
f 2324 4282 4280
f 2324 4280 4281
f 2324 4281 4283
f 2324 4283 4371
f 3422 4477 4476
f 3423 4477 3422
f 3858 3844 3199
f 3844 3197 3199
f 3189 3852 3858
f 3189 3858 3199
f 3842 3196 3841
f 3197 3843 3841
f 3197 3844 3843
f 3841 3196 3197
f 3855 3196 3842
f 3855 3198 3196
f 3203 3854 3847
f 3203 3198 3854
f 2601 4385 4386
f 2601 4380 4385
f 2601 2592 4380
f 3201 3820 3821
f 3201 3821 3200
f 3846 3202 3845
f 3203 3847 3845
f 3202 3203 3845
f 3857 3202 3846
f 3857 3201 3202
f 3820 3201 3857
f 3198 3856 3854
f 3198 3855 3856
f 2604 4381 4382
f 2604 4382 4383
f 4394 4381 2605
f 4395 4393 4394
f 4395 4394 2605
f 4381 2604 2605
f 4388 4395 2605
f 4388 2605 2601
f 2601 4386 4387
f 4388 2601 4387
f 4384 2604 4383
f 4391 2604 4384
f 4392 2606 4391
f 4389 2606 4392
f 2606 2604 4391
f 4390 2606 4389
f 4390 4396 2606
f 2606 4396 2609
f 4396 4397 2609
f 2609 4397 4398
f 3822 3192 3785
f 3822 3790 3192
f 4327 4326 2328
f 2328 4326 4307
f 4291 2614 4292
f 4291 4285 2614
f 2325 4293 4292
f 2325 4292 2614
f 4327 2609 4328
f 2609 4398 4328
f 4327 2328 2609
f 2619 4273 4265
f 4273 2619 4274
f 2619 4277 4274
f 4278 4277 2614
f 4285 4278 2614
f 2619 2614 4277
f 3424 4480 4479
f 3424 3425 4480
f 4001 4002 4003
f 4002 2623 4003
f 4002 2329 2623
f 3207 3884 3839
f 3187 3207 3839
f 3885 3207 3886
f 3884 3207 3885
f 4209 4210 4206
f 3991 3990 2625
f 2586 3991 2625
f 2586 3992 3991
f 2586 3993 3992
f 3425 4481 4480
f 3425 3426 4481
f 3802 3212 3801
f 3212 3211 3801
f 3809 3810 3215
f 3215 3810 3811
f 3215 3214 3809
f 3803 3213 3802
f 3804 3213 3803
f 3212 3802 3213
f 3804 3808 3214
f 3214 3808 3809
f 3214 3213 3804
f 3811 3812 3216
f 3811 3216 3215
f 3812 3813 3216
f 3813 3217 3216
f 3832 3217 3831
f 3217 3813 3831
f 2343 3816 3817
f 3883 2343 3817
f 3814 2343 3883
f 2339 3880 3879
f 3878 2339 3879
f 3880 2339 3881
f 2343 3818 3816
f 2659 3819 3818
f 2659 3887 3819
f 2343 2659 3818
f 3888 3887 2659
f 3889 3888 2659
f 3889 2659 2660
f 2660 3890 3889
f 2660 3891 3890
f 3877 2339 3876
f 2339 3875 3876
f 2339 3878 3875
f 3877 2661 2339
f 3877 3872 2661
f 3431 4490 4489
f 4490 3431 3432
f 4488 3430 4489
f 4489 3430 3431
f 4490 3432 4491
f 4491 3432 4492
f 4492 3432 4493
f 4493 3432 2316
f 2655 4263 4258
f 2655 4264 4263
f 2655 2619 4264
f 4266 2619 4265
f 4264 2619 4266
f 4003 4005 4004
f 4003 2623 4005
f 2623 2624 4005
f 4008 2624 4191
f 4008 4005 2624
f 3966 2669 3967
f 3966 3965 2669
f 2669 3965 3892
f 3968 2666 3969
f 3968 3967 2666
f 2666 3967 2669
f 3970 2666 3971
f 3970 3969 2666
f 3972 3971 2668
f 2666 2668 3971
f 3973 2668 3974
f 3973 3972 2668
f 3892 3891 2660
f 2669 3892 2660
f 2344 3983 3982
f 3983 2344 3984
f 3984 2344 2671
f 3980 3977 2672
f 3980 2672 3979
f 3979 2672 2344
f 3984 2671 3985
f 2671 3987 3986
f 3985 2671 3986
f 3975 2672 3976
f 3975 2668 2672
f 3975 3974 2668
f 3976 2672 3977
f 3987 2671 3988
f 2625 3989 3988
f 2625 3988 2671
f 3990 3989 2625
f 4537 2312 4544
f 4537 4536 2312
f 4536 4535 2312
f 4531 2313 4532
f 4532 2313 4533
f 4533 2313 4534
f 4534 2313 4535
f 2312 4535 2313
f 4258 4257 2655
f 4257 2742 2655
f 4256 2742 4257
f 4256 4255 2742
f 2742 4255 4243
f 4244 2742 4243
f 2742 4244 4245
f 3252 3946 3947
f 3252 3250 3946
f 3948 3252 3947
f 3956 3957 3256
f 3956 3256 3955
f 3957 3257 3256
f 3958 3257 3957
f 4496 2316 4497
f 2316 4498 4497
f 4518 4498 2316
f 2315 4518 2316
f 4493 2316 4494
f 4495 4494 2316
f 4495 2316 4496
f 4460 4461 2766
f 4467 4460 2395
f 2395 4460 2766
f 2394 4470 4471
f 2394 4454 4455
f 4471 4454 2394
f 4192 4468 2772
f 4468 2394 2772
f 4469 2394 4468
f 4470 2394 4469
f 3200 3821 3825
f 3826 3200 3825
f 3826 3191 3200
f 4464 2766 4463
f 2766 4461 4462
f 2766 4462 4463
f 4440 2766 4464
f 2766 4440 2773
f 4180 4181 2775
f 4180 2775 4175
f 4181 2772 2775
f 4182 2772 4181
f 4183 2772 4182
f 4192 2772 4183
f 2398 4449 4450
f 2398 4448 4449
f 2602 2398 4450
f 2773 4441 4442
f 2773 4442 2399
f 2602 4451 4452
f 2602 4450 4451
f 4562 4566 2212
f 4566 2206 2212
f 4565 4568 2206
f 4564 2206 4563
f 4567 4549 2206
f 4564 4565 2206
f 4563 2206 4566
f 4568 4569 2206
f 4569 4567 2206
f 2773 4438 4439
f 2773 4440 4438
f 2773 4439 4441
f 2782 4136 4137
f 2782 4131 4136
f 2782 2781 4131
f 4138 2782 4137
f 2784 2782 4138
f 4124 4125 2781
f 4122 4124 2785
f 4124 2781 2785
f 2781 4125 4130
f 4131 2781 4130
f 4174 4175 2775
f 4176 4174 2775
f 2402 4170 4176
f 2402 4176 2775
f 2212 4561 4562
f 2212 2219 4561
f 4558 4559 2219
f 4551 4556 2219
f 4556 4557 2219
f 4557 4558 2219
f 4559 4560 2219
f 4560 4561 2219
f 2786 4145 4151
f 4151 4152 2401
f 4152 4153 2401
f 2786 4151 2401
f 4144 4145 2786
f 2786 4142 4143
f 2786 4143 4144
f 2786 2784 4142
f 4141 2784 4140
f 2784 4141 4142
f 4147 4189 2317
f 4377 4378 2592
f 2592 4378 4379
f 4380 2592 4379
f 3357 4241 4242
f 3357 4242 3358
f 3348 4212 4207
f 3348 4207 3347
f 3349 4216 4212
f 3349 4212 3348
f 4208 4206 4200
f 4206 4208 4209
f 4207 4208 3347
f 3347 4208 4200
f 4554 2226 4541
f 4553 2226 4552
f 4555 2219 4553
f 4552 2226 4554
f 4550 2219 4555
f 2219 2226 4553
f 2219 4550 4551
f 3867 3868 3869
f 3197 3868 3867
f 3197 3867 3199
f 3868 2661 3871
f 3871 2661 3872
f 3868 3197 2661
f 3189 3865 3866
f 3189 3866 3188
f 3865 3199 3867
f 3865 3189 3199
f 3866 3870 3188
f 3863 3188 3870
f 4045 4046 2407
f 4047 2795 4046
f 4048 4049 4047
f 2795 4047 4049
f 4046 2795 2407
f 4538 2226 4543
f 4516 2232 4515
f 4517 2232 4516
f 2226 2232 4543
f 4543 2232 4517
f 4509 4515 2232
f 4019 4020 4021
f 4019 4021 3261
f 3260 4019 3261
f 4051 4054 2796
f 4054 4055 2796
f 4051 2795 4049
f 4051 2796 2795
f 2801 4104 4109
f 2801 4109 4110
f 2801 4110 2803
f 4102 4104 2802
f 2801 2802 4104
f 4112 4117 2803
f 2803 4117 2785
f 4117 4118 2785
f 4121 2785 4118
f 4122 2785 4121
f 2803 4110 4112
f 2406 4021 4022
f 2406 3261 4021
f 2784 4138 4139
f 4140 2784 4139
f 3886 3207 3874
f 3873 3874 3207
f 3860 3873 3207
f 4512 2238 4511
f 4513 2238 4512
f 4513 4514 2232
f 4514 4508 2232
f 4510 4511 2238
f 2238 4513 2232
f 4510 2238 4504
f 4508 4509 2232
f 4425 2602 4453
f 4426 2593 4425
f 2602 4452 4453
f 2593 2602 4425
f 4506 2244 4505
f 4500 4507 2244
f 2238 4506 4501
f 2238 2244 4506
f 2244 4507 4505
f 2238 4501 4502
f 2238 4502 4503
f 2238 4503 4504
f 3260 4010 4011
f 4011 4018 3260
f 3863 3861 3185
f 3185 3861 3862
f 3863 3185 3188
f 3862 3864 3185
f 3185 3864 3186
f 3860 3187 3859
f 3860 3207 3187
f 3864 3859 3186
f 3186 3859 3187
f 4435 2249 4420
f 4430 2244 4432
f 4434 2249 4433
f 4437 2249 4434
f 4433 2249 4435
f 4432 2249 4436
f 4436 2249 4437
f 2244 2249 4432
f 4499 2244 4431
f 4499 4500 2244
f 4431 2244 4430
f 4424 2254 4414
f 4422 2249 4421
f 4423 2249 4422
f 4418 2249 4423
f 4421 2254 4424
f 2249 2254 4421
f 2249 4418 4419
f 4420 2249 4419
f 4416 4415 2259
f 2254 2259 4415
f 4416 2259 4417
f 2259 4408 4417
f 2254 4415 4411
f 2254 4413 4414
f 2254 4412 4413
f 4411 4412 2254
f 3345 4198 4197
f 3346 4198 3345
f 3345 4197 4190
f 3321 3345 4190
f 3321 4190 4191
f 3321 4191 2624
f 3346 4200 4198
f 4200 3346 3347
f 4219 3350 4223
f 4224 4223 3351
f 3351 4223 3350
f 4219 4216 3350
f 3349 3350 4216
f 4225 4224 4226
f 4224 3351 4226
f 3351 3352 4226
f 4230 4228 3356
f 3356 4228 3353
f 4231 4230 3356
f 4227 3353 4228
f 3352 4227 4226
f 3353 4227 3352
f 4409 2264 4403
f 4409 4410 2264
f 4410 4407 2264
f 4407 2259 2264
f 4407 4404 2259
f 4404 4405 2259
f 4405 4406 2259
f 2259 4406 4408
f 4529 2313 4530
f 2313 4531 4530
f 4369 2269 4368
f 4370 4399 2264
f 2269 4369 4370
f 4368 2269 4362
f 2269 4370 2264
f 2264 4399 4400
f 2264 4400 4401
f 2264 4401 4402
f 2264 4402 4403
f 4091 4092 2869
f 4091 2869 4090
f 4367 4363 2269
f 2274 4359 4366
f 2274 4366 4364
f 4365 2274 4364
f 4365 4367 2274
f 4367 2269 2274
f 2269 4363 4360
f 2269 4360 4361
f 4362 2269 4361
f 2869 4092 4096
f 4097 2869 4096
f 4101 2869 4097
f 2802 4099 4100
f 2869 4101 4099
f 4102 2802 4100
f 2802 2869 4099
f 4234 4231 3356
f 4235 4234 3357
f 4234 3356 3357
f 4090 2796 4055
f 4090 2869 2796
f 4236 4235 3357
f 3358 4236 3357
f 3355 4245 4239
f 2742 4245 3355
f 3358 4239 4238
f 3358 4238 4236
f 4238 4237 4236
f 3358 3355 4239
f 4540 2226 4542
f 4540 4541 2226
f 2226 4539 4542
f 2226 4538 4539
f 3260 4018 4019
f 4348 4349 2281
f 4345 4346 2281
f 4347 4348 2281
f 4346 4347 2281
f 2282 4350 4351
f 4353 2282 4352
f 4352 2282 4351
f 2282 4349 4350
f 2282 2281 4349
f 2282 4354 4355
f 2282 4353 4354
f 4356 2282 4355
f 4356 4357 2282
f 2274 4357 4358
f 2274 2282 4357
f 4359 2274 4358
f 4314 2283 4310
f 4322 4323 2283
f 4314 4322 2283
f 2283 4323 4315
f 4299 4293 2325
f 4300 4299 2325
f 4301 4300 2325
f 4305 4301 2326
f 2325 2326 4301
f 4306 4305 2326
f 4312 4313 2327
f 4313 4306 2326
f 2327 4313 2326
f 4308 4311 2327
f 4311 4312 2327
f 4308 2327 2328
f 4308 2328 4307
f 2329 4007 4000
f 2329 4006 4007
f 2329 4002 4006
f 3797 3798 2340
f 2339 2340 3798
f 3799 3797 2341
f 2340 2341 3797
f 3800 3799 2341
f 3806 3805 2341
f 3807 3806 2342
f 2341 3805 3800
f 3806 2341 2342
f 3807 2342 3815
f 3815 2342 2343
f 2343 3814 3815
f 2339 3798 3882
f 2339 3882 3881
f 2344 3978 3979
f 3981 3978 2344
f 2344 3982 3981
f 3995 2586 3996
f 3996 2586 2329
f 3994 2586 3995
f 3398 3399 2280
f 3398 2280 3400
f 2280 3405 3404
f 2279 3342 3405
f 2279 3337 3342
f 3404 3400 2280
f 2279 3405 2280
f 3449 2307 3448
f 3444 3448 2311
f 2307 3449 3450
f 3448 2307 2311
f 2311 3441 3442
f 3443 2311 3442
f 3444 2311 3443
f 2281 3385 3386
f 3385 2281 3387
f 3387 2281 3388
f 3403 3402 2280
f 3401 3397 2280
f 3402 3401 2280
f 3403 2280 3399
f 3397 2282 2280
f 3439 3440 2311
f 2316 3436 3437
f 3440 3441 2311
f 3438 2316 3437
f 3438 3439 2311
f 3438 2311 2316
f 2316 3433 3434
f 2316 3434 3435
f 3436 2316 3435
f 3433 2316 3432
f 2283 3370 3368
f 2283 3368 3369
f 3371 3370 2283
f 2283 3373 3372
f 3371 2283 3372
f 3374 3373 2283
f 3391 2281 3386
f 2317 3296 3297
f 3295 3296 2317
f 3294 3295 2317
f 3293 2317 3292
f 3294 2317 3293
f 3070 2200 3069
f 2200 3071 3069
f 3070 3072 2200
f 3079 2200 3078
f 3081 2200 3079
f 3077 2200 3080
f 3080 2200 3081
f 2200 3088 3078
f 2200 3087 3088
f 2200 3077 3071
f 3393 3392 2281
f 3393 2282 3394
f 2282 3396 3395
f 2282 3397 3396
f 3394 2282 3395
f 2282 3393 2281
f 2290 3110 3109
f 2290 3111 3110
f 2290 3112 3111
f 3165 2287 3161
f 2287 2294 3161
f 3165 3157 2288
f 3165 2288 2287
f 3157 3156 2288
f 3155 3154 2288
f 3156 3155 2288
f 3149 2289 3151
f 3151 2289 3152
f 3152 2288 3153
f 3153 2288 3154
f 3152 2289 2288
f 3148 2289 3149
f 3145 2289 3148
f 3144 2289 3143
f 2289 3145 3143
f 3106 2290 3107
f 2290 3108 3107
f 3108 2290 3109
f 3174 3175 2275
f 3175 3176 2275
f 3176 3177 2275
f 3164 2294 3167
f 2298 3159 3168
f 2294 2298 3168
f 3167 2294 3168
f 3160 2294 3162
f 2294 3164 3163
f 3162 2294 3163
f 3161 2294 3160
f 3181 2301 3182
f 3182 2301 3183
f 3183 2301 3184
f 2297 2301 3181
f 2298 3178 3166
f 2297 3179 3178
f 2297 3180 3179
f 2297 3181 3180
f 2298 2297 3178
f 3166 3158 2298
f 2298 3158 3159
f 3177 3324 2275
f 3324 3325 2275
f 3329 2276 3328
f 3330 3331 2276
f 3329 3330 2276
f 2276 3327 3328
f 3331 3332 2276
f 3326 3327 2276
f 2275 3326 2276
f 3326 2275 3325
f 2276 3332 3338
f 3339 2278 3338
f 3339 3340 2278
f 3340 3341 2278
f 3338 2278 2276
f 3419 2304 3417
f 3416 2304 3418
f 3418 2304 3419
f 3413 3417 2304
f 2301 2304 3416
f 3415 2301 3414
f 2301 3416 3414
f 2301 3415 3184
f 2279 3334 3335
f 3337 2279 3336
f 3336 2279 3335
f 3333 3334 2279
f 3343 3344 2278
f 3344 3333 2278
f 3333 2279 2278
f 3343 2278 3341
f 2307 3450 3451
f 2307 3452 3447
f 2307 3451 3452
f 2307 3447 2304
f 2304 3445 3446
f 3413 2304 3412
f 2304 3447 3445
f 3412 2304 3446
f 3392 3388 2281
f 2207 2208 2201
f 2208 2202 2201
f 2208 2209 2202
f 2209 2203 2202
f 2209 2210 2203
f 2210 2204 2203
f 2210 2211 2204
f 2211 2205 2204
f 2211 2212 2205
f 2212 2206 2205
f 2213 2214 2207
f 2214 2208 2207
f 2214 2215 2208
f 2215 2209 2208
f 2215 2216 2209
f 2216 2210 2209
f 2216 2217 2210
f 2217 2211 2210
f 2217 2218 2211
f 2218 2212 2211
f 2218 2219 2212
f 2220 2221 2213
f 2221 2214 2213
f 2221 2222 2214
f 2222 2215 2214
f 2222 2223 2215
f 2223 2216 2215
f 2223 2224 2216
f 2224 2217 2216
f 2224 2225 2217
f 2225 2218 2217
f 2225 2226 2218
f 2226 2219 2218
f 2227 2221 2220
f 2227 2228 2221
f 2228 2222 2221
f 2228 2229 2222
f 2229 2223 2222
f 2229 2230 2223
f 2230 2224 2223
f 2230 2231 2224
f 2231 2225 2224
f 2231 2232 2225
f 2232 2226 2225
f 2233 2234 2227
f 2234 2228 2227
f 2234 2235 2228
f 2235 2229 2228
f 2235 2236 2229
f 2236 2230 2229
f 2236 2237 2230
f 2237 2231 2230
f 2237 2238 2231
f 2238 2232 2231
f 2239 2240 2233
f 2240 2234 2233
f 2240 2241 2234
f 2241 2235 2234
f 2241 2242 2235
f 2242 2236 2235
f 2242 2243 2236
f 2243 2237 2236
f 2243 2244 2237
f 2244 2238 2237
f 2245 2240 2239
f 2245 2246 2240
f 2246 2241 2240
f 2246 2247 2241
f 2247 2242 2241
f 2247 2248 2242
f 2248 2243 2242
f 2248 2249 2243
f 2249 2244 2243
f 2250 2251 2245
f 2251 2246 2245
f 2251 2252 2246
f 2252 2247 2246
f 2252 2253 2247
f 2253 2248 2247
f 2253 2254 2248
f 2254 2249 2248
f 2255 2256 2250
f 2256 2251 2250
f 2256 2257 2251
f 2257 2252 2251
f 2257 2258 2252
f 2258 2253 2252
f 2258 2259 2253
f 2259 2254 2253
f 2260 2261 2255
f 2261 2256 2255
f 2261 2262 2256
f 2262 2257 2256
f 2262 2263 2257
f 2263 2258 2257
f 2263 2264 2258
f 2264 2259 2258
f 2265 2266 2260
f 2266 2261 2260
f 2266 2267 2261
f 2267 2262 2261
f 2267 2268 2262
f 2268 2263 2262
f 2268 2269 2263
f 2269 2264 2263
f 2270 2271 2265
f 2271 2266 2265
f 2271 2272 2266
f 2272 2267 2266
f 2272 2273 2267
f 2273 2268 2267
f 2273 2274 2268
f 2274 2269 2268
f 2278 2277 2276
f 2278 2271 2277
f 2271 2270 2277
f 2279 2272 2278
f 2272 2271 2278
f 2280 2273 2279
f 2273 2272 2279
f 2282 2274 2280
f 2274 2273 2280
f 2291 2292 2284
f 2292 2285 2284
f 2292 2293 2285
f 2293 2286 2285
f 2293 2294 2286
f 2294 2287 2286
f 2202 2295 2201
f 2295 2291 2201
f 2295 2296 2291
f 2296 2292 2291
f 2296 2297 2292
f 2297 2293 2292
f 2297 2298 2293
f 2298 2294 2293
f 2203 2299 2202
f 2299 2295 2202
f 2299 2300 2295
f 2300 2296 2295
f 2300 2301 2296
f 2301 2297 2296
f 2204 2302 2203
f 2302 2299 2203
f 2302 2303 2299
f 2303 2300 2299
f 2303 2304 2300
f 2304 2301 2300
f 2205 2305 2204
f 2305 2302 2204
f 2305 2306 2302
f 2306 2303 2302
f 2306 2307 2303
f 2307 2304 2303
f 2206 2308 2205
f 2308 2305 2205
f 2308 2309 2305
f 2309 2306 2305
f 2309 2310 2306
f 2310 2307 2306
f 2310 2311 2307
f 2312 2308 2206
f 2312 2313 2308
f 2313 2309 2308
f 2313 2314 2309
f 2314 2310 2309
f 2314 2315 2310
f 2315 2311 2310
f 2315 2316 2311
f 2923 3152 3153
f 2923 2925 3152
f 3151 3152 2925
f 3148 3149 2927
f 3149 3151 2925
f 2927 3149 2925
f 3145 3148 2927
f 3143 3145 2927
f 3144 3143 2927
f 3144 2927 3150
f 2928 3150 2927
f 3142 2928 3141
f 3146 2928 3142
f 2928 2932 3141
f 2928 3146 3147
f 3150 2928 3147
f 3139 2934 3138
f 3140 2934 3139
f 2932 2934 3140
f 2932 3140 3141
f 3137 2934 3136
f 3138 2934 3137
f 3082 2938 3083
f 2938 3085 3083
f 2938 2937 3085
f 3074 3073 2938
f 3074 2938 3082
f 3073 3075 2550
f 3073 2550 2938
f 3072 2550 3075
f 2939 2550 3072
f 3067 3064 2518
f 2937 2518 3064
f 3066 2515 3058
f 3066 3065 2515
f 3059 3058 2515
f 3067 2518 3065
f 3065 2518 2515
f 2404 3278 3280
f 2404 2405 3278
f 2406 3280 3279
f 3280 2406 2404
f 3079 2941 3081
f 3079 2519 2941
f 3080 3081 2941
f 3080 2941 2939
f 3062 3061 2953
f 2516 2953 3061
f 3413 3412 2861
f 3417 3413 2861
f 3062 2953 3060
f 2954 3060 2953
f 3099 3094 3098
f 3099 2955 3094
f 3089 3098 3090
f 3090 3098 3094
f 2951 3096 3097
f 3096 2951 2519
f 3097 3095 2951
f 2951 3095 2955
f 3100 2955 3099
f 2952 2955 3100
f 2956 3114 3115
f 2956 3115 3116
f 2956 3116 3117
f 2956 3117 3118
f 2957 2956 3118
f 2957 3118 3119
f 2958 3111 3112
f 2958 3112 3113
f 3113 3114 2958
f 2956 2958 3114
f 2957 3119 3120
f 2960 3120 3121
f 2960 2957 3120
f 2960 3121 3122
f 3122 3123 2960
f 3109 3110 2950
f 3108 3109 2950
f 3110 3111 2958
f 3110 2958 2950
f 2952 3100 3101
f 2952 3101 3102
f 2952 3102 2948
f 3104 2948 3103
f 2948 3102 3103
f 3104 3105 2948
f 3105 2947 2948
f 3107 2947 3106
f 2947 3105 3106
f 3107 3108 2950
f 2947 3107 2950
f 3057 3059 2515
f 2516 3057 2515
f 3130 3131 2961
f 3132 2961 3131
f 2962 3132 3133
f 2962 2961 3132
f 3133 3134 2962
f 3134 3135 2962
f 3128 3129 2963
f 3128 2963 3127
f 3129 3130 2963
f 2963 3130 2961
f 3136 2962 3135
f 3136 2934 2962
f 3126 2965 3125
f 3127 2963 3126
f 3126 2963 2965
f 3124 2960 3123
f 2960 3124 2965
f 2965 3124 3125
f 3379 2621 3378
f 2616 3377 3378
f 2616 3378 2621
f 3177 3176 2988
f 2988 3324 3177
f 2988 3325 3324
f 2988 2739 3325
f 3325 2739 3326
f 2406 3268 3270
f 2406 3270 3261
f 3417 2994 3419
f 3417 2861 2994
f 3418 3419 2994
f 3418 2994 2877
f 2519 3078 3088
f 2519 3079 3078
f 2519 3086 3091
f 2519 3087 3086
f 2519 3088 3087
f 2519 3091 3096
f 3275 3278 2405
f 3275 2405 3276
f 2405 3263 3262
f 2405 3262 3277
f 2405 3277 3276
f 3281 3266 3265
f 2937 3064 3063
f 2937 3063 3076
f 2937 3076 3084
f 2937 3084 3085
f 2939 3070 3069
f 2939 3072 3070
f 3071 3077 2939
f 2939 3077 3080
f 3069 3071 2939
f 2516 3054 3056
f 3057 2516 3056
f 3054 2516 3055
f 3055 2516 3068
f 3068 2516 3052
f 3052 2516 3053
f 3053 2516 3061
f 2954 3050 3060
f 3050 2954 3051
f 2954 3048 3051
f 2954 3049 3048
f 2955 3093 3092
f 3095 3093 2955
f 3094 2955 3092
f 3368 3370 2613
f 3369 3368 2613
f 3369 2615 3411
f 3369 2613 2615
f 2613 3370 3371
f 3372 2613 3371
f 2616 3374 3375
f 3373 2613 3372
f 3373 2616 2613
f 3374 2616 3373
f 3411 2615 3410
f 3409 3410 2615
f 3408 3409 2615
f 2620 3406 3407
f 3408 2620 3407
f 2615 2620 3408
f 2616 3375 3376
f 2616 3376 3377
f 2620 3367 3406
f 2620 3366 3367
f 3365 2655 3364
f 2655 3365 3366
f 2620 2655 3366
f 2655 3363 3364
f 3395 2647 3394
f 2647 3393 3394
f 3392 3393 2647
f 2736 3392 2647
f 2736 3388 3392
f 3387 3388 2736
f 3387 2736 3385
f 2647 3395 3396
f 3385 2736 3386
f 3386 2736 3391
f 2737 3390 3391
f 2737 3391 2736
f 3389 3390 2737
f 3401 3402 2643
f 3401 2643 3397
f 2647 3396 3397
f 2647 3397 2643
f 3402 3403 2643
f 3384 3389 2737
f 3383 3384 2737
f 2621 3382 3383
f 2737 2621 3383
f 3381 2621 3380
f 2621 3381 3382
f 2621 3379 3380
f 2644 3398 3400
f 3404 2644 3400
f 3403 3399 2643
f 3399 3398 2644
f 3399 2644 2643
f 3404 3405 2644
f 3336 3335 2653
f 2731 3344 3343
f 3340 3339 2730
f 3341 2731 3343
f 3340 2730 3341
f 3341 2730 2731
f 3339 3338 2730
f 3331 3330 2738
f 3332 3331 2730
f 2738 2730 3331
f 2730 3338 3332
f 3329 2738 3330
f 2653 3335 3334
f 3333 2653 3334
f 3333 3344 2731
f 2731 2653 3333
f 3329 3328 2738
f 3328 3327 2739
f 2738 3328 2739
f 2739 3327 3326
f 2742 3360 3361
f 3363 2655 3362
f 2742 3361 3362
f 2742 3362 2655
f 3355 3354 2742
f 2742 3354 3359
f 3360 2742 3359
f 3175 3174 2988
f 3176 3175 2988
f 3174 3173 2988
f 2988 3173 3172
f 2986 3172 3171
f 2988 3172 2986
f 2986 3171 3170
f 3169 2986 3170
f 2986 3169 3006
f 3005 2986 3006
f 3337 2652 3342
f 2653 2652 3337
f 3336 2653 3337
f 3448 3444 2748
f 3444 3443 2748
f 3449 3448 2759
f 3448 2748 2759
f 2859 3429 3428
f 3430 2859 3431
f 3429 2859 3430
f 3427 2859 3428
f 3427 3426 2859
f 3426 3425 2860
f 3426 2860 2859
f 3445 2861 3446
f 2861 3412 3446
f 3317 2781 3318
f 3317 3316 2781
f 2781 3319 3318
f 3319 2781 2782
f 3292 2782 3293
f 3292 3319 2782
f 3293 2782 3294
f 2783 3294 2782
f 3294 2783 3295
f 3296 3295 2783
f 3296 2783 3297
f 2860 3425 3424
f 3313 2785 3314
f 3314 2785 3315
f 3315 2781 3316
f 3315 2785 2781
f 3298 3297 2787
f 2787 3297 2783
f 3298 2787 3299
f 2787 3300 3299
f 3301 3300 2788
f 3300 2787 2788
f 2788 3304 3303
f 3304 2788 2790
f 3303 3302 2788
f 3302 3301 2788
f 3322 3306 2790
f 3322 2790 2793
f 3305 3304 2790
f 3305 2790 3306
f 3405 3342 2652
f 2644 3405 2652
f 3269 2406 3279
f 2406 3269 3268
f 3273 2797 3271
f 2794 2797 3273
f 2794 3264 3263
f 2794 3273 3264
f 2405 2794 3263
f 3272 3271 2797
f 3272 2798 3274
f 3272 2797 2798
f 3310 2801 3311
f 3311 2801 3312
f 3313 3312 2801
f 2785 3313 2801
f 3308 3307 2802
f 3308 2802 3309
f 2802 3310 3309
f 2802 2801 3310
f 3434 2443 3435
f 2443 2442 3435
f 3435 2442 3436
f 3436 2442 3437
f 2442 3438 3437
f 2442 2388 3438
f 2388 3439 3438
f 3440 3439 2387
f 3439 2388 2387
f 3441 3440 2387
f 3441 2387 3442
f 3443 3442 2748
f 3442 2387 2748
f 2443 3434 3433
f 3432 2443 3433
f 2859 3432 3431
f 3432 2859 2443
f 3450 3449 2759
f 3451 3450 2759
f 3451 2862 3452
f 3451 2759 2862
f 2862 3445 3447
f 2862 3447 3452
f 2862 2861 3445
f 2867 3423 3422
f 3421 2867 3422
f 3424 3423 2860
f 3423 2867 2860
f 2793 3420 3323
f 3322 2793 3323
f 2793 3421 3420
f 3421 2793 2867
f 2800 3288 3287
f 3286 2800 3287
f 3289 3288 2868
f 3288 2800 2868
f 3289 2868 3290
f 3291 3290 2868
f 3284 3283 2798
f 3285 3284 2798
f 3285 2800 3286
f 2798 2800 3285
f 2868 3307 3291
f 3307 2868 2802
f 3282 3281 3265
f 3267 3282 3265
f 2798 3282 3267
f 2798 3283 3282
f 3274 2798 3267
f 3180 3181 2870
f 3181 3182 2870
f 2870 3179 3180
f 3179 2870 2871
f 3178 3179 2871
f 3167 3168 2872
f 2872 3164 3167
f 2873 3163 3164
f 2872 2873 3164
f 3163 2873 3162
f 2871 3159 3158
f 2871 3158 3166
f 2871 3168 3159
f 3166 3178 2871
f 2872 3168 2871
f 2876 3182 3183
f 2876 2870 3182
f 2876 3183 3184
f 3184 3415 2876
f 2877 2876 3415
f 2877 3415 3414
f 3416 2877 3414
f 3418 2877 3416
f 2922 3165 3161
f 3157 3165 2922
f 3160 2922 3161
f 2922 3156 3157
f 2923 3153 3154
f 2923 3154 3155
f 3155 3156 2922
f 2923 3155 2922
f 3160 3162 2873
f 3160 2873 2922
f 2318 2319 2320
f 2318 2320 2321
f 2318 2321 2322
f 2323 2318 2322
f 2318 2323 2324
f 2319 2318 2324
f 2330 2331 2332
f 2330 2332 2333
f 2330 2334 2335
f 2330 2335 2331
f 2330 2333 2336
f 2330 2336 2337
f 2330 2337 2338
f 2330 2338 2334
f 2345 2346 2347
f 2345 2347 2348
f 2345 2348 2349
f 2345 2349 2350
f 2345 2350 2351
f 2345 2351 2346
f 2352 2353 2354
f 2355 2352 2354
f 2352 2356 2353
f 2357 2352 2355
f 2352 2357 2358
f 2356 2352 2358
f 2359 2360 2361
f 2359 2361 2362
f 2359 2362 2363
f 2364 2359 2363
f 2359 2365 2360
f 2359 2366 2365
f 2366 2359 2364
f 2367 2368 2369
f 2367 2370 2371
f 2367 2371 2368
f 2367 2372 2370
f 2367 2369 2373
f 2367 2373 2372
f 2374 2375 2376
f 2374 2377 2378
f 2374 2379 2377
f 2374 2378 2375
f 2374 2380 2381
f 2374 2382 2380
f 2374 2376 2382
f 2374 2381 2379
f 2383 2384 2385
f 2386 2387 2388
f 2389 2386 2388
f 2389 2390 2386
f 2390 2391 2386
f 2386 2392 2387
f 2392 2386 2391
f 2393 2395 2396
f 2397 2393 2396
f 2393 2397 2394
f 2400 2402 2403
f 2400 2403 2401
f 2404 2407 2405
f 2408 2409 2410
f 2408 2411 2412
f 2408 2412 2413
f 2408 2413 2409
f 2408 2410 2414
f 2408 2415 2411
f 2408 2416 2415
f 2408 2414 2416
f 2417 2418 2419
f 2417 2419 2420
f 2417 2420 2421
f 2417 2421 2422
f 2417 2422 2423
f 2417 2423 2418
f 2424 2425 2426
f 2427 2425 2424
f 2427 2428 2425
f 2428 2429 2425
f 2426 2425 2419
f 2425 2429 2419
f 2430 2431 2432
f 2433 2430 2432
f 2433 2434 2430
f 2434 2346 2430
f 2435 2436 2437
f 2435 2437 2438
f 2435 2438 2439
f 2435 2440 2436
f 2435 2439 2441
f 2435 2441 2440
f 2442 2443 2444
f 2389 2442 2444
f 2445 2446 2447
f 2448 2446 2445
f 2448 2449 2446
f 2445 2447 2450
f 2448 2445 2451
f 2445 2452 2451
f 2445 2450 2452
f 2453 2454 2431
f 2453 2431 2455
f 2453 2456 2454
f 2457 2453 2455
f 2453 2458 2456
f 2458 2453 2457
f 2459 2460 2461
f 2459 2462 2460
f 2459 2463 2464
f 2459 2465 2463
f 2459 2461 2465
f 2459 2464 2462
f 2466 2467 2468
f 2466 2468 2469
f 2469 2468 2470
f 2468 2471 2470
f 2471 2468 2472
f 2468 2467 2472
f 2473 2474 2475
f 2473 2476 2474
f 2473 2477 2478
f 2473 2479 2477
f 2473 2475 2479
f 2473 2478 2476
f 2480 2481 2482
f 2480 2482 2483
f 2482 2484 2483
f 2472 2482 2485
f 2485 2482 2481
f 2484 2482 2472
f 2487 2463 2488
f 2487 2489 2463
f 2487 2490 2489
f 2487 2491 2490
f 2487 2492 2491
f 2487 2488 2492
f 2493 2494 2495
f 2493 2496 2494
f 2493 2497 2496
f 2493 2498 2499
f 2493 2495 2498
f 2493 2499 2497
f 2500 2501 2502
f 2501 2498 2502
f 2501 2503 2498
f 2503 2501 2504
f 2504 2501 2505
f 2505 2501 2500
f 2506 2508 2507
f 2510 2511 2512
f 2510 2513 2511
f 2510 2512 2514
f 2515 2517 2516
f 2518 2517 2515
f 2521 2522 2523
f 2524 2523 2525
f 2523 2384 2525
f 2523 2522 2384
f 2521 2523 2526
f 2526 2523 2524
f 2527 2528 2529
f 2527 2530 2528
f 2527 2531 2530
f 2527 2532 2533
f 2527 2529 2532
f 2527 2533 2531
f 2534 2535 2536
f 2534 2537 2535
f 2534 2538 2537
f 2534 2539 2538
f 2534 2540 2539
f 2534 2541 2540
f 2534 2536 2541
f 2552 2553 2554
f 2552 2554 2555
f 2552 2555 2556
f 2552 2556 2557
f 2558 2552 2557
f 2552 2558 2553
f 2559 2560 2561
f 2562 2561 2563
f 2561 2564 2563
f 2564 2561 2560
f 2559 2561 2469
f 2469 2561 2562
f 2565 2566 2567
f 2565 2568 2569
f 2565 2569 2570
f 2565 2570 2566
f 2567 2571 2565
f 2565 2571 2572
f 2565 2572 2568
f 2573 2574 2575
f 2573 2575 2576
f 2573 2576 2577
f 2573 2578 2574
f 2573 2577 2579
f 2573 2579 2578
f 2580 2581 2582
f 2582 2581 2583
f 2583 2581 2584
f 2584 2581 2585
f 2585 2581 2535
f 2535 2581 2580
f 2321 2320 2587
f 2321 2587 2588
f 2589 2321 2588
f 2322 2321 2589
f 2322 2590 2323
f 2322 2589 2591
f 2322 2591 2590
f 2319 2592 2320
f 2593 2323 2590
f 2320 2592 2594
f 2320 2594 2587
f 2589 2588 2595
f 2589 2595 2596
f 2591 2589 2596
f 2588 2587 2597
f 2598 2588 2597
f 2595 2588 2598
f 2599 2587 2594
f 2597 2587 2599
f 2590 2600 2593
f 2590 2438 2600
f 2590 2591 2438
f 2438 2591 2439
f 2439 2591 2596
f 2594 2592 2601
f 2593 2600 2602
f 2594 2601 2603
f 2594 2603 2599
f 2601 2605 2603
f 2604 2606 2607
f 2604 2607 2605
f 2605 2607 2608
f 2605 2608 2603
f 2606 2609 2610
f 2606 2610 2607
f 2607 2610 2611
f 2607 2611 2608
f 2354 2608 2611
f 2612 2608 2354
f 2603 2608 2612
f 2603 2612 2599
f 2326 2325 2613
f 2325 2614 2615
f 2325 2615 2613
f 2613 2616 2326
f 2617 2326 2616
f 2326 2617 2327
f 2328 2327 2618
f 2328 2618 2609
f 2327 2617 2575
f 2327 2575 2618
f 2620 2614 2619
f 2615 2614 2620
f 2616 2621 2617
f 2576 2617 2621
f 2617 2576 2575
f 2575 2574 2618
f 2618 2574 2622
f 2609 2618 2622
f 2609 2622 2610
f 2337 2336 2628
f 2337 2629 2338
f 2337 2630 2629
f 2337 2628 2630
f 2333 2332 2631
f 2336 2333 2631
f 2335 2334 2632
f 2632 2338 2633
f 2632 2334 2338
f 2634 2332 2331
f 2635 2332 2634
f 2631 2332 2635
f 2636 2335 2637
f 2335 2636 2331
f 2637 2335 2632
f 2331 2638 2634
f 2331 2636 2638
f 2338 2629 2633
f 2336 2631 2639
f 2336 2639 2640
f 2628 2336 2640
f 2629 2641 2633
f 2629 2630 2378
f 2629 2642 2641
f 2629 2377 2642
f 2629 2378 2377
f 2378 2628 2375
f 2628 2378 2630
f 2375 2628 2640
f 2643 2631 2635
f 2631 2643 2644
f 2631 2644 2639
f 2640 2639 2644
f 2632 2362 2637
f 2632 2363 2362
f 2632 2364 2363
f 2632 2633 2364
f 2364 2633 2645
f 2633 2641 2645
f 2634 2646 2635
f 2635 2646 2647
f 2635 2647 2643
f 2579 2634 2638
f 2646 2634 2579
f 2637 2648 2649
f 2637 2649 2636
f 2637 2362 2648
f 2650 2636 2649
f 2638 2636 2650
f 2638 2650 2578
f 2638 2578 2579
f 2641 2642 2645
f 2645 2642 2651
f 2640 2644 2652
f 2640 2652 2653
f 2640 2654 2375
f 2640 2653 2654
f 2620 2619 2655
f 2350 2349 2677
f 2350 2677 2678
f 2350 2679 2351
f 2350 2678 2679
f 2349 2348 2680
f 2349 2680 2681
f 2349 2681 2677
f 2348 2347 2682
f 2683 2348 2682
f 2680 2348 2683
f 2346 2434 2347
f 2598 2347 2434
f 2347 2598 2682
f 2351 2455 2346
f 2351 2679 2457
f 2351 2457 2455
f 2679 2678 2684
f 2679 2685 2457
f 2679 2686 2685
f 2686 2679 2684
f 2687 2677 2688
f 2678 2677 2687
f 2687 2688 2689
f 2678 2687 2689
f 2684 2678 2689
f 2677 2681 2690
f 2688 2677 2690
f 2680 2356 2691
f 2681 2680 2691
f 2680 2683 2356
f 2681 2691 2360
f 2690 2681 2360
f 2690 2360 2688
f 2430 2455 2431
f 2430 2346 2455
f 2682 2692 2683
f 2682 2598 2597
f 2682 2597 2692
f 2683 2353 2356
f 2353 2683 2692
f 2434 2433 2595
f 2434 2595 2598
f 2457 2685 2693
f 2457 2693 2458
f 2361 2691 2358
f 2361 2358 2648
f 2361 2648 2362
f 2691 2361 2360
f 2691 2356 2358
f 2358 2357 2648
f 2360 2365 2688
f 2649 2648 2357
f 2357 2694 2649
f 2694 2357 2355
f 2612 2353 2692
f 2354 2353 2612
f 2355 2354 2611
f 2355 2611 2695
f 2355 2695 2694
f 2366 2364 2696
f 2366 2696 2365
f 2649 2694 2650
f 2697 2694 2695
f 2650 2694 2697
f 2692 2597 2599
f 2692 2599 2612
f 2611 2610 2695
f 2695 2622 2697
f 2622 2695 2610
f 2688 2365 2698
f 2365 2699 2698
f 2699 2365 2696
f 2364 2645 2696
f 2688 2698 2689
f 2689 2698 2700
f 2700 2698 2701
f 2698 2699 2701
f 2699 2696 2701
f 2696 2645 2651
f 2696 2702 2701
f 2696 2651 2702
f 2370 2703 2704
f 2370 2705 2703
f 2372 2705 2370
f 2705 2706 2703
f 2706 2705 2372
f 2372 2707 2706
f 2372 2708 2707
f 2372 2373 2708
f 2373 2369 2709
f 2373 2710 2708
f 2373 2709 2710
f 2711 2369 2700
f 2369 2368 2712
f 2700 2369 2712
f 2369 2711 2709
f 2371 2370 2704
f 2712 2689 2700
f 2712 2368 2689
f 2684 2368 2371
f 2689 2368 2684
f 2371 2713 2685
f 2371 2685 2686
f 2371 2686 2684
f 2371 2704 2713
f 2703 2706 2714
f 2706 2715 2714
f 2706 2707 2715
f 2707 2716 2715
f 2707 2717 2716
f 2707 2708 2717
f 2718 2708 2710
f 2717 2708 2718
f 2710 2522 2521
f 2710 2709 2522
f 2710 2521 2718
f 2522 2709 2385
f 2385 2709 2711
f 2711 2700 2385
f 2385 2700 2701
f 2704 2447 2713
f 2704 2703 2447
f 2685 2713 2693
f 2713 2719 2693
f 2713 2447 2719
f 2703 2450 2447
f 2703 2714 2450
f 2720 2721 2381
f 2379 2381 2721
f 2720 2381 2722
f 2722 2381 2380
f 2380 2583 2722
f 2380 2723 2583
f 2380 2382 2723
f 2382 2724 2725
f 2382 2376 2724
f 2382 2725 2723
f 2376 2375 2724
f 2642 2377 2721
f 2379 2721 2377
f 2375 2654 2724
f 2720 2726 2721
f 2720 2727 2726
f 2720 2728 2525
f 2720 2722 2728
f 2720 2525 2727
f 2722 2584 2728
f 2584 2722 2583
f 2721 2726 2651
f 2721 2651 2642
f 2725 2729 2723
f 2723 2582 2583
f 2723 2729 2582
f 2730 2725 2731
f 2731 2725 2724
f 2729 2725 2730
f 2731 2724 2653
f 2724 2654 2653
f 2727 2384 2726
f 2384 2383 2726
f 2385 2384 2522
f 2384 2727 2525
f 2726 2383 2651
f 2383 2385 2701
f 2383 2701 2702
f 2651 2383 2702
f 2525 2728 2524
f 2521 2732 2718
f 2521 2526 2732
f 2526 2524 2733
f 2732 2526 2734
f 2526 2733 2734
f 2524 2735 2733
f 2524 2728 2735
f 2728 2584 2735
f 2647 2646 2736
f 2577 2736 2646
f 2736 2577 2737
f 2621 2737 2576
f 2737 2577 2576
f 2730 2738 2729
f 2738 2739 2740
f 2738 2740 2729
f 2389 2444 2743
f 2389 2743 2390
f 2389 2388 2442
f 2390 2743 2744
f 2390 2744 2745
f 2390 2745 2391
f 2391 2745 2746
f 2391 2746 2747
f 2391 2747 2392
f 2392 2748 2387
f 2392 2749 2748
f 2749 2392 2747
f 2743 2444 2750
f 2751 2743 2750
f 2744 2743 2751
f 2444 2443 2752
f 2750 2444 2752
f 2744 2751 2753
f 2745 2744 2754
f 2745 2754 2755
f 2746 2745 2755
f 2754 2744 2753
f 2747 2746 2756
f 2747 2756 2757
f 2747 2757 2749
f 2746 2755 2758
f 2746 2758 2756
f 2748 2749 2759
f 2749 2760 2759
f 2760 2749 2757
f 2396 2395 2761
f 2396 2761 2762
f 2396 2762 2763
f 2396 2763 2397
f 2397 2764 2394
f 2397 2763 2765
f 2397 2765 2764
f 2395 2766 2767
f 2395 2767 2761
f 2763 2768 2769
f 2765 2763 2769
f 2762 2427 2768
f 2763 2762 2768
f 2761 2767 2770
f 2761 2770 2771
f 2761 2771 2762
f 2427 2762 2771
f 2394 2764 2772
f 2765 2769 2556
f 2555 2765 2556
f 2765 2555 2764
f 2766 2773 2767
f 2772 2764 2774
f 2764 2555 2774
f 2772 2774 2775
f 2767 2773 2776
f 2767 2776 2770
f 2398 2602 2777
f 2778 2398 2777
f 2398 2778 2399
f 2776 2399 2778
f 2399 2776 2773
f 2778 2777 2779
f 2780 2778 2779
f 2778 2780 2776
f 2777 2602 2600
f 2777 2600 2437
f 2779 2777 2437
f 2770 2776 2780
f 2783 2782 2784
f 2783 2784 2786
f 2783 2786 2787
f 2788 2401 2403
f 2403 2402 2789
f 2790 2403 2789
f 2403 2790 2788
f 2402 2775 2791
f 2789 2402 2791
f 2788 2787 2401
f 2401 2787 2786
f 2791 2775 2774
f 2791 2774 2554
f 2791 2554 2792
f 2791 2792 2789
f 2789 2792 2793
f 2789 2793 2790
f 2407 2794 2405
f 2407 2795 2794
f 2797 2794 2798
f 2794 2795 2799
f 2798 2794 2799
f 2799 2795 2800
f 2799 2800 2798
f 2800 2795 2796
f 2801 2803 2785
f 2415 2416 2804
f 2416 2414 2804
f 2410 2805 2806
f 2410 2409 2805
f 2410 2806 2807
f 2410 2807 2414
f 2411 2567 2412
f 2567 2411 2415
f 2409 2808 2805
f 2409 2413 2809
f 2409 2809 2810
f 2409 2810 2808
f 2413 2412 2809
f 2811 2412 2566
f 2412 2811 2809
f 2412 2567 2566
f 2415 2812 2567
f 2415 2813 2812
f 2415 2814 2813
f 2415 2804 2814
f 2414 2807 2815
f 2414 2816 2804
f 2414 2815 2816
f 2814 2817 2813
f 2814 2804 2817
f 2817 2804 2818
f 2818 2804 2819
f 2804 2816 2819
f 2819 2816 2815
f 2806 2805 2820
f 2807 2806 2820
f 2821 2807 2820
f 2815 2807 2822
f 2807 2821 2822
f 2823 2805 2824
f 2824 2805 2808
f 2820 2805 2823
f 2567 2812 2571
f 2812 2813 2571
f 2808 2825 2824
f 2808 2810 2826
f 2808 2826 2827
f 2808 2827 2825
f 2810 2809 2826
f 2828 2809 2811
f 2809 2828 2826
f 2566 2570 2829
f 2566 2829 2830
f 2566 2830 2811
f 2830 2829 2831
f 2811 2830 2831
f 2811 2831 2832
f 2811 2832 2828
f 2571 2813 2833
f 2833 2813 2834
f 2834 2813 2817
f 2819 2815 2835
f 2815 2836 2835
f 2815 2822 2836
f 2421 2420 2837
f 2421 2837 2838
f 2421 2838 2839
f 2421 2839 2422
f 2423 2758 2755
f 2418 2423 2755
f 2423 2840 2758
f 2840 2423 2422
f 2420 2419 2429
f 2841 2420 2429
f 2837 2420 2841
f 2419 2418 2426
f 2837 2842 2843
f 2837 2843 2838
f 2837 2841 2842
f 2422 2839 2828
f 2422 2828 2840
f 2839 2838 2844
f 2839 2844 2826
f 2839 2826 2828
f 2845 2838 2843
f 2838 2845 2844
f 2840 2831 2758
f 2840 2832 2831
f 2832 2840 2828
f 2418 2754 2426
f 2418 2755 2754
f 2429 2846 2841
f 2846 2429 2428
f 2841 2847 2842
f 2847 2841 2846
f 2753 2426 2754
f 2426 2753 2424
f 2756 2758 2831
f 2848 2424 2753
f 2768 2424 2848
f 2768 2427 2424
f 2427 2771 2428
f 2428 2771 2849
f 2428 2849 2846
f 2768 2848 2769
f 2753 2751 2848
f 2771 2770 2849
f 2849 2780 2850
f 2849 2850 2846
f 2780 2849 2770
f 2846 2850 2847
f 2769 2848 2851
f 2848 2751 2851
f 2432 2852 2853
f 2433 2432 2853
f 2432 2854 2852
f 2432 2431 2854
f 2433 2853 2596
f 2595 2433 2596
f 2431 2454 2854
f 2853 2441 2439
f 2853 2852 2441
f 2853 2439 2596
f 2852 2854 2855
f 2854 2454 2856
f 2855 2854 2856
f 2852 2857 2441
f 2852 2855 2857
f 2454 2858 2856
f 2454 2456 2858
f 2441 2857 2440
f 2440 2847 2436
f 2847 2440 2842
f 2842 2440 2857
f 2438 2437 2600
f 2436 2779 2437
f 2436 2850 2779
f 2436 2847 2850
f 2842 2857 2843
f 2843 2857 2855
f 2850 2780 2779
f 2752 2443 2859
f 2859 2558 2752
f 2558 2859 2860
f 2752 2557 2750
f 2557 2752 2558
f 2750 2851 2751
f 2851 2750 2557
f 2862 2759 2863
f 2862 2863 2861
f 2451 2452 2564
f 2564 2452 2450
f 2447 2446 2719
f 2448 2820 2449
f 2820 2448 2451
f 2719 2446 2693
f 2864 2446 2449
f 2446 2864 2865
f 2693 2446 2865
f 2449 2823 2824
f 2449 2824 2864
f 2449 2820 2823
f 2451 2821 2820
f 2451 2560 2822
f 2451 2564 2560
f 2451 2822 2821
f 2450 2563 2564
f 2450 2714 2563
f 2693 2865 2456
f 2693 2456 2458
f 2864 2456 2865
f 2864 2858 2456
f 2864 2824 2858
f 2824 2825 2858
f 2836 2822 2560
f 2560 2559 2836
f 2714 2866 2563
f 2563 2866 2562
f 2714 2715 2866
f 2856 2845 2855
f 2856 2858 2825
f 2856 2825 2845
f 2867 2793 2792
f 2867 2792 2553
f 2867 2553 2860
f 2860 2553 2558
f 2800 2796 2868
f 2868 2796 2869
f 2868 2869 2802
f 2872 2871 2464
f 2872 2489 2873
f 2872 2464 2489
f 2871 2870 2462
f 2871 2462 2464
f 2874 2870 2875
f 2875 2870 2876
f 2870 2874 2462
f 2876 2877 2875
f 2489 2464 2463
f 2463 2465 2488
f 2878 2465 2879
f 2465 2461 2879
f 2488 2465 2878
f 2879 2461 2880
f 2881 2461 2460
f 2880 2461 2881
f 2460 2462 2874
f 2460 2882 2881
f 2460 2875 2882
f 2460 2874 2875
f 2489 2490 2873
f 2488 2878 2883
f 2488 2883 2492
f 2878 2879 2478
f 2878 2884 2883
f 2878 2478 2884
f 2879 2476 2478
f 2879 2880 2476
f 2880 2885 2476
f 2885 2880 2834
f 2880 2881 2834
f 2881 2882 2886
f 2834 2881 2886
f 2886 2833 2834
f 2886 2882 2833
f 2882 2875 2887
f 2882 2887 2888
f 2833 2882 2888
f 2875 2877 2887
f 2470 2471 2889
f 2889 2471 2890
f 2890 2471 2485
f 2485 2471 2472
f 2472 2467 2484
f 2484 2467 2891
f 2891 2467 2892
f 2892 2467 2466
f 2892 2466 2893
f 2893 2466 2562
f 2562 2466 2469
f 2470 2559 2469
f 2470 2894 2559
f 2470 2889 2894
f 2890 2895 2889
f 2890 2485 2896
f 2890 2897 2895
f 2897 2890 2896
f 2485 2481 2896
f 2895 2898 2889
f 2894 2889 2898
f 2484 2899 2483
f 2484 2891 2899
f 2891 2533 2900
f 2533 2891 2892
f 2891 2900 2899
f 2892 2893 2531
f 2892 2531 2533
f 2531 2893 2901
f 2866 2893 2562
f 2901 2893 2866
f 2559 2894 2836
f 2898 2835 2894
f 2836 2894 2835
f 2902 2903 2904
f 2904 2903 2477
f 2477 2903 2884
f 2884 2903 2905
f 2905 2903 2906
f 2906 2903 2902
f 2904 2479 2897
f 2904 2477 2479
f 2904 2907 2902
f 2904 2897 2907
f 2477 2884 2478
f 2884 2905 2883
f 2905 2906 2908
f 2883 2905 2909
f 2909 2905 2908
f 2910 2906 2902
f 2906 2508 2908
f 2906 2910 2508
f 2902 2907 2911
f 2902 2911 2910
f 2911 2907 2912
f 2912 2907 2896
f 2896 2907 2897
f 2895 2897 2479
f 2895 2479 2475
f 2883 2909 2492
f 2492 2909 2913
f 2913 2909 2914
f 2909 2908 2914
f 2914 2908 2915
f 2915 2908 2508
f 2508 2910 2507
f 2508 2506 2915
f 2507 2910 2916
f 2916 2910 2911
f 2911 2912 2917
f 2911 2917 2916
f 2895 2475 2898
f 2475 2474 2918
f 2898 2475 2918
f 2474 2476 2885
f 2474 2818 2918
f 2474 2885 2818
f 2898 2918 2835
f 2819 2918 2818
f 2835 2918 2819
f 2817 2885 2834
f 2818 2885 2817
f 2481 2919 2912
f 2481 2480 2919
f 2481 2912 2896
f 2919 2480 2486
f 2483 2899 2920
f 2917 2912 2919
f 2921 2920 2899
f 2899 2900 2921
f 2924 2922 2490
f 2922 2873 2490
f 2923 2922 2924
f 2490 2491 2924
f 2491 2492 2913
f 2924 2491 2496
f 2496 2491 2913
f 2924 2497 2923
f 2924 2496 2497
f 2494 2496 2913
f 2913 2914 2494
f 2499 2925 2497
f 2499 2498 2503
f 2502 2498 2495
f 2495 2494 2926
f 2494 2914 2926
f 2497 2925 2923
f 2499 2503 2927
f 2499 2927 2925
f 2503 2504 2928
f 2503 2928 2927
f 2495 2929 2502
f 2495 2926 2929
f 2500 2502 2930
f 2502 2929 2930
f 2509 2929 2926
f 2509 2926 2915
f 2915 2926 2914
f 2504 2931 2932
f 2504 2505 2931
f 2504 2932 2928
f 2505 2933 2931
f 2932 2931 2934
f 2931 2935 2934
f 2931 2933 2935
f 2933 2936 2935
f 2915 2506 2509
f 2937 2938 2940
f 2938 2551 2940
f 2938 2550 2551
f 2511 2941 2942
f 2941 2511 2549
f 2511 2513 2549
f 2512 2511 2942
f 2943 2514 2512
f 2514 2945 2944
f 2514 2943 2945
f 2512 2942 2946
f 2512 2946 2943
f 2549 2939 2941
f 2549 2550 2939
f 2941 2519 2942
f 2943 2947 2945
f 2943 2948 2947
f 2943 2946 2948
f 2944 2945 2949
f 2950 2945 2947
f 2949 2945 2950
f 2946 2951 2952
f 2946 2942 2951
f 2946 2952 2948
f 2942 2519 2951
f 2951 2955 2952
f 2956 2959 2958
f 2958 2949 2950
f 2958 2959 2949
f 2961 2520 2963
f 2961 2964 2520
f 2961 2962 2964
f 2962 2935 2964
f 2962 2934 2935
f 2964 2935 2936
f 2718 2966 2717
f 2718 2732 2966
f 2732 2967 2966
f 2734 2967 2732
f 2734 2968 2967
f 2734 2969 2968
f 2734 2733 2969
f 2970 2733 2735
f 2969 2733 2970
f 2735 2585 2970
f 2585 2735 2584
f 2866 2715 2901
f 2715 2716 2901
f 2716 2717 2971
f 2717 2966 2971
f 2901 2716 2530
f 2530 2716 2971
f 2533 2532 2900
f 2532 2972 2900
f 2532 2973 2972
f 2973 2532 2529
f 2529 2528 2974
f 2528 2975 2974
f 2975 2528 2971
f 2971 2528 2530
f 2901 2530 2531
f 2900 2972 2921
f 2529 2976 2973
f 2529 2974 2976
f 2976 2974 2542
f 2974 2977 2542
f 2974 2975 2977
f 2977 2975 2967
f 2975 2966 2967
f 2975 2971 2966
f 2978 2538 2539
f 2538 2980 2537
f 2538 2979 2980
f 2981 2541 2982
f 2982 2541 2536
f 2982 2536 2983
f 2983 2536 2580
f 2580 2536 2535
f 2585 2535 2537
f 2970 2537 2980
f 2585 2537 2970
f 2969 2980 2984
f 2980 2979 2984
f 2970 2980 2969
f 2547 2548 2985
f 2981 2982 2985
f 2547 2985 2986
f 2986 2985 2987
f 2987 2985 2982
f 2982 2988 2987
f 2982 2983 2988
f 2987 2988 2986
f 2983 2739 2988
f 2983 2740 2739
f 2983 2580 2740
f 2580 2582 2740
f 2979 2544 2984
f 2542 2977 2543
f 2544 2543 2984
f 2984 2543 2968
f 2543 2977 2968
f 2984 2968 2969
f 2968 2977 2967
f 2557 2556 2851
f 2555 2554 2774
f 2792 2554 2553
f 2556 2769 2851
f 2572 2571 2833
f 2568 2992 2569
f 2568 2572 2992
f 2570 2569 2829
f 2757 2569 2863
f 2569 2757 2829
f 2569 2992 2863
f 2833 2888 2572
f 2572 2993 2992
f 2572 2887 2993
f 2572 2888 2887
f 2863 2992 2861
f 2861 2992 2994
f 2992 2993 2994
f 2993 2887 2994
f 2756 2829 2757
f 2831 2829 2756
f 2863 2759 2760
f 2863 2760 2757
f 2994 2887 2877
f 2574 2578 2697
f 2622 2574 2697
f 2579 2577 2646
f 2697 2578 2650
f 2582 2729 2740
f 2827 2826 2844
f 2825 2827 2844
f 2825 2844 2845
f 2845 2843 2855
f 3245 3247 3246
f 3250 3252 3251
f 2341 3194 3195
f 3194 2341 2340
f 3195 3193 2341
f 2657 2341 3193
f 3196 3198 2661
f 3198 3203 2661
f 3203 2339 2661
f 2339 3203 3202
f 2340 2339 3202
f 3197 3196 2661
f 3200 2340 3201
f 2340 3202 3201
f 2340 3191 3190
f 3200 3191 2340
f 2340 3190 3194
f 3193 3192 2657
f 3192 3205 2657
f 3205 3204 2657
f 3258 3259 2624
f 2627 3256 3257
f 3258 2624 3257
f 2624 2627 3257
f 3259 3320 2624
f 2624 3320 3321
f 3213 2656 3212
f 3210 3211 2657
f 2656 2657 3211
f 3212 2656 3211
f 3213 3214 2656
f 3215 3216 2656
f 3215 2656 3214
f 3217 3218 2658
f 3217 2658 2656
f 3216 3217 2656
f 3210 2657 3209
f 3219 2658 3218
f 3219 3220 2658
f 2658 3220 3221
f 3221 2662 2658
f 2662 3221 3222
f 3230 3231 2663
f 3235 2664 3234
f 2664 3233 3234
f 2663 3231 3232
f 2664 2663 3232
f 3233 2664 3232
f 2665 3238 3239
f 3237 3238 2665
f 2664 3235 3236
f 2665 3236 3237
f 2665 2664 3236
f 3230 2663 3229
f 2667 3227 3228
f 3229 2663 3228
f 2663 2667 3228
f 3227 2667 3226
f 2667 3225 3226
f 3224 3225 2667
f 2662 3224 2667
f 3223 3224 2662
f 3223 2662 3222
f 2741 3251 3252
f 2741 3252 3253
f 3255 3256 2627
f 3253 3254 2741
f 3254 3255 2627
f 2741 3254 2627
f 3249 3250 2741
f 3250 3251 2741
f 3248 2676 3247
f 3249 2741 3248
f 3248 2741 2676
f 3246 3247 2676
f 3245 3246 2676
f 3244 3245 2673
f 2676 2673 3245
f 3242 3243 2673
f 3243 3244 2673
f 2673 3241 3242
f 3240 3241 2673
f 3240 2665 3239
f 3240 2673 2665
f 2657 3208 3209
f 3206 3208 3204
f 3208 2657 3204
f 2623 2329 2586
f 2586 2625 2626
f 2586 2626 2623
f 2623 2626 2627
f 2623 2627 2624
f 2342 2341 2656
f 2341 2657 2656
f 2656 2658 2342
f 2342 2658 2659
f 2342 2659 2343
f 2658 2662 2659
f 2659 2662 2660
f 2664 2666 2663
f 2664 2665 2668
f 2666 2664 2668
f 2663 2669 2667
f 2663 2666 2669
f 2667 2669 2670
f 2667 2670 2662
f 2670 2660 2662
f 2670 2669 2660
f 2668 2665 2672
f 2672 2665 2673
f 2672 2673 2674
f 2672 2674 2344
f 2344 2674 2671
f 2674 2675 2671
f 2671 2675 2625
f 2674 2673 2676
f 2674 2676 2675
f 2741 2627 2626
f 2741 2675 2676
f 2675 2741 2626
f 2626 2625 2675
f 3453 3981 3982
f 3453 3982 3983
f 3453 3983 3984
f 3454 3984 3985
f 3454 3453 3984
f 3985 3986 3454
f 3455 3996 3997
f 3456 3996 3455
f 3995 3996 3456
f 3455 3997 3998
f 3995 3993 3994
f 3993 3456 3992
f 3995 3456 3993
f 3875 3878 3457
f 3878 3882 3457
f 3879 3882 3878
f 3882 3798 3457
f 3798 3797 3457
f 3797 3799 3457
f 3458 3799 3800
f 3457 3799 3458
f 3458 3800 3805
f 4312 4311 4313
f 4311 3460 4313
f 3459 3460 4311
f 4313 4305 4306
f 4305 4313 3461
f 3460 3461 4313
f 3483 4395 4388
f 4387 3483 4388
f 3483 4393 4395
f 4393 3483 4394
f 4381 3484 4382
f 3483 3484 4381
f 3483 4381 4394
f 4386 4385 3486
f 4386 3486 4387
f 3486 3483 4387
f 4152 3562 4153
f 4153 3562 4160
f 4160 3562 3563
f 4160 4158 4157
f 3563 4158 4160
f 3564 4142 4141
f 3564 4140 4139
f 3564 4141 4140
f 4046 4045 3572
f 4047 4046 3572
f 4045 4088 3572
f 4047 3573 4048
f 4047 3572 3573
f 4055 4054 3574
f 4049 4048 3573
f 4051 4049 3573
f 4054 4051 3573
f 3574 4054 3573
f 3978 3453 3979
f 3453 3980 3979
f 3978 3981 3453
f 3580 3977 3980
f 3580 3976 3977
f 3453 3580 3980
f 3986 3987 3454
f 3583 3454 3987
f 3988 3583 3987
f 3989 3990 3991
f 3989 3583 3988
f 3989 3991 3583
f 3584 3973 3974
f 3975 3584 3974
f 3975 3976 3580
f 3584 3975 3580
f 3991 3992 3583
f 3992 3456 3583
f 4001 3590 4002
f 3590 4006 4002
f 3590 3455 4006
f 4007 3455 4000
f 3455 4007 4006
f 4000 3455 3999
f 3999 3455 3998
f 4001 4003 3590
f 4004 3592 4003
f 3592 3590 4003
f 4004 4005 3592
f 4005 4008 3592
f 3593 3592 4008
f 3593 4191 4190
f 4198 3593 4197
f 4200 3593 4198
f 4206 3593 4200
f 4210 3593 4206
f 4197 3593 4190
f 4008 4191 3593
f 4243 3594 4244
f 4243 4255 3594
f 3594 4255 4256
f 3594 4256 4257
f 4258 3595 4257
f 3595 3594 4257
f 4263 3595 4258
f 3595 4263 4264
f 3596 4264 4266
f 3596 3595 4264
f 3596 4266 4265
f 3596 4265 4273
f 4277 4273 4274
f 3596 4273 4277
f 4208 4210 4209
f 4210 4208 3593
f 4204 4208 4205
f 4205 4208 4207
f 4204 3593 4208
f 4207 4212 4211
f 4212 4214 4213
f 4212 4213 4211
f 4216 4214 4212
f 4207 4211 4205
f 3875 3457 3876
f 3846 3845 3876
f 3857 3846 3876
f 3857 3876 3457
f 3856 3597 3854
f 3845 3847 3877
f 3854 3597 3877
f 3854 3877 3847
f 3876 3845 3877
f 3597 3842 3841
f 3597 3855 3842
f 3597 3856 3855
f 3597 3872 3877
f 3597 3871 3872
f 3843 3869 3868
f 3843 3868 3841
f 3597 3868 3871
f 3597 3841 3868
f 3844 3858 3866
f 3866 3858 3852
f 3843 3866 3865
f 3843 3844 3866
f 3852 3851 3866
f 3866 3851 3870
f 3867 3869 3865
f 3865 3869 3843
f 3598 3965 3966
f 3598 3966 3967
f 3599 3967 3968
f 3599 3598 3967
f 3599 3968 3969
f 3970 3599 3969
f 3888 3889 3600
f 3890 3600 3889
f 3892 3598 3891
f 3600 3891 3598
f 3890 3891 3600
f 3892 3965 3598
f 3599 3970 3971
f 3972 3599 3971
f 3584 3599 3972
f 3584 3972 3973
f 3604 3818 3819
f 3604 3819 3887
f 3604 3887 3888
f 3600 3604 3888
f 3880 3881 3879
f 3881 3882 3879
f 3788 3787 3458
f 3824 3458 3787
f 3824 3457 3458
f 3784 3458 3785
f 3784 3788 3458
f 3458 3822 3785
f 3458 3606 3822
f 3806 3458 3805
f 3806 3608 3458
f 3806 3807 3608
f 3815 3608 3807
f 3883 3815 3814
f 3883 3608 3815
f 3817 3816 3608
f 3818 3608 3816
f 3817 3608 3883
f 3604 3608 3818
f 3886 3874 3885
f 3885 3874 3873
f 4327 4328 3459
f 4327 3459 4326
f 4326 3459 4307
f 3459 4308 4307
f 4308 3459 4311
f 4328 4398 4397
f 4328 4397 3611
f 4328 3611 3459
f 4300 3612 4299
f 4300 4301 3461
f 4301 4305 3461
f 3612 4300 3461
f 3611 4397 4396
f 3617 3611 4396
f 4390 4389 4396
f 4396 4389 3617
f 4389 4392 3617
f 4291 3620 4285
f 3620 4278 4285
f 4292 4293 4291
f 4293 4299 4291
f 4291 4299 3620
f 4299 3612 3620
f 4278 3620 4277
f 3596 4277 3620
f 4284 3463 4282
f 4282 3463 4280
f 4281 4280 3463
f 4283 4281 3463
f 4371 3465 4373
f 4371 3463 3465
f 4371 4283 3463
f 4373 3465 4374
f 3464 4284 4372
f 3464 4372 4429
f 3464 3463 4284
f 4374 3465 4375
f 4375 3465 4376
f 4376 3465 3625
f 4377 4376 3625
f 4378 4377 3625
f 4429 4428 3632
f 3464 4429 3632
f 4378 3625 4379
f 3625 4385 4380
f 4379 3625 4380
f 4385 3625 3486
f 3639 4425 4453
f 4425 3639 3632
f 4426 4425 3632
f 4427 4426 3632
f 4428 4427 3632
f 4383 3484 4384
f 3484 4391 4384
f 4383 4382 3484
f 4391 3617 4392
f 3617 4391 3484
f 4424 3681 4421
f 3681 4414 4413
f 4424 4414 3681
f 3663 4413 4412
f 3681 4413 3663
f 3663 4411 4415
f 3666 3663 4415
f 4411 3663 4412
f 4406 4405 3665
f 4406 3665 3666
f 3665 4405 4404
f 3682 3665 4404
f 4423 4422 3654
f 4423 3654 3655
f 4422 4421 3654
f 3654 4421 3681
f 4401 3507 4402
f 4402 3507 3682
f 4401 4400 3507
f 4400 3506 3507
f 4368 4362 3505
f 3505 4362 4361
f 4368 3505 3506
f 4361 4360 3505
f 3685 3505 4360
f 3689 4365 4364
f 3685 4365 3689
f 4353 4352 3688
f 4353 3689 4354
f 3688 3689 4353
f 4194 4193 3593
f 4193 3964 3593
f 3592 3963 3962
f 3964 3592 3593
f 3964 3963 3592
f 4451 4450 3639
f 4450 4449 3713
f 4450 3713 3639
f 4453 4452 3639
f 3639 4452 4451
f 4446 3713 4447
f 4446 3715 3713
f 4446 4445 3715
f 4445 4444 3715
f 3713 4448 4447
f 4449 4448 3713
f 3715 4444 4443
f 3716 4441 4439
f 4442 4441 3716
f 3715 4442 3716
f 3715 4443 4442
f 4439 4438 3716
f 4464 4463 3717
f 4464 3717 4440
f 3716 4438 4440
f 3717 3716 4440
f 3717 4463 4462
f 4528 3719 4527
f 4529 3719 4528
f 4530 3720 4529
f 4529 3720 3719
f 4524 3721 4523
f 3721 4525 4526
f 4524 4525 3721
f 4527 3719 4526
f 3721 4526 3719
f 4520 4521 3724
f 4522 3724 4521
f 3724 4522 4523
f 3721 3724 4523
f 3734 4497 4498
f 3735 3734 4498
f 4519 4520 3724
f 4519 3724 3735
f 4519 3735 4518
f 3735 4498 4518
f 4492 4493 3737
f 4493 4494 3737
f 4491 4492 3738
f 3737 3738 4492
f 4494 4495 3737
f 4495 3734 3737
f 4495 4496 3734
f 4496 4497 3734
f 4485 3738 4484
f 3738 4483 4484
f 4485 4486 3738
f 4487 4488 3738
f 3738 4486 4487
f 3738 4490 4491
f 3738 4488 4489
f 3738 4489 4490
f 3538 4558 4557
f 4558 3538 3540
f 3538 4557 4556
f 3538 4556 3739
f 3539 4565 4564
f 3740 4565 3539
f 4563 3539 4564
f 3539 4563 3540
f 4536 3722 4535
f 3722 4536 3741
f 3741 4545 4546
f 4547 3740 4546
f 3740 3741 4546
f 3741 4544 4545
f 4537 4544 3741
f 4537 3741 4536
f 4547 4548 3740
f 4553 4552 3554
f 3739 4553 3554
f 4511 3547 4512
f 3547 3743 4512
f 4510 3547 4511
f 4510 3546 3547
f 3545 4506 4505
f 3545 3546 4506
f 4505 4507 3545
f 4507 3684 3545
f 3746 4516 4515
f 3743 3746 4515
f 3552 4538 4543
f 3553 4538 3552
f 3553 4539 4538
f 4543 4517 3552
f 3554 4552 4554
f 3554 4554 3553
f 3746 4517 4516
f 3552 4517 3746
f 3752 4126 4127
f 4128 3752 4127
f 4129 3752 4128
f 4132 3752 4129
f 4133 3752 4132
f 4133 3750 3752
f 4133 4134 3750
f 4131 4130 4136
f 4136 4130 3750
f 3752 3750 4130
f 3754 4146 4148
f 4146 3754 3751
f 4154 3754 4150
f 4149 3754 4148
f 4150 3754 4149
f 4138 4137 3750
f 4137 4136 3750
f 4139 4138 3750
f 3564 4139 3750
f 3755 4114 4115
f 3755 4115 4116
f 3755 4116 4119
f 3752 4123 4126
f 4119 4120 3755
f 4120 4123 3752
f 3755 4120 3752
f 3752 4122 4121
f 3752 4124 4122
f 3755 3752 4121
f 4130 4125 3752
f 3752 4125 4124
f 3756 4163 4164
f 4166 3756 4164
f 3756 4166 4167
f 3757 3756 4167
f 4171 3757 4167
f 4195 3757 4179
f 3757 4171 4172
f 4173 3757 4172
f 3757 4177 4178
f 4177 3757 4173
f 3757 4178 4179
f 3756 4156 4161
f 3756 4161 4162
f 3754 4156 3756
f 4163 3756 4162
f 4154 4155 3754
f 4155 4156 3754
f 3760 4195 4196
f 4195 3760 3757
f 3760 4196 4472
f 3760 4472 4473
f 3760 4473 4474
f 4151 3562 4152
f 4151 3753 3562
f 4143 3753 4144
f 4151 4145 4144
f 4151 4144 3753
f 4159 4158 3563
f 4159 3563 4165
f 3563 4168 4165
f 4168 3761 4169
f 4168 3563 3761
f 4143 4142 3753
f 4142 3564 3753
f 3762 4175 4174
f 4176 3762 4174
f 3762 4180 4175
f 4176 4170 3761
f 3761 4170 4169
f 4176 3761 3762
f 4117 3755 4118
f 4118 3755 4121
f 4181 3762 4182
f 3762 3763 4182
f 3762 4181 4180
f 4183 4182 3763
f 4468 4192 3763
f 4468 3763 4469
f 4183 3763 4192
f 3763 3766 4469
f 3765 4476 4477
f 4475 4476 3765
f 3765 4477 4478
f 3765 3760 4475
f 4475 3760 4474
f 4482 4483 3738
f 3765 4482 3738
f 4480 3765 4479
f 4481 3765 4480
f 4482 3765 4481
f 3765 4478 4479
f 4470 4469 3766
f 4471 4470 3766
f 3766 4455 4454
f 4456 4455 3575
f 4455 3766 3575
f 4471 3766 4454
f 4465 3577 4466
f 3577 4459 4458
f 4465 4459 3577
f 4458 4457 3575
f 4457 4456 3575
f 4458 3575 3577
f 4015 4020 4019
f 4009 4018 4011
f 4016 4018 4009
f 4019 4018 4016
f 4015 4019 4016
f 4014 4021 4017
f 4020 4015 4017
f 4013 4021 4014
f 4020 4017 4021
f 4013 3767 4021
f 4021 3767 4022
f 4022 3767 4082
f 4081 3767 4074
f 4074 3767 4012
f 4013 4012 3767
f 3572 4088 4087
f 4087 4089 3768
f 3572 4087 3768
f 3768 4086 4085
f 3768 4089 4086
f 3768 4084 4083
f 3768 4085 4084
f 4069 3768 4068
f 3768 4069 4071
f 3769 3768 4071
f 4068 3767 4063
f 3767 4064 4063
f 3768 3767 4068
f 4081 4064 3767
f 4083 4082 3767
f 3768 4083 3767
f 4030 4029 4033
f 4033 4029 4028
f 4030 4034 4031
f 4032 4033 4027
f 4033 4034 4030
f 4034 4035 4031
f 4035 3771 4031
f 4026 4032 4027
f 4027 4033 4028
f 4035 4036 3771
f 3771 4036 3772
f 4037 3772 4036
f 3770 4067 4066
f 3771 3770 4066
f 3770 4075 4067
f 3773 4037 4038
f 4039 3773 4038
f 3773 3772 4037
f 4108 3774 4107
f 4108 4111 3774
f 4111 4113 3774
f 3774 4113 4114
f 3755 3774 4114
f 4103 3775 4098
f 4098 3775 4095
f 4105 3775 4103
f 3775 4094 4095
f 4107 3774 4106
f 3775 4105 4106
f 3775 4106 3774
f 4104 4102 3775
f 3774 4104 3775
f 4109 4104 3774
f 4102 4100 3775
f 3755 4117 4112
f 3774 3755 4112
f 4109 3774 4110
f 3774 4112 4110
f 4056 4057 3776
f 4057 4058 3776
f 4058 4059 3776
f 4059 4060 3776
f 4094 3775 4093
f 3776 4060 4093
f 3776 4093 3775
f 4099 3775 4100
f 3775 4099 3777
f 4040 4041 3773
f 4040 3773 4039
f 4041 3778 3773
f 4042 4043 3778
f 4042 3778 4041
f 4050 4052 3778
f 4044 4050 3778
f 4044 3778 4043
f 3776 4052 4053
f 3776 4053 4056
f 3776 3778 4052
f 3777 4096 4092
f 4091 3777 4092
f 4101 4097 3777
f 4097 4096 3777
f 4099 4101 3777
f 4090 4055 3574
f 3777 4090 3574
f 3777 4091 4090
f 4075 3770 4061
f 4078 4062 3770
f 3770 4062 4061
f 4078 3770 3769
f 4460 3717 4461
f 4462 4461 3717
f 4467 3577 4460
f 4460 3577 3717
f 4466 3577 4467
f 3825 3457 3826
f 3826 3457 3827
f 3828 3827 3457
f 3828 3457 3823
f 3823 3457 3824
f 3820 3857 3457
f 3821 3457 3825
f 3821 3820 3457
f 3851 3850 3870
f 3849 3870 3850
f 3870 3849 3863
f 3863 3849 3861
f 3860 3840 3839
f 3873 3839 3884
f 3864 3862 3861
f 3873 3884 3885
f 3848 3864 3849
f 3859 3853 3840
f 3873 3860 3839
f 3860 3859 3840
f 3853 3859 3864
f 3853 3864 3848
f 3849 3864 3861
f 3789 3790 3606
f 3606 3790 3822
f 3606 3782 3781
f 3786 3606 3781
f 3789 3606 3786
f 4011 4010 4009
f 3771 4024 4023
f 3771 4023 4025
f 4024 3771 4065
f 3771 4025 4031
f 4065 3771 4066
f 4076 3769 4077
f 3769 4080 4077
f 4078 3769 4076
f 3769 4079 4080
f 4073 4072 3769
f 3769 4072 4079
f 3769 4071 4070
f 3769 4070 4073
f 4416 4417 3666
f 4415 4416 3666
f 3666 4417 4408
f 3666 4408 4406
f 4410 4409 3682
f 4404 4407 3682
f 4410 3682 4407
f 4402 3682 4403
f 4403 3682 4409
f 3683 4436 4437
f 4434 3683 4437
f 3655 4433 4435
f 4433 3655 4434
f 3655 3683 4434
f 4420 4419 3655
f 4435 4420 3655
f 4418 4423 3655
f 4419 4418 3655
f 4431 3684 4499
f 4500 3684 4507
f 4500 4499 3684
f 3683 4432 4436
f 4430 4432 3683
f 3684 4430 3683
f 3684 4431 4430
f 4369 3506 4370
f 4399 3506 4400
f 4370 3506 4399
f 4369 4368 3506
f 3685 4363 4367
f 3685 4360 4363
f 4367 4365 3685
f 4560 4559 3540
f 4560 3540 4561
f 4561 3540 4562
f 3540 4563 4566
f 4566 4562 3540
f 4559 4558 3540
f 4555 3739 4550
f 4556 4551 3739
f 3739 4551 4550
f 4553 3739 4555
f 3740 4567 4569
f 4548 4549 4567
f 3740 4548 4567
f 4569 4568 3740
f 4568 4565 3740
f 3546 4503 4502
f 3546 4510 4504
f 3546 4504 4503
f 3546 4501 4506
f 3546 4502 4501
f 4513 3743 4514
f 3743 4509 4508
f 4515 4509 3743
f 3743 4508 4514
f 4513 4512 3743
f 3553 4542 4539
f 3553 4540 4542
f 4554 4541 3553
f 3553 4541 4540
f 4233 4232 4230
f 4230 4231 4233
f 4231 4240 4233
f 4234 4240 4231
f 4222 4221 4227
f 4221 4220 4226
f 4220 4225 4226
f 4221 4226 4227
f 4222 4227 4229
f 4227 4228 4229
f 4228 4230 4232
f 4228 4232 4229
f 4236 4242 4241
f 4241 4234 4235
f 4241 4240 4234
f 4236 4241 4235
f 4236 4248 4242
f 4236 4237 4248
f 4248 4237 4238
f 4249 4248 4238
f 3594 4253 4252
f 4250 4247 4244
f 4247 4246 4245
f 4246 4249 4239
f 4246 4239 4245
f 4247 4245 4244
f 4239 4249 4238
f 4250 4244 3594
f 4252 4251 3594
f 4251 4250 3594
f 4259 4254 3594
f 4254 4253 3594
f 3594 4260 4259
f 4261 4260 3594
f 3594 4262 4261
f 4267 4262 3595
f 4262 3594 3595
f 4224 4217 4223
f 4224 4225 4220
f 4217 4224 4218
f 4218 4224 4220
f 4215 4219 4217
f 4216 4215 4214
f 4217 4219 4223
f 4219 4215 4216
f 3794 3606 3795
f 3606 3796 3795
f 3829 3796 3606
f 3606 3830 3829
f 3802 3801 3607
f 3830 3606 3801
f 3802 3607 3803
f 3607 3801 3606
f 3803 3607 3804
f 3607 3808 3804
f 3810 3809 3607
f 3809 3808 3607
f 3609 3831 3813
f 3811 3607 3812
f 3607 3813 3812
f 3609 3813 3607
f 3607 3811 3810
f 4314 3613 4322
f 4314 4310 3613
f 4310 4309 3613
f 4322 3613 4323
f 4315 4323 3613
f 3613 3614 4315
f 4315 3614 4316
f 4303 4302 3619
f 4303 3619 4304
f 4304 3613 4309
f 3619 3613 4304
f 3614 4317 4316
f 3614 4318 4317
f 4320 4319 3614
f 4319 4318 3614
f 4320 3614 4321
f 3621 4329 4325
f 3614 4324 4321
f 3621 4325 4324
f 3621 4331 4330
f 3621 4330 4329
f 3621 4332 4331
f 3614 3621 4324
f 3621 4333 4332
f 4334 4333 3621
f 3624 4289 4288
f 4290 3624 4294
f 3619 4296 4295
f 4297 4296 3619
f 3619 4295 4294
f 3624 3619 4294
f 4289 3624 4290
f 4297 3619 4298
f 3619 4302 4298
f 4279 3624 4286
f 3624 4287 4286
f 4288 4287 3624
f 4271 4270 3595
f 4272 3595 4275
f 3595 3624 4275
f 4275 3624 4276
f 4271 3595 4272
f 3624 4279 4276
f 4268 4267 3595
f 3595 4270 4269
f 4268 3595 4269
f 4335 4334 3621
f 4337 3690 4338
f 3690 4340 4339
f 3690 4341 4340
f 4338 3690 4339
f 4341 3690 4342
f 4335 3621 4336
f 4336 3690 4337
f 3621 3690 4336
f 3687 4347 4346
f 4343 4342 3690
f 3690 4344 4343
f 3690 4345 4344
f 3690 3687 4345
f 4346 4345 3687
f 4350 3688 4351
f 3688 4352 4351
f 4354 3689 4355
f 3687 4348 4347
f 4350 4349 3688
f 4349 4348 3687
f 4349 3687 3688
f 3689 4356 4355
f 4358 4364 4366
f 4357 4364 4358
f 3689 4357 4356
f 4357 3689 4364
f 3926 3925 3585
f 3935 3934 3586
f 3934 3933 3586
f 3931 3930 3586
f 3933 3932 3586
f 3932 3931 3586
f 3927 3926 3585
f 3928 3927 3585
f 3929 3928 3586
f 3930 3929 3586
f 3586 3928 3585
f 3939 3587 3940
f 3936 3935 3586
f 3938 3587 3939
f 3937 3587 3938
f 3586 3937 3936
f 3937 3586 3587
f 3916 3603 3917
f 3915 3914 3603
f 3915 3603 3916
f 3918 3603 3919
f 3917 3603 3918
f 3920 3603 3921
f 3585 3923 3922
f 3603 3585 3921
f 3585 3924 3923
f 3921 3585 3922
f 3924 3585 3925
f 3919 3603 3920
f 3946 3945 3588
f 3947 3588 3948
f 3946 3588 3947
f 3948 3588 3949
f 3941 3940 3587
f 3941 3587 3942
f 3942 3588 3943
f 3942 3587 3588
f 3943 3588 3944
f 3944 3588 3945
f 3954 3953 3591
f 3955 3591 3956
f 3954 3591 3955
f 3952 3591 3953
f 3588 3951 3950
f 3949 3588 3950
f 3588 3591 3951
f 3951 3591 3952
f 3960 3959 3592
f 3961 3960 3592
f 3962 3961 3592
f 3591 3957 3956
f 3957 3592 3958
f 3957 3591 3592
f 3958 3592 3959
f 4199 3593 4201
f 4199 4194 3593
f 4201 3593 4202
f 4202 3593 4203
f 4203 3593 4204
f 3832 3609 3833
f 3832 3831 3609
f 3838 3605 3893
f 3834 3609 3835
f 3834 3833 3609
f 3838 3837 3605
f 3837 3836 3609
f 3609 3836 3835
f 3837 3609 3605
f 3899 3601 3900
f 3605 3894 3893
f 3895 3894 3605
f 3896 3895 3605
f 3897 3896 3605
f 3601 3897 3605
f 3601 3898 3897
f 3601 3899 3898
f 3911 3910 3602
f 3602 3909 3908
f 3602 3910 3909
f 3907 3602 3908
f 3912 3911 3602
f 3914 3913 3603
f 3913 3912 3602
f 3913 3602 3603
f 3902 3901 3601
f 3601 3901 3900
f 3904 3601 3905
f 3905 3602 3906
f 3904 3903 3601
f 3903 3902 3601
f 3905 3601 3602
f 3906 3602 3907
f 3793 3606 3794
f 3792 3606 3793
f 3783 3782 3791
f 3606 3792 3791
f 3782 3606 3791
f 4366 4359 4358
f 4531 3720 4530
f 4532 3720 4531
f 3720 4532 4533
f 4534 3720 4533
f 4534 3722 3720
f 3722 4534 4535
f 3750 4185 4186
f 3750 4186 4187
f 3751 3750 4187
f 3751 4188 4189
f 3751 4189 4147
f 3751 4147 4146
f 3751 4187 4188
f 4185 3750 4184
f 4135 3750 4134
f 4135 4184 3750
f 3462 3463 3464
f 3463 3462 3465
f 3462 3466 3465
f 3462 3467 3466
f 3462 3468 3467
f 3462 3464 3468
f 3469 3470 3471
f 3469 3472 3470
f 3469 3473 3472
f 3469 3474 3473
f 3469 3475 3474
f 3469 3471 3475
f 3476 3477 3478
f 3476 3479 3477
f 3476 3480 3479
f 3476 3481 3480
f 3476 3482 3481
f 3476 3478 3482
f 3483 3485 3484
f 3483 3486 3485
f 3487 3488 3489
f 3487 3490 3488
f 3487 3491 3490
f 3487 3492 3491
f 3487 3493 3492
f 3487 3489 3493
f 3494 3495 3496
f 3495 3494 3497
f 3494 3498 3497
f 3494 3499 3498
f 3494 3500 3499
f 3494 3496 3500
f 3501 3502 3503
f 3503 3502 3504
f 3502 3505 3504
f 3502 3506 3505
f 3502 3507 3506
f 3502 3501 3507
f 3508 3509 3510
f 3508 3511 3509
f 3508 3512 3511
f 3508 3513 3512
f 3508 3514 3513
f 3508 3510 3514
f 3515 3516 3517
f 3515 3518 3516
f 3519 3520 3515
f 3520 3518 3515
f 3521 3522 3523
f 3521 3524 3522
f 3521 3525 3524
f 3521 3526 3525
f 3521 3527 3526
f 3521 3523 3527
f 3528 3529 3530
f 3528 3531 3529
f 3528 3532 3531
f 3528 3533 3532
f 3528 3534 3533
f 3528 3530 3534
f 3535 3536 3537
f 3535 3538 3536
f 3539 3540 3535
f 3540 3538 3535
f 3541 3542 3543
f 3541 3544 3542
f 3541 3545 3544
f 3545 3541 3546
f 3547 3546 3541
f 3547 3541 3543
f 3548 3549 3550
f 3548 3551 3549
f 3548 3552 3551
f 3548 3553 3552
f 3548 3554 3553
f 3548 3550 3554
f 3555 3556 3557
f 3555 3558 3556
f 3555 3559 3558
f 3555 3560 3559
f 3555 3561 3560
f 3557 3561 3555
f 3565 3566 3567
f 3565 3568 3566
f 3565 3569 3568
f 3565 3570 3569
f 3565 3571 3570
f 3565 3567 3571
f 3575 3576 3577
f 3578 3579 3575
f 3579 3576 3575
f 3459 3610 3460
f 3459 3611 3610
f 3461 3613 3612
f 3461 3614 3613
f 3461 3615 3614
f 3461 3460 3615
f 3460 3616 3615
f 3460 3610 3616
f 3610 3490 3616
f 3490 3610 3488
f 3610 3611 3488
f 3611 3618 3488
f 3611 3617 3618
f 3612 3619 3620
f 3612 3613 3619
f 3614 3615 3621
f 3621 3615 3622
f 3622 3615 3616
f 3622 3616 3623
f 3623 3616 3490
f 3620 3624 3596
f 3620 3619 3624
f 3465 3466 3625
f 3468 3626 3627
f 3626 3468 3628
f 3468 3464 3628
f 3466 3467 3629
f 3467 3630 3629
f 3467 3627 3630
f 3467 3468 3627
f 3466 3631 3625
f 3466 3629 3631
f 3464 3632 3628
f 3625 3631 3486
f 3628 3632 3516
f 3627 3633 3630
f 3627 3634 3633
f 3627 3626 3634
f 3518 3626 3628
f 3626 3635 3634
f 3626 3518 3635
f 3628 3516 3518
f 3486 3631 3636
f 3631 3637 3636
f 3631 3629 3637
f 3629 3638 3637
f 3629 3630 3638
f 3630 3470 3638
f 3630 3633 3470
f 3632 3639 3516
f 3638 3470 3472
f 3470 3633 3471
f 3472 3640 3638
f 3472 3641 3640
f 3472 3473 3641
f 3475 3471 3642
f 3473 3474 3643
f 3474 3644 3643
f 3474 3645 3644
f 3474 3475 3645
f 3473 3646 3641
f 3473 3643 3646
f 3475 3647 3645
f 3475 3642 3647
f 3648 3633 3634
f 3471 3633 3648
f 3638 3640 3637
f 3471 3648 3642
f 3640 3649 3637
f 3649 3640 3478
f 3478 3640 3641
f 3641 3482 3478
f 3641 3646 3482
f 3642 3648 3498
f 3645 3650 3644
f 3645 3651 3650
f 3645 3647 3651
f 3652 3647 3642
f 3647 3544 3651
f 3647 3652 3544
f 3642 3498 3652
f 3646 3643 3653
f 3643 3654 3653
f 3643 3644 3654
f 3644 3655 3654
f 3644 3650 3655
f 3646 3656 3482
f 3646 3653 3656
f 3648 3634 3497
f 3648 3497 3498
f 3477 3657 3649
f 3477 3658 3657
f 3478 3477 3649
f 3477 3479 3658
f 3658 3479 3489
f 3479 3493 3489
f 3479 3480 3493
f 3480 3659 3493
f 3480 3660 3659
f 3480 3481 3660
f 3481 3661 3660
f 3481 3656 3661
f 3481 3482 3656
f 3658 3662 3657
f 3658 3618 3662
f 3618 3658 3489
f 3489 3488 3618
f 3493 3659 3492
f 3656 3663 3661
f 3656 3653 3663
f 3659 3660 3664
f 3660 3665 3664
f 3660 3661 3665
f 3661 3666 3665
f 3661 3663 3666
f 3659 3501 3492
f 3659 3664 3501
f 3649 3636 3637
f 3649 3657 3636
f 3657 3485 3636
f 3657 3662 3485
f 3484 3662 3617
f 3484 3485 3662
f 3636 3485 3486
f 3617 3662 3618
f 3490 3491 3623
f 3491 3667 3623
f 3491 3503 3667
f 3491 3492 3503
f 3492 3501 3503
f 3623 3668 3622
f 3623 3667 3668
f 3501 3664 3507
f 3667 3669 3668
f 3667 3504 3669
f 3667 3503 3504
f 3495 3520 3670
f 3495 3635 3520
f 3635 3495 3497
f 3495 3670 3496
f 3497 3634 3635
f 3500 3496 3671
f 3498 3499 3652
f 3499 3542 3652
f 3499 3672 3542
f 3499 3500 3672
f 3500 3673 3672
f 3500 3671 3673
f 3635 3518 3520
f 3496 3670 3674
f 3496 3674 3671
f 3671 3674 3675
f 3672 3543 3542
f 3672 3676 3543
f 3672 3673 3676
f 3677 3673 3671
f 3673 3678 3676
f 3673 3677 3678
f 3671 3675 3677
f 3652 3542 3544
f 3674 3679 3680
f 3679 3674 3670
f 3674 3680 3675
f 3670 3519 3679
f 3670 3520 3519
f 3683 3650 3684
f 3683 3655 3650
f 3669 3504 3686
f 3504 3505 3686
f 3507 3664 3682
f 3664 3665 3682
f 3687 3668 3669
f 3669 3686 3688
f 3686 3689 3688
f 3686 3685 3689
f 3686 3505 3685
f 3669 3688 3687
f 3596 3624 3595
f 3690 3621 3622
f 3690 3668 3687
f 3690 3622 3668
f 3509 3511 3691
f 3511 3692 3691
f 3511 3693 3692
f 3511 3512 3693
f 3514 3510 3532
f 3512 3694 3693
f 3512 3558 3694
f 3512 3513 3558
f 3513 3556 3558
f 3513 3695 3556
f 3513 3696 3695
f 3513 3514 3696
f 3514 3697 3696
f 3514 3532 3697
f 3509 3698 3699
f 3509 3691 3698
f 3509 3699 3510
f 3691 3579 3698
f 3691 3700 3579
f 3691 3692 3700
f 3693 3701 3692
f 3693 3702 3701
f 3693 3694 3702
f 3696 3703 3695
f 3696 3704 3703
f 3696 3697 3704
f 3533 3697 3532
f 3697 3705 3704
f 3697 3533 3705
f 3532 3510 3531
f 3510 3699 3531
f 3556 3703 3557
f 3556 3695 3703
f 3694 3680 3702
f 3694 3559 3680
f 3694 3558 3559
f 3531 3706 3529
f 3531 3699 3706
f 3699 3698 3707
f 3699 3707 3706
f 3698 3578 3707
f 3698 3579 3578
f 3692 3708 3700
f 3692 3701 3708
f 3519 3709 3710
f 3519 3515 3709
f 3519 3710 3679
f 3709 3515 3517
f 3679 3710 3702
f 3679 3702 3680
f 3709 3517 3711
f 3712 3709 3711
f 3709 3712 3710
f 3516 3639 3517
f 3517 3713 3711
f 3517 3639 3713
f 3712 3711 3714
f 3701 3710 3712
f 3711 3715 3714
f 3711 3713 3715
f 3710 3701 3702
f 3715 3716 3714
f 3716 3718 3714
f 3716 3717 3718
f 3523 3721 3719
f 3527 3719 3720
f 3719 3527 3523
f 3720 3723 3527
f 3720 3722 3723
f 3721 3725 3724
f 3721 3523 3725
f 3522 3705 3725
f 3522 3704 3705
f 3522 3524 3704
f 3523 3522 3725
f 3524 3703 3704
f 3524 3726 3703
f 3726 3524 3525
f 3525 3727 3726
f 3525 3728 3727
f 3525 3526 3728
f 3526 3537 3728
f 3526 3723 3537
f 3526 3527 3723
f 3703 3726 3557
f 3726 3729 3557
f 3729 3726 3727
f 3727 3730 3729
f 3727 3731 3730
f 3727 3728 3731
f 3728 3536 3731
f 3728 3537 3536
f 3537 3732 3535
f 3537 3723 3732
f 3723 3722 3732
f 3725 3733 3724
f 3725 3705 3733
f 3705 3533 3733
f 3734 3534 3530
f 3534 3733 3533
f 3534 3735 3733
f 3534 3734 3735
f 3529 3570 3736
f 3529 3706 3570
f 3529 3736 3530
f 3733 3735 3724
f 3530 3737 3734
f 3530 3736 3737
f 3737 3736 3738
f 3736 3571 3738
f 3736 3570 3571
f 3570 3706 3569
f 3569 3706 3707
f 3539 3732 3741
f 3539 3535 3732
f 3539 3741 3740
f 3536 3538 3742
f 3538 3739 3742
f 3732 3722 3741
f 3536 3742 3731
f 3731 3550 3730
f 3731 3742 3550
f 3742 3554 3550
f 3742 3739 3554
f 3547 3543 3744
f 3543 3676 3744
f 3544 3545 3651
f 3545 3684 3651
f 3547 3744 3743
f 3676 3745 3744
f 3676 3678 3745
f 3743 3744 3746
f 3744 3745 3746
f 3651 3684 3650
f 3746 3551 3552
f 3550 3549 3730
f 3551 3747 3549
f 3747 3551 3745
f 3551 3746 3745
f 3549 3748 3730
f 3549 3747 3748
f 3730 3748 3729
f 3748 3561 3729
f 3748 3749 3561
f 3748 3747 3749
f 3747 3678 3749
f 3747 3745 3678
f 3557 3729 3561
f 3675 3560 3677
f 3560 3749 3677
f 3560 3561 3749
f 3675 3559 3560
f 3559 3675 3680
f 3677 3749 3678
f 3750 3751 3564
f 3751 3753 3564
f 3751 3754 3753
f 3756 3562 3754
f 3756 3758 3562
f 3756 3757 3758
f 3757 3759 3758
f 3759 3757 3760
f 3562 3753 3754
f 3562 3758 3563
f 3563 3758 3761
f 3758 3759 3761
f 3761 3566 3762
f 3761 3759 3566
f 3566 3568 3762
f 3567 3566 3759
f 3568 3763 3762
f 3568 3764 3763
f 3568 3569 3764
f 3571 3567 3765
f 3569 3707 3764
f 3571 3765 3738
f 3760 3567 3759
f 3567 3760 3765
f 3763 3764 3766
f 3764 3578 3766
f 3764 3707 3578
f 3578 3575 3766
f 3717 3576 3780
f 3576 3700 3780
f 3576 3579 3700
f 3717 3577 3576
f 3780 3718 3717
f 3780 3700 3718
f 3718 3700 3708
f 3718 3708 3714
f 3653 3681 3663
f 3653 3654 3681
f 3714 3708 3712
f 3708 3701 3712
f 3453 3581 3580
f 3581 3453 3454
f 3454 3582 3581
f 3454 3583 3582
f 3580 3585 3584
f 3580 3586 3585
f 3580 3581 3586
f 3586 3581 3587
f 3587 3581 3582
f 3582 3588 3587
f 3582 3589 3588
f 3589 3582 3583
f 3583 3456 3589
f 3456 3590 3589
f 3590 3456 3455
f 3588 3589 3591
f 3589 3590 3591
f 3590 3592 3591
f 3601 3600 3598
f 3602 3598 3599
f 3598 3602 3601
f 3599 3584 3603
f 3599 3603 3602
f 3600 3605 3604
f 3600 3601 3605
f 3458 3607 3606
f 3458 3608 3607
f 3607 3608 3609
f 3608 3604 3609
f 3604 3605 3609
f 3584 3585 3603
f 3572 3768 3769
f 3572 3769 3770
f 3573 3572 3770
f 3771 3773 3770
f 3771 3772 3773
f 3775 3777 3776
f 3773 3778 3573
f 3573 3778 3779
f 3778 3776 3779
f 3773 3573 3770
f 3779 3776 3574
f 3776 3777 3574
f 3779 3574 3573
f 3043 3040 1605
f 1587 3040 3043
f 3040 3039 1604
f 3039 3040 1581
f 1606 3039 3038
f 1583 3038 3039
f 1611 3038 2991
f 3032 1610 2991
f 1592 3032 3030
f 3030 3031 1580
f 3038 1579 3031
f 2991 3031 3030
f 2991 3038 3031
f 2991 3030 3032
f 3033 1609 3032
f 3032 1594 3033
f 1575 3045 3044
f 1543 3044 3045
f 3047 3045 1573
f 3045 3047 1542
f 3047 1576 3046
f 1534 3047 3046
f 1632 3034 3049
f 1620 3049 3034
f 3033 3034 1631
f 1618 3034 3033
f 3029 3027 1570
f 3029 1550 3027
f 3041 1602 3042
f 3041 3042 1590
f 3044 3042 1603
f 1591 3042 3044
f 1601 3041 3043
f 3041 1585 3043
f 3035 1562 3036
f 3035 3036 1539
f 3046 1567 3037
f 1533 3046 3037
f 1565 3035 3037
f 1540 3037 3035
f 1556 3026 3025
f 3025 3026 1536
f 1555 3027 3026
f 1544 3026 3027
