v 993.1175999999999 1990.096 165.4942857142857
v 993.1175999999999 1990.096 175.5057142857143
v 993.1175999999999 1990.096 185.5171428571429
v 993.1175999999999 1990.096 195.5285714285714
v 993.1175999999999 1990.096 205.54
v 993.1175999999999 1990.096 215.5514285714286
v 993.1175999999999 2000.08 165.4942857142857
v 993.1175999999999 2000.08 175.5057142857143
v 993.1175999999999 2000.08 185.5171428571429
v 993.1175999999999 2000.08 195.5285714285714
v 993.1175999999999 2000.08 205.54
v 993.1175999999999 2000.08 215.5514285714286
v 993.1175999999999 2010.064 165.4942857142857
v 993.1175999999999 2010.064 175.5057142857143
v 993.1175999999999 2010.064 185.5171428571429
v 993.1175999999999 2010.064 195.5285714285714
v 993.1175999999999 2010.064 205.54
v 993.1175999999999 2010.064 215.5514285714286
v 993.1175999999999 2020.048 165.4942857142857
v 993.1175999999999 2020.048 175.5057142857143
v 993.1175999999999 2020.048 185.5171428571429
v 993.1175999999999 2020.048 195.5285714285714
v 993.1175999999999 2020.048 205.54
v 993.1175999999999 2020.048 215.5514285714286
v 993.1175999999999 2030.032 165.4942857142857
v 993.1175999999999 2030.032 175.5057142857143
v 993.1175999999999 2030.032 185.5171428571429
v 993.1175999999999 2030.032 195.5285714285714
v 993.1175999999999 2030.032 205.54
v 993.1175999999999 2030.032 215.5514285714286
v 993.1175999999999 2040.016 165.4942857142857
v 993.1175999999999 2040.016 175.5057142857143
v 993.1175999999999 2040.016 185.5171428571429
v 993.1175999999999 2040.016 195.5285714285714
v 993.1175999999999 2040.016 205.54
v 993.1175999999999 2040.016 215.5514285714286
v 993.1175999999999 2040.016 225.5628571428572
v 993.1175999999999 2050 165.4942857142857
v 993.1175999999999 2050 175.5057142857143
v 993.1175999999999 2050 185.5171428571429
v 993.1175999999999 2050 195.5285714285714
v 993.1175999999999 2050 205.54
v 993.1175999999999 2050 215.5514285714286
v 993.1175999999999 2050 225.5628571428572
v 993.1175999999999 2059.984 165.4942857142857
v 993.1175999999999 2059.984 175.5057142857143
v 993.1175999999999 2059.984 185.5171428571429
v 993.1175999999999 2059.984 195.5285714285714
v 993.1175999999999 2059.984 205.54
v 993.1175999999999 2059.984 215.5514285714286
v 993.1175999999999 2059.984 225.5628571428572
v 993.1175999999999 2069.968 155.4828571428571
v 993.1175999999999 2069.968 165.4942857142857
v 993.1175999999999 2069.968 175.5057142857143
v 993.1175999999999 2069.968 185.5171428571429
v 993.1175999999999 2069.968 195.5285714285714
v 993.1175999999999 2069.968 205.54
v 993.1175999999999 2069.968 215.5514285714286
v 993.1175999999999 2069.968 225.5628571428572
v 993.1175999999999 2079.952 155.4828571428571
v 993.1175999999999 2079.952 165.4942857142857
v 993.1175999999999 2079.952 175.5057142857143
v 993.1175999999999 2079.952 185.5171428571429
v 993.1175999999999 2079.952 195.5285714285714
v 993.1175999999999 2079.952 205.54
v 993.1175999999999 2079.952 215.5514285714286
v 993.1175999999999 2079.952 225.5628571428572
v 993.1175999999999 2089.936 155.4828571428571
v 993.1175999999999 2089.936 165.4942857142857
v 993.1175999999999 2089.936 175.5057142857143
v 993.1175999999999 2089.936 185.5171428571429
v 993.1175999999999 2089.936 195.5285714285714
v 993.1175999999999 2089.936 205.54
v 993.1175999999999 2089.936 215.5514285714286
v 993.1175999999999 2089.936 225.5628571428572
v 993.1175999999999 2099.92 145.4714285714286
v 993.1175999999999 2099.92 155.4828571428571
v 993.1175999999999 2099.92 165.4942857142857
v 993.1175999999999 2099.92 175.5057142857143
v 993.1175999999999 2099.92 185.5171428571429
v 993.1175999999999 2099.92 195.5285714285714
v 993.1175999999999 2099.92 205.54
v 993.1175999999999 2099.92 215.5514285714286
v 993.1175999999999 2099.92 225.5628571428572
v 993.1175999999999 2109.904 145.4714285714286
v 993.1175999999999 2109.904 155.4828571428571
v 993.1175999999999 2109.904 165.4942857142857
v 993.1175999999999 2109.904 175.5057142857143
v 993.1175999999999 2109.904 185.5171428571429
v 993.1175999999999 2109.904 195.5285714285714
v 993.1175999999999 2109.904 205.54
v 993.1175999999999 2109.904 215.5514285714286
v 1012.68624 1990.096 155.4828571428571
v 1022.47056 1990.096 155.4828571428571
v 1032.25488 1990.096 155.4828571428571
v 1042.0392 1990.096 155.4828571428571
v 1002.90192 1990.096 165.4942857142857
v 1012.68624 1990.096 165.4942857142857
v 1022.47056 1990.096 165.4942857142857
v 1032.25488 1990.096 165.4942857142857
v 1042.0392 1990.096 165.4942857142857
v 1051.82352 1990.096 165.4942857142857
v 1061.60784 1990.096 165.4942857142857
v 1071.39216 1990.096 165.4942857142857
v 1081.17648 1990.096 165.4942857142857
v 1090.9608 1990.096 165.4942857142857
v 1100.74512 1990.096 165.4942857142857
v 1002.90192 1990.096 175.5057142857143
v 1012.68624 1990.096 175.5057142857143
v 1022.47056 1990.096 175.5057142857143
v 1032.25488 1990.096 175.5057142857143
v 1042.0392 1990.096 175.5057142857143
v 1051.82352 1990.096 175.5057142857143
v 1061.60784 1990.096 175.5057142857143
v 1071.39216 1990.096 175.5057142857143
v 1081.17648 1990.096 175.5057142857143
v 1090.9608 1990.096 175.5057142857143
v 1100.74512 1990.096 175.5057142857143
v 1110.52944 1990.096 175.5057142857143
v 1120.31376 1990.096 175.5057142857143
v 1002.90192 1990.096 185.5171428571429
v 1012.68624 1990.096 185.5171428571429
v 1022.47056 1990.096 185.5171428571429
v 1032.25488 1990.096 185.5171428571429
v 1042.0392 1990.096 185.5171428571429
v 1051.82352 1990.096 185.5171428571429
v 1061.60784 1990.096 185.5171428571429
v 1071.39216 1990.096 185.5171428571429
v 1081.17648 1990.096 185.5171428571429
v 1090.9608 1990.096 185.5171428571429
v 1100.74512 1990.096 185.5171428571429
v 1110.52944 1990.096 185.5171428571429
v 1120.31376 1990.096 185.5171428571429
v 1002.90192 1990.096 195.5285714285714
v 1012.68624 1990.096 195.5285714285714
v 1022.47056 1990.096 195.5285714285714
v 1032.25488 1990.096 195.5285714285714
v 1042.0392 1990.096 195.5285714285714
v 1051.82352 1990.096 195.5285714285714
v 1061.60784 1990.096 195.5285714285714
v 1071.39216 1990.096 195.5285714285714
v 1081.17648 1990.096 195.5285714285714
v 1090.9608 1990.096 195.5285714285714
v 1100.74512 1990.096 195.5285714285714
v 1110.52944 1990.096 195.5285714285714
v 1120.31376 1990.096 195.5285714285714
v 1002.90192 1990.096 205.54
v 1012.68624 1990.096 205.54
v 1022.47056 1990.096 205.54
v 1032.25488 1990.096 205.54
v 1042.0392 1990.096 205.54
v 1051.82352 1990.096 205.54
v 1061.60784 1990.096 205.54
v 1071.39216 1990.096 205.54
v 1081.17648 1990.096 205.54
v 1090.9608 1990.096 205.54
v 1100.74512 1990.096 205.54
v 1110.52944 1990.096 205.54
v 1002.90192 1990.096 215.5514285714286
v 1012.68624 1990.096 215.5514285714286
v 1022.47056 1990.096 215.5514285714286
v 1032.25488 1990.096 215.5514285714286
v 1042.0392 1990.096 215.5514285714286
v 1051.82352 1990.096 215.5514285714286
v 1061.60784 1990.096 215.5514285714286
v 1071.39216 1990.096 215.5514285714286
v 1081.17648 1990.096 215.5514285714286
v 1090.9608 1990.096 215.5514285714286
v 1051.82352 1990.096 225.5628571428572
v 1061.60784 1990.096 225.5628571428572
v 1071.39216 1990.096 225.5628571428572
v 1071.39216 2109.904 135.46
v 1061.60784 2109.904 135.46
v 1051.82352 2109.904 135.46
v 1042.0392 2109.904 135.46
v 1032.25488 2109.904 135.46
v 1022.47056 2109.904 135.46
v 1090.9608 2109.904 145.4714285714286
v 1081.17648 2109.904 145.4714285714286
v 1071.39216 2109.904 145.4714285714286
v 1061.60784 2109.904 145.4714285714286
v 1051.82352 2109.904 145.4714285714286
v 1042.0392 2109.904 145.4714285714286
v 1032.25488 2109.904 145.4714285714286
v 1022.47056 2109.904 145.4714285714286
v 1012.68624 2109.904 145.4714285714286
v 1002.90192 2109.904 145.4714285714286
v 1090.9608 2109.904 155.4828571428571
v 1081.17648 2109.904 155.4828571428571
v 1071.39216 2109.904 155.4828571428571
v 1061.60784 2109.904 155.4828571428571
v 1051.82352 2109.904 155.4828571428571
v 1042.0392 2109.904 155.4828571428571
v 1032.25488 2109.904 155.4828571428571
v 1022.47056 2109.904 155.4828571428571
v 1012.68624 2109.904 155.4828571428571
v 1002.90192 2109.904 155.4828571428571
v 1100.74512 2109.904 165.4942857142857
v 1090.9608 2109.904 165.4942857142857
v 1081.17648 2109.904 165.4942857142857
v 1071.39216 2109.904 165.4942857142857
v 1061.60784 2109.904 165.4942857142857
v 1051.82352 2109.904 165.4942857142857
v 1042.0392 2109.904 165.4942857142857
v 1032.25488 2109.904 165.4942857142857
v 1022.47056 2109.904 165.4942857142857
v 1012.68624 2109.904 165.4942857142857
v 1002.90192 2109.904 165.4942857142857
v 1100.74512 2109.904 175.5057142857143
v 1090.9608 2109.904 175.5057142857143
v 1081.17648 2109.904 175.5057142857143
v 1071.39216 2109.904 175.5057142857143
v 1061.60784 2109.904 175.5057142857143
v 1051.82352 2109.904 175.5057142857143
v 1042.0392 2109.904 175.5057142857143
v 1032.25488 2109.904 175.5057142857143
v 1022.47056 2109.904 175.5057142857143
v 1012.68624 2109.904 175.5057142857143
v 1002.90192 2109.904 175.5057142857143
v 1100.74512 2109.904 185.5171428571429
v 1090.9608 2109.904 185.5171428571429
v 1081.17648 2109.904 185.5171428571429
v 1071.39216 2109.904 185.5171428571429
v 1061.60784 2109.904 185.5171428571429
v 1051.82352 2109.904 185.5171428571429
v 1042.0392 2109.904 185.5171428571429
v 1032.25488 2109.904 185.5171428571429
v 1022.47056 2109.904 185.5171428571429
v 1012.68624 2109.904 185.5171428571429
v 1002.90192 2109.904 185.5171428571429
v 1090.9608 2109.904 195.5285714285714
v 1081.17648 2109.904 195.5285714285714
v 1071.39216 2109.904 195.5285714285714
v 1061.60784 2109.904 195.5285714285714
v 1051.82352 2109.904 195.5285714285714
v 1042.0392 2109.904 195.5285714285714
v 1032.25488 2109.904 195.5285714285714
v 1022.47056 2109.904 195.5285714285714
v 1012.68624 2109.904 195.5285714285714
v 1002.90192 2109.904 195.5285714285714
v 1081.17648 2109.904 205.54
v 1071.39216 2109.904 205.54
v 1061.60784 2109.904 205.54
v 1051.82352 2109.904 205.54
v 1042.0392 2109.904 205.54
v 1032.25488 2109.904 205.54
v 1022.47056 2109.904 205.54
v 1012.68624 2109.904 205.54
v 1002.90192 2109.904 205.54
v 1032.25488 2109.904 215.5514285714286
v 1022.47056 2109.904 215.5514285714286
v 1012.68624 2109.904 215.5514285714286
v 1002.90192 2109.904 215.5514285714286
v 1097.834859406261 2040.158064541377 216.2248702077852
v 1095.889320905639 2035.562649806 217.9381502528933
v 1099.924540290202 2036.762689855344 215.7847505688539
v 1102.405677126646 2040.175993925865 213.7972303047301
v 1099.550442047964 2044.739676889128 214.3271920274452
v 1095.565618921936 2043.733349481715 216.590964478905
v 1093.250585070543 2039.977713074399 218.4093070605215
v 1099.205682939926 2000.092838309567 215.2435316002902
v 1096.803124406695 2003.518017815868 215.7698745785199
v 1094.636943462929 2000.067622225062 216.1568277000975
v 1096.517841201009 1995.517675181624 215.6945321085503
v 1102.399079250362 1995.624128385233 214.6241069796602
v 1106.100094259068 1999.746533278133 214.1122350931125
v 1102.393785890789 2004.565442519036 214.9152634256556
v 1073.674754790816 2000.055548126827 231.1361906625991
v 1067.292774710404 2000.141365634871 231.7976998304854
v 1070.737487921477 1995.871342075788 231.3222755376979
v 1070.927507780946 2004.523021137088 231.6363552283315
v 1064.588306392118 2004.555160450936 231.0427752510505
v 1061.793762170782 2000.031160074561 229.7664065082516
v 1064.569437159081 1995.512429527991 230.7422417671539
v 1077.145257400395 2040.023888963298 224.0883237808264
v 1074.014834181475 2044.485235261675 223.9365633052675
v 1073.352755284577 2039.16279433438 225.1516122234887
v 1076.547085371549 2034.736582678107 225.2428654989077
v 1080.281980927263 2035.588570194222 224.0464490540766
v 1083.126326467038 2039.977651220378 222.3355687644742
v 1079.997136181592 2044.45932935099 222.3925936814089
v 1128.20741358906 2004.59826579628 196.2860794322953
v 1125.486010812947 2003.45388405944 201.2910346545324
v 1126.13815868682 2000.067622225062 199.7017518160243
v 1127.910879712614 2000.067622225062 195.9977179908747
v 1128.437404688062 2008.976609406465 195.9977179908747
v 1126.408904834318 2008.306115568163 200.0813620106279
v 1128.898780218452 1999.508391843116 192.083088098635
v 1129.615707959138 2004.439793784457 191.1902655531325
v 1129.432926770453 2008.976609406465 192.6411965174241
v 1001.688093659443 2000.114298389085 220.1329727794669
v 998.4981692806438 2003.938983848853 220.1490843051646
v 995.3355392146827 2000.112540931358 219.8402353950219
v 998.5037522202581 1995.640993749433 219.7204827258907
v 1004.809954700896 1995.664439803599 219.9468126215646
v 1007.22925442547 1999.057312146582 220.2811730199653
v 1004.027113510479 2003.483965567117 220.3830307100397
v 1042.57554242552 2040.152934514676 227.9655118646253
v 1039.41757301385 2044.603091190603 228.0821856097739
v 1036.273584662453 2040.174566345954 228.2469442540241
v 1039.432060958643 2035.718650488245 228.0087545955584
v 1045.731623185516 2035.700458036509 227.9186948287275
v 1048.878015417975 2040.143968390439 227.6598439003737
v 1045.726204969344 2044.599162680369 227.589977067576
v 1004.80806840674 2080.463152059704 231.6768217040772
v 1001.397122199625 2084.371980359114 231.4096719053069
v 998.4880317212155 2080.228010832931 231.9991127205784
v 1001.630941773662 2075.777593035135 232.2489722633085
v 1008.184236265197 2075.634479236637 231.6696456631995
v 1011.130975745267 2080.302337561247 230.7479403773692
v 1007.977472884422 2084.786814269721 230.6594908909117
v 1021.294839748638 2018.855734491977 225.1359450548471
v 1017.345609184629 2022.154306485072 225.3931093821923
v 1017.454459321604 2017.385232678473 224.4333074412828
v 1023.66184614925 2022.232366149022 225.9577535689217
v 1020.526146247945 2026.734907217133 226.5438761369782
v 1023.676920956774 2040.245610583864 228.6989961576512
v 1020.505556106032 2043.978341966776 229.2271295667858
v 1017.384364888155 2040.283853306909 228.8001147013752
v 1020.538892894777 2035.777502523692 228.1097893280429
v 1026.835180872168 2035.760421530689 228.1346102390604
v 1029.97348020355 2040.206684576154 228.5013178190873
v 1026.808454484697 2044.671845839287 228.9684677697015
v 1004.803645270421 2040.309920662708 228.5548061266481
v 1001.674838543411 2044.026252854505 229.1817013095027
v 998.5071794855485 2040.27203617426 228.1280693349829
v 1001.467918028528 2035.575762481644 227.2446154984478
v 1007.671359500501 2035.369310295536 227.6072149402025
v 1011.094342550112 2040.309844051266 228.7647928536528
v 1007.936839915899 2042.64263040824 229.1491008496253
v 1005.546135390444 2045.533063307441 229.6396347139487
v 1001.665054515444 2022.501156779739 223.940133458856
v 998.5534703097378 2026.262595865012 224.6025339595983
v 995.0853350731392 2022.027682033987 223.1987561349338
v 998.7690574032825 2018.139646630191 222.6064953404249
v 1004.623135435757 2017.681987559632 223.0369911504302
v 1007.996425618192 2021.862884792904 224.3973151606609
v 1004.787037291161 2024.723888223933 224.7953750804233
v 1002.348597189897 2027.647430660239 225.3203077063602
v 1061.203976224632 2039.776029851195 226.8454456726232
v 1058.354258609754 2044.66969460186 226.4249129887041
v 1055.266214826445 2040.53542418851 227.2421003039927
v 1042.185067164683 2022.191235888955 227.2659050738997
v 1039.438239594651 2026.806979168308 227.4811828497882
v 1036.577438805555 2022.745035620816 226.9261932140539
v 1045.603105954072 2017.827261296736 227.2184791472329
v 1048.898866507042 2022.353703280031 227.8299661628023
v 1045.742222947646 2026.807005014142 227.7829376612906
v 1039.421908565966 2017.8536391025 226.6068957873079
v 1061.503902931023 2022.262899675863 228.8901399615727
v 1058.342301297797 2026.751785077774 228.3923890633078
v 1055.212121524139 2022.330459216732 228.413006067907
v 1058.39177945208 2017.861662293869 228.8932674773715
v 1062.260215518536 2016.803145460063 229.4527520994743
v 1064.633287161168 2019.992328439601 229.2859049775192
v 1067.757143486459 2022.205402879892 228.8969517448205
v 1064.621684595942 2026.714464129823 228.3940406283424
v 1038.697598410613 2003.507991578329 224.7814578274281
v 1039.385215373492 2008.875326414682 225.5351929623814
v 1036.285063538533 2006.805783496311 224.8955054452389
v 1033.181442953749 2004.627318110042 224.2184665320089
v 1036.329554665335 2000.15585981 224.0150359540534
v 1041.881534207681 1999.077792040686 224.7088921791315
v 1042.520858738575 2004.422210347677 225.4210428543236
v 1118.34384603259 2040.010493072615 200.6137456961672
v 1115.903710719859 2045.337197230066 201.0824915954267
v 1114.975869826706 2040.36783510876 204.4017547817677
v 1117.192207729362 2034.901132259107 204.2629018144263
v 1120.646394075648 2035.101856152815 199.9177042515486
v 1120.910898040465 2040.198526449378 196.1850632160822
v 1118.84599547344 2045.218165065967 196.5722443335264
v 1080.508410717341 2022.416044958271 225.9530009224344
v 1076.521057023643 2026.485999636503 226.655986541212
v 1074.640050214131 2022.283795124926 227.8393163764325
v 1077.662797062545 2018.118744198707 227.6299089085144
v 1116.790975827531 2021.69196217788 208.2173769006908
v 1114.8571898379 2026.6668610924 208.6755958016642
v 1112.208942707559 2022.192469290962 211.1356055589231
v 1115.414737516507 2017.751922606875 209.7643492928683
v 1118.646938417454 2026.900078129403 205.4777657838085
v 1119.50077873101 2017.885596587869 206.7746648418113
v 1120.825831347173 2022.589698448525 204.5212361020942
v 1126.843101157114 2022.216955200126 195.4740077112582
v 1125.062516579842 2027.378657133992 196.5451985551532
v 1124.31509262957 2022.449995490591 200.2634924684989
v 1125.737957935324 2017.885596587869 199.5138378276712
v 1127.530739920732 2017.885596587869 195.9977179908747
v 1128.86513804877 2017.728815221586 191.3772720079441
v 1126.925632283243 2026.659751033159 191.3792086551374
v 1127.992157530734 2022.34009017857 191.543224400173
v 1121.62389147405 2039.925546078254 177.969267349728
v 1123.183512762027 2039.657573962398 183.2451376550794
v 1123.271068350191 2035.186623938545 178.646459757936
v 1120.011546533096 2044.612558132079 177.1813438231782
v 1121.517747366849 2044.795109929443 182.7402418152919
v 1118.682508253749 2040.217891437736 172.912290874654
v 1120.62768825096 2035.72246857932 174.0531029494608
v 1127.812437831702 2004.551666829899 178.128284540998
v 1128.742879002823 2000.260384147441 182.3310099744322
v 1127.278325906665 2000.067622225062 178.1797436280679
v 1129.221895768881 2008.976609406465 181.689459834192
v 1129.478503992471 2005.15120576928 183.1680433704912
v 1127.987697622845 2008.976609406465 178.1797436280679
v 1124.938669949369 2004.595362009727 173.2890172943928
v 1125.940831115274 2008.976609406465 174.536220710471
v 1125.383571476272 2000.067622225062 174.8130041014701
v 1126.885097907868 2021.47947472485 178.9720772523382
v 1123.985077234603 2022.611223379808 174.2423190506309
v 1125.158159131537 2026.836042498107 177.7961613830259
v 1097.521808945849 2102.520974811201 197.964175638157
v 1098.322532598565 2106.225945192821 195.3559243421946
v 1095.463412760438 2105.896121401778 198.4283104265883
v 1093.676933049255 2102.598206034088 201.2647941792428
v 1096.391490720514 2097.794778752032 200.8228097470017
v 1100.279354840131 2098.868733438584 196.6626281905019
v 1100.223482880752 2102.520974811201 195.0171116048513
v 1073.989285389751 2080.062030309196 215.4667568680225
v 1070.868640183257 2084.560800581386 215.1789994344995
v 1070.25565675629 2079.359493051737 216.4234162911192
v 1073.52182517485 2075.047126785393 216.7301096992981
v 1077.066120495101 2076.282093015942 215.5440147284784
v 1080.284879773164 2080.209526509757 213.7234421072567
v 1077.099820802634 2084.649775895746 213.7082847387153
v 1080.984687967958 2058.197993163572 218.8596654061475
v 1077.738687991015 2062.609190937595 218.7155256667095
v 1074.852234783162 2059.004212672587 220.3866532608848
v 1077.232497660117 2055.8037143418 220.5523549727008
v 1079.644818625831 2052.505424556495 220.6656022139067
v 1084.141210910058 2053.757263839024 218.9269688421381
v 1086.820045217113 2058.156912676073 216.8518021667792
v 1083.654771273738 2062.608899708392 216.8690042991072
v 1055.179803671984 2098.018174282176 214.9305179528452
v 1052.028141136859 2102.514360810618 214.853107142783
v 1048.841507966643 2097.925910610255 215.2257598212232
v 1052.013664250504 2093.415309742747 215.5928824323392
v 1058.313998955041 2093.506432839826 215.2265589131495
v 1061.470242476213 2098.033240200822 214.3980312072277
v 1058.323921141252 2102.496223768932 214.3011487592223
v 1055.21289050058 2084.832441524983 217.2503578605198
v 1052.264476110259 2080.505969367743 218.9081889229366
v 1058.208835886412 2080.039430683469 218.1611215314493
v 1058.280571996434 2057.833043267294 224.0057274909926
v 1055.4461075248 2062.763234663926 223.3582869830357
v 1052.757973820826 2058.922539015082 224.6949248254488
v 1055.183879286956 2055.745097986129 224.9482322077316
v 1057.605733902079 2052.564578902528 225.1927327669331
v 1061.414285123192 2053.341898829473 224.4426578878609
v 1064.638401905312 2058.191525821986 222.8009044020315
v 1061.047240776532 2062.301064222457 222.4730253833177
v 998.470325604447 2094.084121362527 228.910119125169
v 994.9966646796411 2098.15780600505 227.2657370600987
v 995.3376294169499 2091.59738816094 229.6190672476305
v 998.4825978813474 2089.314128408304 230.387822370423
v 1001.637234666424 2091.655664354343 229.6773434410333
v 1004.77356507004 2094.019795120271 228.6542385213635
v 1001.630648660272 2098.206116615582 227.3017250152003
v 1039.525349342315 2098.175208149222 216.9297367751178
v 1036.36001797802 2102.601596190397 217.1926024833005
v 1033.673309789241 2098.301761284182 218.8730536758582
v 1036.732121964622 2093.780617815955 218.7887731001792
v 1042.610648495613 2058.023073724928 226.5578741326357
v 1039.472657118179 2062.495877062842 226.4185499367297
v 1036.941580460065 2058.269645255725 227.4898216286717
v 1040.150609627672 2053.83781498602 227.4562125051738
v 1036.469984944229 2080.303478278742 222.924956044792
v 1033.176025583142 2084.715972197054 222.7756409469469
v 1030.680994538209 2081.224271540401 224.6840810144645
v 1033.865284047061 2076.798377775416 224.7614526594191
v 1039.928711036511 2075.93662635617 223.168456797633
v 1042.737839800423 2079.833736690975 221.1756921996638
v 1038.812040413335 2083.882500608233 221.0233710723699
v 1113.01621640358 2080.593047326583 178.1869253807189
v 1113.472039523826 2076.464290247857 183.3449371145
v 1113.832254419578 2075.963121553136 178.1326403353133
v 1112.279294850506 2084.703000448394 178.1797436280679
v 1111.818046107766 2084.685713641384 182.6146246048752
v 1112.783929361818 2080.248506857693 182.6342372187696
v 1113.138213264842 2076.371353875154 173.2092276226067
v 1112.016627499853 2085.027675718531 173.8994103113492
v 1112.731234023797 2080.248506857693 173.7252500373662
v 1102.824630687392 2080.28846575831 200.9766015266964
v 1100.459643486294 2085.276281727489 201.4966225058949
v 1099.154998520224 2080.176572960933 204.1824005659244
v 1101.309863877511 2075.281960021397 203.9722269279079
v 1105.135928856992 2076.099470394688 200.1096373536103
v 1106.448813569886 2081.005637384852 196.6360538244175
v 1103.982392987539 2084.703000448394 198.191834029363
v 1092.417543811502 2083.812142448856 207.6727710224844
v 1094.661748598837 2080.248506857693 207.2829202783125
v 1096.262986509521 2084.592354186298 205.0359649134502
v 1090.083628134997 2080.357926417013 209.7789194129733
v 1093.068703598228 2075.716955991758 209.4100915016067
v 1096.77882348422 2076.840724086237 206.8691335223244
v 1114.104342074721 2049.06705172278 201.4520784982725
v 1114.029773860784 2052.672173322994 199.7030845638508
v 1110.567405030613 2052.857386060128 203.6992745339475
v 1109.859134192099 2049.931156703756 205.587183534146
v 1112.255466802207 2044.630740600342 205.4124137442901
v 1100.154644525606 2058.172210384511 210.2093033789498
v 1096.63894879401 2063.214721973161 210.8632930881276
v 1095.673457786156 2057.797074727662 212.9303647761482
v 1097.997495998447 2053.087912330085 212.986509538182
v 1102.635656742979 2053.599922901559 209.9962577431061
v 1101.122920232084 2061.912229587504 208.3888528771197
v 1104.216894730254 2057.976038904184 207.4324567557141
v 1091.140626093597 2107.887457955781 201.1519909179736
v 1086.540774386885 2106.935231818452 204.5635042471932
v 1089.579212700066 2102.435202175651 204.1951456064719
v 1116.881901919326 2057.976038904184 177.0833209588041
v 1117.816564527549 2057.81231258392 182.8666191454752
v 1118.174452152856 2053.520644623824 178.1803932253886
v 1116.487106817938 2061.380747723117 178.1797436280679
v 1116.517324935181 2062.865492719726 182.6313806484873
v 1115.896093595139 2054.47158327495 172.8913912388099
v 1115.073565353218 2062.41229018125 173.6947671147164
v 1115.743946274158 2057.976038904184 173.7252500373662
v 1116.576130098587 2052.859904756735 195.3992487097939
v 1114.523198278971 2058.067457259645 195.7673421990265
v 1117.107079319067 2049.06705172278 197.0487386273285
v 1116.791972047355 2057.413703032837 190.9669116109897
v 1118.934738002367 2049.830475512689 192.3150722649058
v 1117.917041156661 2053.521545313482 191.543224400173
v 1026.211717148558 2079.985048708503 226.5427638197115
v 1023.151139060761 2084.485770698398 226.6014102469104
v 1020.44358426901 2080.14247315991 228.3884583449647
v 1023.611526659893 2075.712888993849 228.1872610475783
v 1029.436953506191 2075.881943039862 226.3780324960614
v 1027.526375236664 2085.685108136024 224.683612209718
v 1025.292806242292 2057.976038904184 229.4517481391551
v 1023.743280185399 2053.496520029979 229.6461812279049
v 1027.291266438253 2053.523387661447 229.215211748203
v 1029.921979414745 2057.931367166194 228.7087372529487
v 1026.747882811789 2062.365772092398 228.9838972377874
v 1023.253030244729 2062.498361516166 229.6255852789677
v 1020.587172591428 2057.966374997824 230.1284207049972
v 1004.787669001313 2053.47195329936 230.9278500090527
v 1007.624919333407 2058.411059916767 231.416731099032
v 1001.631435016463 2058.371611102753 231.5460399141446
v 1023.8013752026 2097.868556642001 222.701045080713
v 1020.251674257491 2102.450108339312 222.4455472410563
v 1017.981620970032 2098.828652598298 224.3288357386014
v 1021.220557773494 2094.544269383346 224.6250008787748
v 1026.857274067624 2093.619554218001 222.7531224025691
v 1029.314826631852 2097.107220172018 220.8170021016242
v 1026.146478061343 2101.569948176788 220.7990085876554
v 1103.151207176498 2097.862450720765 155.157229689077
v 1106.048999043758 2097.9240051975 160.2506345773807
v 1104.691236846124 2092.629048535367 156.6870917189667
v 1103.507478841493 2102.520974811201 156.9539824604063
v 1099.928091887294 2097.952552165169 150.8999763722911
v 1100.481996358961 2102.520974811201 152.3518657967938
v 1101.592928077593 2092.943655233594 152.4930167031604
v 1105.41288779798 2053.456401715419 160.6762640704987
v 1101.828183057302 2054.610333622954 157.8484608450834
v 1103.647275976023 2057.976038904184 158.6415802494408
v 1106.59569583538 2057.976038904184 161.2208100494873
v 1105.71532925249 2062.500718919688 159.8484490005008
v 1101.926872508325 2062.608830770083 156.4329508240625
v 1099.572188320148 2058.154614823593 155.571966308815
v 1103.228112022065 2079.905839831747 154.9191763909454
v 1106.974083567688 2080.248506857693 159.6943755088774
v 1104.677959878777 2076.463400111033 156.9690596364813
v 1104.8590216688 2084.681658240796 156.6161264233204
v 1099.440238211007 2080.33065276238 151.0049180061206
v 1101.493735980555 2085.379338723585 152.5253945703616
v 1101.132893907617 2075.794013266991 153.2884662901653
v 1091.103272017895 2057.573123719962 150.6639507293858
v 1093.365817195887 2062.26895126665 150.5751590837978
v 1095.656040522492 2058.742703465486 152.8915840064363
v 1092.438139576319 2053.735078922328 152.4312424057633
v 1096.92109880988 2053.708409858875 154.8873038675305
v 1097.887125778638 2062.430532494885 153.4241820077835
v 1081.053068498818 2057.796768636671 146.1376206914006
v 1083.692439865478 2053.254214739684 148.6376759798637
v 1077.715140371007 2053.399839660864 146.4760808012446
v 1086.516641813628 2058.218021548358 148.2339432322472
v 1076.591562556025 2058.796796956301 144.2709720713787
v 1079.884471773346 2063.094274686536 143.911572926815
v 1083.370711489913 2062.691181009295 145.4205721667286
v 1096.153528778131 2098.061488768822 146.9257273200135
v 1097.220007644584 2093.611987629798 147.8331653279701
v 1097.798655936885 2102.520974811201 149.0948036671501
v 1094.936017598906 2102.520974811201 146.2116545148549
v 1092.271196734888 2098.092302771896 143.6263310865876
v 1094.252181941197 2093.611987629798 145.2012881090526
v 1083.627700699703 2098.072618366508 138.0075904389589
v 1086.374002536916 2093.520311817734 139.7765190986578
v 1080.836189309485 2093.662766954633 136.8976811379235
v 1088.052144637968 2098.066481220499 140.6059841783937
v 1085.715397465474 2102.578402903489 139.3001970688811
v 1078.901837295211 2098.066481220499 135.7284985595947
v 1080.679456973259 2102.486178353612 136.5552630883688
v 1071.309058968886 2093.405638120958 133.3446923318834
v 1073.791673989708 2098.003309153195 133.7689906489051
v 1076.916975938174 2093.495214982759 135.2427631062884
v 1077.392578353179 2102.539308147114 135.0854234701763
v 1071.416632277011 2102.51707735905 132.9504329233744
v 1067.690870656523 2098.104641977028 132.0237893829878
v 1079.822503645314 2076.591466963756 139.6784270083266
v 1082.926401905348 2081.17884546165 139.8762304906545
v 1084.008552823671 2075.606230446367 141.7802111185825
v 1086.905766183173 2080.137264685176 142.1239191088494
v 1077.458881800873 2080.160615441 137.8278461051439
v 1080.533227396934 2084.812432607768 138.0176965485017
v 1074.793216378918 2083.686634983364 136.0681069263347
v 1071.628584150878 2079.323859832444 136.1807975922316
v 1071.008120922277 2084.582268954653 134.7188720583297
v 1067.860227730753 2080.047243862675 135.0589470232313
v 1073.999305972622 2075.453764948203 137.9613017359279
v 1042.524831665628 2053.30950999017 143.9251230626592
v 1039.992060393793 2058.100464069975 142.9536506724911
v 1045.549904957712 2057.786809661609 142.0029820084099
v 1007.284083714121 2093.398763931393 141.8330300756234
v 1001.547686794353 2093.459363194546 143.6942710890816
v 1004.096697029369 2097.772945471978 141.8441889823076
v 1004.671816047722 2088.882664694955 144.0945084947292
v 1010.663334352979 2089.056648329292 142.0266353601808
v 1011.748167252969 2094.541282949702 139.9541338516837
v 1008.607632615696 2099.059178769555 140.0306429944033
v 996.1006569891883 2067.789842480887 153.4366824202817
v 995.3392298583316 2062.53310339518 155.2324428042994
v 999.2717991671311 2066.081107296005 153.9940942582945
v 1001.663344770237 2062.556473629529 154.8954220667385
v 1002.338954445837 2067.665236116329 153.2253737436306
v 998.6905518825727 2071.575379440998 151.9744149065333
v 1020.228444005029 2058.248560209841 149.8084447037273
v 1014.774304071857 2058.237358952375 152.0805470797713
v 1017.563611625668 2062.65432579329 149.8780852259927
v 1017.609963051028 2053.644568884492 151.6871015737202
v 1023.109669012514 2052.640068522691 149.7564580275599
v 1023.523140288183 2057.796291738005 148.5410750753244
v 1020.971708671334 2063.053067095447 148.2369369086001
v 994.6831712894784 2097.09634095541 145.1026046681908
v 1023.57108536338 2097.954240873501 134.99793785589
v 1026.507691778968 2102.650684814498 133.513390403325
v 1029.433024015175 2097.790697986284 133.1994281790024
v 1026.737737847579 2093.483369440928 134.7972171158467
v 1048.87477521047 2102.559810495121 130.0317264464983
v 1052.051558700917 2098.017040659972 130.0855395640575
v 1045.710133199681 2098.029284911226 130.2003476166547
v 1048.874251482975 2093.500924148786 130.4232885224168
v 1055.169793888871 2080.005201525963 133.4640352070477
v 1052.025344461916 2075.552983089136 134.9212931332515
v 1048.666848236719 2080.131451030617 133.5482788366373
v 1058.357033546921 2075.543701441815 135.0492845247909
v 1061.214881708776 2080.531751104905 133.7892225238554
v 1052.035198558156 2084.894586561107 132.0586527892475
v 1058.306215255851 2084.85142590184 132.350105676585
v 1058.319912852804 2058.228667830706 141.2116348070901
v 1055.183879286956 2060.292658431938 140.4059208395066
v 1058.359097295828 2062.82471829252 139.5667987827673
v 1052.049044945635 2058.223891439657 141.2208019280006
v 1055.185081068712 2053.706727983579 142.6925648532151
v 1061.5669650815 2053.991938799883 142.9164692514625
v 1064.821175529539 2057.792578611283 141.9723965489854
v 1061.483484536431 2060.502056754085 140.6153191616532
v 1036.891631225196 2081.003370644003 135.2474877563369
v 1035.782545164484 2075.700266489475 137.5453695609525
v 1033.298984802297 2079.894919143335 136.7173140138295
v 1039.43486616327 2077.886635931381 135.7274303854408
v 1041.887722003221 2074.976721153757 136.2863776032227
v 1042.755667136239 2080.4250268053 134.1627109911661
v 1039.392467001302 2084.469731455294 133.5103174064739
v 1023.0599513383 2079.433573259529 140.8437026296211
v 1019.782440386738 2083.71463796762 140.4896668991871
v 1023.908659566451 2084.752668886191 138.405143565453
v 1017.574674514378 2080.267741146758 142.850938643837
v 1020.968805078105 2075.837211032929 143.298978391087
v 1026.347194200218 2075.159710242658 141.2187030508891
v 1027.287637877217 2080.327441273988 138.7365671944702
v 1118.223466637344 2026.771218473473 169.1986124136021
v 1121.917573107497 2026.906805471913 172.8812876393198
v 1120.245200941068 2021.417762740295 169.9149138732398
v 1118.875115494122 2017.777077631406 168.2308704766527
v 1122.787102206454 2017.885596587869 171.6642207292163
v 1116.466493652038 2022.34009017857 167.2394302972177
v 1102.486517877048 2040.178907138597 160.3209189301049
v 1105.254349395187 2035.64648656353 162.0590314342569
v 1099.643717066163 2035.758126678204 159.5996538774754
v 1107.016236603432 2040.158064541377 162.7861376204619
v 1104.900915954299 2044.564083171612 161.2261552125136
v 1097.734538797719 2040.158064541377 158.0944661763434
v 1099.877219541284 2043.629326040378 158.5355195079591
v 1109.02451148616 2004.639913213649 159.8972548386631
v 1113.330945917771 2004.522115815764 162.7647772470835
v 1111.462346880041 2000.265900733087 160.8757304695557
v 1111.190861882438 2007.971305551387 162.3421233788456
v 1105.570579223665 2008.466148074568 160.9544583342322
v 1102.180383378507 2004.377993407522 160.011751961605
v 1105.580721282751 2002.917913296827 157.5114781934962
v 1107.435342715725 2000.067622225062 157.7389384816811
v 1077.128794022849 2004.639519425945 158.8760365837561
v 1073.446035404429 2005.441438415756 157.7269709592566
v 1076.563746479771 2009.936696657903 157.8131199150939
v 1073.974328065289 2000.195642801984 158.7211086987949
v 1080.297662841005 1999.992457797774 160.3772294627483
v 1083.308749175977 2004.629757242167 160.5110118137384
v 1080.287931586566 2009.094774465345 159.0166407979397
v 1099.06859786114 2026.907045248182 160.5219706164728
v 1102.520937116634 2022.306078361729 161.8220351402018
v 1096.10726347592 2022.351148378177 160.376658904071
v 1099.324375914991 2017.840437053501 161.5045064162276
v 1077.868512735746 2039.967297263846 150.8279846449664
v 1080.494635134511 2035.497928147489 152.9160138651489
v 1074.449752734903 2035.591270051821 151.1330782339462
v 1083.314128509301 2040.443896794583 152.4262006320853
v 1074.082695035379 2042.228490573275 149.068714525054
v 1076.584715919408 2045.450822242026 148.7526543262711
v 1071.699563637286 2039.178637198014 149.3891178938936
v 1080.274311945604 2044.830391563888 150.0931508241516
v 1001.669634653815 2000.078778147378 154.9250979795746
v 995.3461079471365 2000.075146902917 155.2390230984184
v 998.4961000370938 2004.540605428408 155.0091663107905
v 998.495923060794 1995.626100624424 155.2218922551558
v 1004.796304888525 1995.632569826727 155.0166864197778
v 1007.963566462437 2000.091541465939 154.7010019608317
v 1004.808203252681 2004.549908236251 154.7170196329964
v 1036.231791685151 2040.058275172434 148.1776181538754
v 1039.105946763697 2044.49910247106 146.8106816608885
v 1042.783265516659 2040.510374488095 147.124300694031
v 1039.390168454714 2035.584147791057 148.443519309174
v 1058.359725638308 2035.562365956278 148.108992444327
v 1055.151547249599 2039.825608161891 146.8071959840487
v 1061.220550673498 2040.399917922057 147.1379076079351
v 1058.921850931123 2022.142328381267 151.1695365322589
v 1061.531040140103 2017.784736891539 152.4705246304669
v 1055.176114083978 2017.916997311944 151.4619522783663
v 1064.391073575354 2022.661642077546 152.0235049518082
v 1052.015160886838 2022.439746316884 150.3531303166047
v 1055.146696401657 2026.972219452205 149.7428323508756
v 1061.447820664968 2026.898268330025 150.5472402885625
v 1039.450712116229 2022.413431211993 150.3057087285197
v 1033.151442903064 2022.371493842829 150.812816195842
v 1036.321588395506 2026.881184104775 150.0051584849828
v 1036.291643360875 2017.909582908719 151.022933689996
v 1042.586310988163 2017.931144492555 150.7900534256142
v 1045.733557033198 2022.443373254013 150.1283236156918
v 1042.61472917197 2026.238713377404 149.6261280160957
v 1042.587697718438 2008.935330870302 152.0268431170688
v 1045.75573804943 2004.407379271295 152.8498232757149
v 1039.437677274893 2004.436540033916 152.6230458914852
v 1042.614930414456 2000.622490367428 153.3088519426516
v 1061.432568905201 2004.613660809382 154.9063968763267
v 1055.851073566678 2003.634760891714 154.0763655513898
v 1059.079316439291 2007.967730987651 153.8439107942419
v 1058.299450153074 2000.141692055477 155.1298051998943
v 1064.072797995174 2000.289319559663 156.2636809468732
v 1067.323156122131 2004.715518951548 156.2332510372328
v 1064.568488817346 2009.082220300904 154.7743968708993
v 1024.434962039011 2001.065778792825 153.5103387583059
v 1020.583310572952 1999.442029174177 153.9078908209024
v 1020.495861339044 2004.441644493055 153.4806846840006
v 1023.655076641901 2008.9215167993 152.8551827849542
v 1026.811376143063 2004.442616739669 153.012190560027
v 1004.312635559514 2040.440406455634 155.6863470861278
v 998.4530172886723 2040.179443361142 156.7288691651256
v 1002.112943472102 2044.617224907645 156.2851348350433
v 1001.59003962595 2035.675050150226 155.8986537617695
v 1007.997297381927 2035.674061961051 154.700870305772
v 1011.190740568955 2040.13648994648 154.1761650259764
v 1007.988329781692 2044.60237639791 155.0546513312804
v 1024.198754446931 2027.082780130515 151.6538366187513
v 1027.041401107757 2022.443576959368 151.5217298027071
v 1020.501249651283 2022.321343091923 152.4295480881375
v 1023.662530526147 2017.862042793327 152.2368705391424
v 1004.83056447128 2022.321084991389 154.6043650330524
v 997.9027749583992 2022.330569711155 155.5510172774833
v 1001.661668867645 2026.775475563698 155.2704876537079
v 1001.667353476336 2017.876568680275 154.8631491649105
v 1007.987743671546 2017.890827030524 154.1493075360813
v 1010.62529437472 2022.336026909401 153.8307123864722
v 1007.999626393753 2026.767126344764 154.3025426081014
v 1093.010616717822 2000.757456795499 162.4893774737308
v 1096.13131340854 1997.988763509976 162.7374041408772
v 1092.947561950839 1995.71131031665 162.9322582601548
v 1098.887810341671 1995.772878799025 163.0626336435172
v 1099.648797358454 2000.56342726003 161.8601590165464
v 1096.137438343487 2004.496649564514 162.4345599582488
v 1004.932969980575 2084.362826729006 145.6607652640691
v 1001.023104231036 2088.371928178251 145.3442110415187
v 998.5035256706791 2084.947976034101 147.129093029525
v 1001.8744898262 2080.446441613515 148.0040226542322
v 1007.868563831734 2079.90466273538 146.6696897242208
v 1008.526893386197 2085.443496998154 144.118753072435
v 1077.096048361068 2097.891910599329 211.0875320834648
v 1073.950719998883 2102.337283014116 211.1613548934112
v 1073.533707124977 2097.284669299946 212.2574942846594
v 1076.672215303956 2092.809297949952 212.2206437669954
v 1080.245244981491 2093.448059984245 210.9396137191449
v 1083.140839060055 2097.900775210923 208.8231600196788
v 1080.103949623388 2102.408682578452 209.0074927296169
v 1109.543786610476 2062.47598850947 164.0779238333404
v 1112.580883801115 2062.336103690915 168.466963659468
v 1111.008085433044 2057.269359463294 165.9114804472881
v 1109.480699378498 2053.547843916764 164.2590808008972
v 1113.315168940327 2053.521545313482 168.6092811949072
v 1113.714010940409 2057.294619639199 169.6848701071627
v 1110.153102269242 2094.187327166761 178.8410054015837
v 1110.420233595152 2089.87213631296 183.3447629337825
v 1111.352905816776 2089.252177186474 178.2051050715451
v 1109.236508191492 2098.066481220499 178.1797436280679
v 1108.401075482631 2098.045937850762 182.605784823952
v 1109.648092300538 2093.611987629798 182.6342372187696
v 1110.562225055894 2093.085001762068 174.3822113684203
v 1109.325491636476 2098.302788261958 173.3765836733452
v 1115.485654106011 1999.73988815453 210.202849894467
v 1113.451344230698 2004.522115815764 211.5829532988882
v 1111.581036780927 1999.988522605374 212.2557511780674
v 1112.486587594548 1994.621559185869 211.210150828146
v 1117.455029830277 1995.40636504602 208.2351670518084
v 1117.898870120446 2004.503320429191 208.9534613112298
v 1119.806673514728 2000.067622225062 207.2072653936044
v 1115.228727891955 2000.171831480143 164.3191129895123
v 1117.471874015083 2004.50753329573 165.9268051142499
v 1119.404374800034 1999.417594450311 168.1274714710059
v 1121.344140367428 2004.525647327003 169.2220370140824
v 1119.390403997954 2008.976609406465 167.5588902215622
v 1115.185530086675 2008.918777922225 164.6695262821003
v 1080.56625459915 2004.520817299162 227.4516436140574
v 1077.576568901271 2008.817392158028 228.986583583291
v 1076.69715670364 2003.532174454251 229.8866389138327
v 1077.829866659888 1998.96478014373 229.1268225483361
v 1081.621136729274 2000.067622225062 226.4426835194028
v 1082.598122202344 2008.9638627549 225.8457571612641
v 1084.730643233827 2003.788882949614 223.9338681983858
v 1059.958791065312 2004.522115815764 229.3354153111046
v 1058.412575094296 2000.091275526957 228.5265388771132
v 1061.837042198505 2009.054354286237 229.9363519418876
v 1058.461200947077 2009.023428134601 228.9773894489701
v 1054.640828575176 2004.543164598861 227.7091386165729
v 1105.239466732483 2035.506894972323 213.1149768856203
v 1106.198939042747 2041.173137704367 211.2505638666552
v 1104.086943741437 2044.612558132079 211.7031718955861
v 1096.64268514572 2049.287693177092 214.7239410930484
v 1101.862741975972 2048.166694633115 212.1118120944481
v 1090.462404991122 2036.701435082195 220.159990089543
v 1092.796018502427 2031.180144616222 219.8576072448891
v 1098.839367672152 2031.3111964065 217.054239474221
v 1092.524060850928 2048.379967474085 216.9361697965096
v 1090.204590690772 2044.781620311611 218.7432339745045
v 1088.234879727905 2040.158064541377 220.466423110955
v 1103.339267346406 2031.165804582055 214.8362090994653
v 1108.588207658058 2044.546871680113 208.5571599599402
v 1105.593375416255 2049.055223014476 209.3736056837292
v 1109.636690655249 2035.982610329849 210.2283761612036
v 1110.731785370915 2039.653838313942 208.4348554424698
v 1108.241301557754 2030.409807249037 212.2845573607343
v 1093.26868872693 2053.223148212293 215.3791192186857
v 1086.088319390322 2035.399013495539 222.0960993795256
v 1089.547432689801 2031.367620295502 221.2546860581829
v 1091.57330490609 2026.794583769272 220.733175684211
v 1096.443082741711 2026.760826821446 218.4923423498645
v 1101.076817926083 2026.794583769272 216.3551983244673
v 1090.000500626551 2053.717555676637 216.7052641508923
v 1087.2148410139 2049.287410657837 218.8975100829701
v 1085.95843868454 2043.550410858807 220.6393956309151
v 1105.87775302672 2026.701798145547 214.0415017303525
v 1093.308241557807 2022.374404679163 219.9482374922147
v 1098.917835652813 2022.33527294769 217.4036141307138
v 1096.210959511708 2017.915355570717 218.3208636326322
v 1101.053680766194 2017.885596587869 216.3224774391563
v 1102.801885746509 2022.339576374863 215.6901366196972
v 1089.517487408811 2022.341041476323 221.808950647556
v 1091.49196598849 2017.885596587869 220.6181450837921
v 1093.420808973744 2013.189280735205 218.9955470810721
v 1098.958048551033 2013.309607313192 216.6585908903376
v 1102.288012904757 2013.510671413442 215.5626251655004
v 1105.889983281027 2017.890223719632 214.4419619337026
v 1108.282097976295 2022.01831500364 213.2246060842264
v 1086.870015433208 2026.746689318367 222.846627602894
v 1087.038515104683 2017.921738772663 223.0636390546965
v 1088.985221954758 2013.319952719169 221.5876585831907
v 1083.881167394608 2022.232459590849 224.5252026897452
v 1099.915740691098 2008.084602883772 215.6051936744812
v 1105.957327944075 2008.98806076995 214.2847532890175
v 1108.271722931133 2013.444405069338 213.5668112876447
v 1111.347171491198 2016.938027538987 212.1141282149313
v 1095.651002168848 2008.89626383571 217.1828581488731
v 1110.331460162498 2026.794583769272 211.6252645273093
v 1090.33239304532 2008.089794413836 219.8650762936294
v 1099.200088503385 1991.152274045224 215.0263621384196
v 1092.676187001076 2004.701177684002 217.7354127505687
v 1090.154397685589 2000.147517868319 218.8490821467897
v 1092.664117390069 1995.628700803662 217.2421447981545
v 1094.816288070941 1991.158635043658 216.4104592770869
v 1105.219050289054 1991.329027176098 213.5114143802371
v 1108.291450784155 1995.565977800889 213.1165875096056
v 1108.269450142664 2004.518709375393 213.6158288748341
v 1088.412771628448 2004.522115815764 220.7180002493397
v 1086.108434109709 1999.981871253405 222.3142586460687
v 1088.103031199723 1995.61312863436 220.2799611342214
v 1090.223507426152 1991.147513380246 218.7292736000894
v 1110.299893079733 1991.158635043658 211.5806219307381
v 1111.595166729267 2009.012284842159 212.3529287725233
v 1067.774390708917 2009.027989779709 231.0497944737682
v 1060.809261363668 1994.503503526465 229.2422937886694
v 1063.853979454751 1990.160172796908 229.2797429002135
v 1067.764271519503 1991.52542537394 230.2629098859251
v 1073.386990462609 1992.066895605104 229.7415313128269
v 1075.882441771031 1995.61312863436 229.7243993681818
v 1074.189675288882 2009.086373041244 230.2840142988985
v 1064.586185929472 2013.536747810343 230.0803497722586
v 1070.979747011758 2013.576803880436 230.1274683205365
v 1052.471376233288 2000.362282445624 226.8820464026159
v 1054.973664613959 1995.676765754207 227.2614708630734
v 1057.778445179312 1990.87642278355 227.6637517697633
v 1077.499733293933 1991.060363249235 227.6998651152141
v 1080.259536706924 1995.541853219277 226.9997368682148
v 1074.784676758292 2014.447808557017 229.1886307587174
v 1059.96510678124 2013.431102997167 229.3264835399832
v 1076.711240138702 2048.877048178694 222.319884875023
v 1082.824974566816 2048.065784763262 220.7233820828749
v 1070.9737978018 2035.788785731283 226.2422512163546
v 1074.123579900716 2031.315733997627 226.4275013792083
v 1079.678372731045 2030.198882871573 225.1334747438617
v 1070.932892410642 2042.437345129861 225.0039601235686
v 1067.830179451392 2040.270896853776 225.9475173531985
v 1083.956992538914 2031.195680137356 223.5120457583329
v 1070.8853261011 2048.964607847049 223.6591904457094
v 1068.54414942776 2045.623056880559 224.8114791508514
v 1081.90134312219 2026.794583769272 224.8729305174708
v 1073.833144809732 2053.192694660132 222.0410263472114
v 1064.690514251333 2044.759054106093 225.6008673628849
v 1064.594027992206 2035.568597770096 227.145952235337
v 1068.292902132811 2031.434988765978 227.3843186494487
v 1068.38980240444 2053.726110812235 223.1046954771019
v 1065.286676745545 2049.926046706258 224.5077069303022
v 1071.217988894169 2027.181952882109 227.687906387674
v 1129.403584686716 2000.473573481624 187.030339707505
v 1130.007250294958 2008.985815047701 187.0730399852832
v 1129.907444259587 2004.522115815764 187.0887308094713
v 1127.134982782031 1995.672838535875 195.6704591346303
v 1128.043272464889 2013.33275610214 196.1958748333627
v 1129.548487545427 2012.858269868972 191.0131125377085
v 1122.873973569811 2000.067622225062 204.2077456492247
v 1124.867711830693 1995.722937256424 200.3537060101542
v 1123.605063609195 2008.296695854066 203.8511411726737
v 1125.274021606479 2013.244183994309 201.2456793648945
v 1122.079122794208 2004.574633290023 205.466246158176
v 1128.202080912301 1995.61312863436 191.543224400173
v 1128.348447019089 1995.412392594829 186.7524007907543
v 1129.790488350525 2013.431102997167 187.0887308094713
v 1129.405639598682 2012.778188700388 183.2056105190318
v 1125.146174701532 1990.529667249141 196.6204480145592
v 1127.00152513017 1991.670777346323 191.3075990859029
v 1129.369161420896 2016.980210188276 187.0887308094713
v 1121.332104352617 1995.615852725382 204.9158651892468
v 1122.451465610264 1990.215823726239 201.2990243493548
v 1122.361577061835 2017.885596587869 203.9981328661992
v 1121.858274134979 2013.322571742964 205.29398097532
v 1119.935935768275 2008.976609406465 207.3900698256738
v 1128.737572835462 2017.753396759585 182.8119713464903
v 1127.059444677445 1991.158635043658 187.0887308094713
v 1126.610046974625 1991.550307729002 183.0856681328934
v 1127.832662734791 1995.61312863436 182.6342372187696
v 1086.009112185473 1991.086968733092 221.6934809905417
v 1001.650038600919 1991.206052911933 219.3069209984345
v 1011.040726498277 1999.96746829186 220.7649643032589
v 1007.891358801785 2004.412587101124 220.8857610608152
v 1001.637234666424 2006.736476625369 220.5103187254791
v 998.4634642775738 2008.871453445311 220.7737286559776
v 1004.750273803828 2008.866579440303 221.206199013067
v 995.0892205638577 1990.821762019036 218.7175075320853
v 1007.955681096818 1991.24139319517 219.6094967045365
v 1011.151050007068 1994.993392463118 220.2688322267265
v 1014.935521350929 1996.556821198812 220.7923439478876
v 1017.350166449797 1999.986921807169 221.517013972287
v 1014.203917690699 2004.449852988998 221.7020232504363
v 1011.062410248661 2008.91276804716 221.9642914691964
v 1001.617630738856 2013.345122846189 221.7832286894788
v 995.3376294169499 2006.938437848806 220.3083575020428
v 1008.154050461109 2013.849031235207 222.5569268427409
v 995.3138968494368 2013.314162005376 221.330397471105
v 1014.272667035378 1991.289619292235 220.0281274502218
v 1023.635077083142 1990.987086052851 220.8849541674236
v 1029.950898061675 1991.060657722334 221.6869012204252
v 1036.244757029612 1991.378855775096 222.6794696358526
v 1026.814352203676 1995.558255668035 222.0470646718153
v 1019.772271128512 1990.176406086722 220.3325619267142
v 1032.844211819189 1995.50688573066 222.8461598501224
v 1020.495342122596 1995.503174319552 221.2698455522899
v 1017.38624779011 1993.273907372611 220.609407206132
v 1042.587609553078 2031.262323337596 227.8486663334581
v 1042.573881277608 2049.052069583505 227.5733293482558
v 1033.132893269034 2035.739179518905 228.0883287489589
v 1036.287388585817 2031.271934141562 227.744197527928
v 1048.887637882389 2031.246290583063 227.961228819168
v 1052.030326305976 2035.685875694161 227.8020615069397
v 1051.719167404542 2044.49466272054 227.097373385334
v 1048.234531011248 2048.798873142141 226.9714414862253
v 1036.256495366076 2049.049995529683 228.2523801367385
v 1045.434294972595 2053.103665833848 226.800466119214
v 1033.110825784393 2044.628288083414 228.5478348094859
v 1033.091478562842 2053.492857020786 228.4637431524377
v 1029.942995421795 2049.078119098499 228.8971572138225
v 1029.987780564776 2031.276195389319 227.632168088598
v 1033.063418186128 2026.726521213993 227.1943522221315
v 1052.046356487993 2026.790220263371 228.1161778828789
v 1055.184564009093 2031.223158868952 228.038276981239
v 1058.328688887489 2035.682070064203 227.5826535459423
v 1055.216959071816 2049.152099186582 226.1069513343045
v 1052.082864720167 2053.640250966848 225.7960025226013
v 995.5988031771458 2084.348414846283 231.3579194408818
v 1004.834794266634 2089.362573985319 230.092294668411
v 995.3454772474224 2075.78020341058 232.2020887367364
v 1014.293982203499 2075.842999262223 230.5712531897777
v 1016.68275909517 2079.213978022838 229.6042546282735
v 1013.550445066737 2083.730269756836 229.6907853816492
v 1010.321384128051 2088.141364603402 229.5352984549969
v 1004.776997664957 2071.336266128636 232.1701395724554
v 1007.936839915899 2091.177955884069 229.1996349707605
v 998.4896277098924 2071.340229009001 232.3680412815253
v 995.3447845118039 2066.897284434918 232.1063386059178
v 1001.634180400307 2066.896853758613 232.2316577210256
v 1008.362210356202 2066.886542536142 231.819913835795
v 1010.695524618857 2071.083216775604 231.5104007399413
v 1017.288106637144 2084.568567413048 228.5099927444942
v 1014.158263790308 2089.002830394457 228.4093088665233
v 1011.714130380527 2093.769664084071 227.6590655937837
v 1014.258916434282 2066.88915883388 231.0639251552823
v 1017.460677523611 2071.390392495952 230.2609507458127
v 1018.998716112678 2075.794013266991 229.4595476964587
v 1023.685853039585 2015.778192495247 224.8320836277062
v 1020.577382504297 2013.555201514701 224.0818147339817
v 1026.79628610873 2017.746815256118 225.4763639070692
v 1029.972749341043 2022.285986311349 226.4345107809089
v 1026.749374744345 2027.40096507402 226.9993901326012
v 1014.215936247669 2026.673184568669 226.0852034507658
v 1017.260164251953 2031.181916662044 227.2058830113726
v 1023.472055047005 2030.962674722383 227.4134906361635
v 1011.864794632361 2023.295608516456 225.1231815461935
v 1014.236445165373 2020.365301562551 224.6994681511043
v 1011.118082814432 2018.015241607758 223.8314769517663
v 1014.000497028609 2013.121086332935 223.1494997130198
v 1017.41016683422 2008.631258475873 222.8003257707695
v 1023.717007213794 2009.056922977059 223.7126675360539
v 1026.159861166454 2012.541773467266 224.5697268092472
v 1029.913407069307 2014.027721428199 225.202477691016
v 1033.111163685263 2017.807846558263 226.0491284248786
v 1014.242554250332 2035.782155863055 227.9784692744349
v 1011.024762895207 2031.688055172142 226.9756726841255
v 1007.90271190839 2026.590599722792 225.5458144229261
v 1030.036173619839 2009.107761963363 224.484116132186
v 995.3376294169499 2028.997900561223 224.9758563338351
v 1024.451896091409 2047.988937963665 229.3406353581541
v 1020.57105725588 2048.988837876485 229.7071122089551
v 1016.619256699973 2045.597734966878 229.5638006797981
v 1017.415835228348 2053.475162599393 230.3007720691597
v 1014.253581156392 2048.972091554095 230.080355559464
v 1011.088713733952 2045.215834839638 229.6266726089216
v 1014.236445165373 2042.602211675959 229.1895195819064
v 1001.62275554603 2048.928811894969 230.1374156931997
v 1007.939225218918 2048.957510124863 230.243089224391
v 1004.77247198369 2031.152014253017 226.4136777726539
v 998.487432041687 2046.704587758422 229.5416370901447
v 995.3790019148438 2044.800750229684 228.863905101627
v 1011.09793515992 2053.473493572807 230.7499054319496
v 995.5351602524065 2035.946408177634 226.7802523445602
v 998.455505125745 2031.071564274459 225.8381631313353
v 998.476017151575 2053.451055637614 230.7706943299292
v 995.2777437543393 2049.592224138935 229.8453466358356
v 1061.578392450127 2048.531923033806 225.3604849606432
v 1061.476183347853 2031.204679188123 227.9496259147899
v 1036.248588257203 2013.337838038188 225.749452823026
v 1042.563067458151 2013.390871966916 226.440721391072
v 1048.709679556121 2013.345869028821 227.2472019059276
v 1052.062438111873 2017.903342690449 228.0140667651772
v 1033.906602445088 2010.010994476611 225.0539464008662
v 1045.704772328442 2008.934759859708 226.3761101126009
v 1051.646117866013 2008.776905999085 227.3687651069031
v 1055.242458897317 2013.457704624557 228.373515465733
v 1026.85766922555 2004.574602612528 223.4195824687685
v 1024.368088174291 2000.3168101665 222.4628737617316
v 1029.747478450705 1999.741081707439 223.0723033013323
v 1020.778913860432 2004.611384252715 222.6276550671612
v 1067.804226759846 2017.305142420314 229.6715188096342
v 1071.626217888246 2018.809220504695 229.0833073361792
v 1045.656172016943 1999.979311363053 225.442569347631
v 1039.481566558768 1995.692933208285 223.8783402077094
v 1048.85008232204 2004.488447671093 226.4475440840239
v 1042.636869872846 1991.240633036555 223.7944826279418
v 1045.027553026369 1994.59596173332 224.7415800056286
v 1048.795647857503 1995.535852717228 225.6350138697262
v 1048.147057041367 1990.100876151414 224.8250207016467
v 1123.065192793488 2035.121077071061 195.4479595323886
v 1122.959740823449 2039.572019566207 190.8563547239572
v 1121.036262034145 2044.625231809288 191.528705828081
v 1119.828109106251 2031.249077359974 202.7830863071526
v 1122.296849615268 2031.249077359974 199.3840942388227
v 1113.602295270302 2035.703570950675 207.3419367156479
v 1116.349859795341 2031.90902273304 206.0976740111943
v 1122.943765266307 2041.081757458455 187.0887308094713
v 1120.33437652414 2048.816681363956 187.1968226736219
v 1121.763483176787 2044.612558132079 187.0887308094713
v 1124.155813143159 2035.703570950675 191.543224400173
v 1125.314396342586 2031.848094569049 191.7447353463708
v 1124.661605709675 2035.842180337189 187.0724088816368
v 1124.138025055088 2031.249077359974 195.9977179908747
v 1122.259012201265 2027.620479634732 201.1539202531733
v 1112.149051983773 2031.073627258929 209.663540151199
v 1118.812750144895 2053.584715789552 187.28310220181
v 1117.932713508741 2013.186160888269 208.5612230387102
v 1113.304117679633 2013.431102997167 211.3747435136301
v 1128.422944826395 2022.199159422227 187.0933620558954
v 1115.314672937474 2008.961077205715 210.4909584301835
v 1082.966641689483 2016.842211236931 225.3361048483766
v 1080.261531284551 2013.475206723153 227.0814354141732
v 1084.717114917876 2013.431102997167 224.4005395887769
v 1086.681790072548 2008.976573916275 222.7244812784296
v 1126.32069583691 2030.482693386568 187.0887308094713
v 1127.345948946892 2026.794583769272 187.0887308094713
v 1125.351345775887 2031.908445095661 182.384644330701
v 1126.89230403136 2026.640815192246 182.7889825053632
v 1127.899405651982 2022.34009017857 182.6342372187696
v 1117.539774558335 2048.980931114314 174.0964301641343
v 1119.635010351913 2048.352429186762 178.8855413290934
v 1118.261342499154 2044.612558132079 173.7252500373662
v 1116.67061888135 2044.612558132079 171.4052472202047
v 1115.167409969332 2040.077493145455 168.853702123419
v 1117.214940178986 2034.862278535384 169.876732523386
v 1122.259204382746 2031.249077359974 174.7897109327268
v 1119.717456037285 2031.249077359974 171.5508623826403
v 1124.191252579523 2031.249077359974 178.1797436280679
v 1124.326574685718 2035.703570950675 182.6342372187696
v 1119.931667914355 2050.095130253657 182.6342372187696
v 1114.604518851417 2049.190184947697 169.6762019328995
v 1114.021909351844 2044.612558132079 168.3742555878436
v 1111.315415535449 2040.199413947821 165.6358814288758
v 1113.540570152581 2035.703570950675 166.922817401915
v 1115.811916710997 2031.138236008723 168.0752235118444
v 1118.958818911443 2053.521545313482 182.6342372187696
v 1124.856396911732 2013.357030298921 173.3748839587282
v 1127.740010603668 2013.412226413049 178.1494250127643
v 1122.309859875546 2008.976609406465 170.1672257736546
v 1122.907029210037 2000.067622225062 171.4946183342554
v 1126.814612555655 1996.492941313397 179.0071896729191
v 1123.960176899116 1996.080343456463 174.1248151916836
v 1126.624674236953 2017.885596587869 177.0746430763087
v 1124.528613533781 2017.885596587869 173.7252500373662
v 1121.250389365459 2013.471493247897 169.5247266538599
v 1120.375375052427 1996.38755041271 169.8751578235319
v 1121.410545154282 1991.437200736477 173.2113810102929
v 1124.660320172263 1991.34043113291 178.084201393315
v 1114.507482563329 2025.855465502363 166.4945150239164
v 1114.534326113452 2017.572904797341 165.567057907777
v 1111.882081130808 2022.339561356176 164.8151767810482
v 1117.621306819054 2012.397598169942 166.6397826816432
v 1119.046623660133 1990.489224523171 205.4436190121207
v 1114.920698219182 1991.205332909634 209.0060425755698
v 1117.824203992281 1991.055212715667 169.8218875024249
v 1114.352499849758 1992.094652859777 166.7105932285922
v 1116.726895318758 1995.61312863436 166.8711667284784
v 1051.947873320214 1991.069650403022 225.9328180995576
v 1081.905235078956 1991.158635043658 224.8784345755144
v 1084.322366744782 1995.26056934218 223.551957902547
v 1091.850350135705 2097.267457497198 204.3489009243817
v 1095.564163609074 2092.675290487118 203.1679370912964
v 1098.975787758689 2093.590107002586 200.0520309186379
v 1102.457588541281 2093.440219244169 196.4890276252088
v 1103.55004390825 2099.037384006083 192.4075420364943
v 1101.660962420867 2106.323905074877 190.9447812653766
v 1103.46949938725 2102.520974811201 190.4987482628212
v 1087.253564518322 2098.940203112725 206.5888749527212
v 1091.059794582071 2094.059476901735 205.7579502622389
v 1084.210621834967 2103.529688739617 206.874989767288
v 1093.288142544041 2089.293091675869 205.6893831967999
v 1097.674748226385 2089.157494039096 202.6349580336121
v 1101.28538654521 2088.234448080187 199.727967038815
v 1105.850000406065 2093.360760120755 191.8804595932417
v 1106.300119771371 2098.75747272473 187.7463467476013
v 1104.913295796916 2088.572768539301 195.5021064541404
v 1104.091683677191 2106.376976867167 186.5177242542392
v 1105.311424811421 2102.520974811201 187.0887308094713
v 1083.421296610081 2075.749904488845 213.6939454921619
v 1086.011668371673 2079.258840995981 211.878168006536
v 1082.914299626941 2083.801687726441 212.0406738505263
v 1073.859728876677 2089.067780935729 213.6625476539224
v 1079.800120766086 2088.316878286052 212.15175042946
v 1067.146300460275 2075.610499421131 217.9062704532564
v 1070.941971489096 2071.250129953344 218.2401307603463
v 1077.347775776625 2071.543804149235 216.5999057880206
v 1067.783089785905 2082.583740364296 216.150925860285
v 1064.675780105624 2080.383023774468 217.15397254413
v 1080.944784991073 2072.123471967225 215.3951181447799
v 1087.16424213695 2084.915590983961 210.0568357115815
v 1084.03163114541 2089.03995244537 210.4452649565618
v 1086.519404292993 2071.275369808094 213.6096771345713
v 1089.090535418136 2074.685459213813 211.6589617582213
v 1067.742950015321 2089.060496026867 214.8708975306133
v 1065.392077628909 2085.679616206072 215.8653998818388
v 1074.384393492302 2066.986520093764 218.5057510503282
v 1080.498764353277 2067.071886672815 216.7801290551662
v 1070.571948676615 2093.465239265316 213.6048295041961
v 1061.535317393096 2084.895137955456 216.5328085763602
v 1064.577824170346 2071.169742723097 219.5214503359941
v 1061.672436239268 2076.021933153715 218.7331098195149
v 1064.6102103711 2093.553740068293 214.5915058895729
v 1061.424471218908 2089.678418686177 215.5671423816296
v 1067.662918656015 2067.347404020384 219.9174618086487
v 1084.100537400363 2067.689413183199 215.4239672174635
v 1090.336755611757 2058.715598851904 215.2694972586399
v 1087.231801445176 2063.221372308796 215.3842024226054
v 1070.999220644955 2058.125550598558 221.5174762798511
v 1092.638685383083 2062.297331347712 213.240281133039
v 1089.589204713649 2066.790220179583 213.4619040750972
v 1071.602270326585 2063.308942441204 220.0952392177799
v 1067.866905458365 2062.6423197812 221.0728926022073
v 1033.195226538294 2107.061640648954 217.3454167102667
v 1038.698771980754 2105.902729546229 216.1564527126112
v 1042.523061690422 2106.916249471229 215.360403539693
v 1040.96744317232 2102.520974811201 215.9830835452604
v 1027.52927667373 2107.216863953661 218.8838574671142
v 1030.671084302341 2102.807926792327 218.9596625079704
v 1045.683513352219 2102.506789181881 215.2336014329192
v 1048.867852609609 2106.965009372936 214.6756686249856
v 1052.093329049102 2088.672661979873 216.5770272852395
v 1055.183879286956 2091.108137568712 215.7663358832973
v 1057.556747699044 2088.189742360075 216.2036833647613
v 1055.80259724468 2107.210878874712 214.0393125035174
v 1046.492711049992 2094.607537853279 215.8835553556866
v 1048.884274037482 2091.519058617228 216.177256931814
v 1063.999935596508 2102.250482457164 213.5081614654709
v 1061.202133080409 2106.587756740127 213.3467311100146
v 1067.272414670447 2097.853061456105 213.5532275275357
v 1042.667140991166 2093.758782257508 216.9063069520141
v 1045.503268349798 2088.873042986408 217.5450389072609
v 1043.276253948404 2099.089508549773 215.8167687963237
v 1048.836017183681 2084.594986858439 218.2052198501834
v 1070.383608067116 2101.745184193269 212.2630963675346
v 1067.210539330662 2106.181535231723 212.212050564554
v 1055.093738174813 2076.19784396214 219.7405245995159
v 1046.34507747082 2080.99910950058 219.8843159558672
v 1048.884274037482 2077.876974029004 220.3531467063959
v 1051.309292261624 2074.900607025512 220.8062733644875
v 1059.061344733072 2072.241246623431 220.2009835223541
v 1055.256490282199 2071.585931751067 221.0555857169934
v 1042.486053591088 2084.450985150252 219.712238337378
v 1045.478114685874 2075.502691068371 221.8589777011069
v 1048.504421984352 2071.234082835154 222.4629889917084
v 1052.082921773551 2067.194971259524 222.8598856485204
v 1058.376436580724 2067.017832261656 221.7507031083707
v 1061.483484536431 2069.21689503986 220.602054898656
v 1063.981777269802 2066.054646179269 220.9729255043765
v 1048.953086111986 2058.138068715133 225.4768138326752
v 1048.765765566227 2062.945600218671 224.5269333776864
v 1045.654908321025 2066.696336478235 224.2623924908252
v 1045.120703531557 2061.60892187372 225.4895636428963
v 1007.569593734129 2097.839436425505 226.9703643666492
v 998.4818726483281 2102.152705755503 225.7534518730769
v 1004.83744663621 2102.101128474386 225.5544342988123
v 1014.374286937426 2097.681599332055 225.7118582731089
v 1011.086642540636 2100.676260202531 225.3344585171162
v 1008.697908325308 2103.359016699532 224.6390346898961
v 995.3376294169499 2104.495032536168 224.6987372600523
v 998.5005433983229 2107.517170271678 223.4267579906218
v 1001.637234666424 2104.52992536959 224.7336300934735
v 1004.738171870262 2107.449023732236 223.2985751665598
v 1017.178626902568 2093.35879796174 226.326592997934
v 1021.310138040038 2107.947026088908 220.3364688493977
v 1017.145146143893 2106.747524677216 221.7632608737455
v 1023.685853039585 2104.898786407422 220.6479975406046
v 1032.444059284311 2092.626974988134 220.7621601746688
v 1040.028235424608 2089.324158596765 218.8909780015864
v 1035.595479546985 2088.209348412672 220.8013148754187
v 1029.995356371856 2089.160907166399 222.737945770231
v 1033.774245882504 2062.717469615007 227.5420476100766
v 1036.336851924172 2066.969909748121 226.294461728286
v 1041.882837434506 2065.943956517674 225.2455641392514
v 1042.519148149314 2071.190008988738 223.8230659698843
v 1038.652560502493 2070.284273933049 225.0175801071533
v 1030.639813843432 2067.17986385636 227.6171785464562
v 1033.201772742722 2071.441034229596 226.2053761785134
v 1036.285063538533 2073.486337714354 224.8714975731496
v 1027.537663163909 2071.657327531658 227.7208601647062
v 1024.385266885881 2090.145269500138 224.7015755432704
v 995.3301198631037 2057.94899603935 231.237186170071
v 998.1889343357909 2062.015911677757 231.8582349564746
v 1111.713712166765 2080.387631031581 169.4945933797538
v 1114.713436636973 2071.144409130336 182.4032568540056
v 1114.656516618388 2071.339519676289 178.1797436280679
v 1113.957059056173 2071.487669228775 174.0255473870143
v 1113.547848323675 2072.053557572367 187.7681891659236
v 1111.740501688224 2080.232415364032 187.086003370948
v 1112.827366600296 2075.794013266991 187.0887308094713
v 1110.233703559137 2085.357970760434 187.666298058866
v 1111.31145952444 2089.157494039096 173.7252500373662
v 1110.760909409222 2088.651409141117 169.7393715805049
v 1111.186695283035 2084.703000448394 169.2707564466645
v 1112.326273727253 2071.281666592839 169.0966748101555
v 1112.07334285733 2075.794013266991 169.2707564466645
v 1110.031729938833 2084.703000448394 165.8410208608154
v 1109.579595898089 2080.634905164262 164.1861375432121
v 1110.455980748791 2075.794013266991 165.5595002868212
v 1115.386422941029 2067.045375474891 178.0001289034351
v 1114.480937300406 2066.885026085587 173.7252500373662
v 1113.175790302807 2066.885026085587 170.2706023164535
v 1115.641881797839 2066.885026085587 182.6342372187696
v 1115.055912959879 2066.966209929102 187.016414995907
v 1113.264948438056 2067.481907737227 192.0608430114865
v 1111.289129928477 2075.781968054659 191.2084389806317
v 1112.382852664753 2071.339519676289 191.543224400173
v 1109.401192782111 2080.897859642806 192.1320982287546
v 1108.127782776145 2093.608428034416 187.2332735545136
v 1109.460969423036 2089.157494039096 187.0887308094713
v 1107.951651808757 2088.392616630163 190.8459797716412
v 1108.654224744194 2084.703000448394 191.543224400173
v 1109.895906854794 2093.441711731267 169.4455784747466
v 1109.120563241609 2089.053898867738 164.609017112816
v 1109.736781616008 2070.90895781741 164.1805673869785
v 1110.576259874006 2066.885026085587 165.4496667898511
v 1104.121614070116 2071.339519676289 202.8432159632131
v 1107.544431593311 2070.340371357035 199.6237232504402
v 1108.613666902816 2075.889121478811 195.8676808934641
v 1106.517267383356 2084.703000448394 194.952138942596
v 1100.506918828401 2072.252159713964 205.5713371445796
v 1102.571927125473 2066.93898128406 205.6688572190353
v 1106.778011662662 2067.521410483062 201.6016834672844
v 1110.808317675549 2070.334744385833 195.0987071285504
v 1110.739820375413 2066.885026085587 196.9609367489322
v 1095.963728003365 2071.269089810674 208.9529783080799
v 1098.549468298387 2066.727456796755 208.6464402265578
v 1089.553881033668 2089.446284870881 207.8173389166733
v 1091.319401368209 2071.339519676289 211.4651146760016
v 1093.616652716749 2067.852933638356 211.2273326513534
v 1086.145501679893 2093.377988497713 208.5383298512518
v 1107.967247894599 2057.385107607583 204.437156590415
v 1106.256749394553 2054.633823435455 206.9750314185061
v 1111.549628406343 2058.276353210772 200.1365641753103
v 1109.15063529727 2062.382036415209 201.1342947772868
v 1112.431961099742 2062.926809054183 196.4452796705196
v 1105.500865449311 2062.528629783567 204.7537617130536
v 1115.01741157982 2062.472135726596 191.5030946987318
v 1081.125729049776 2108.046469305622 207.0290731180086
v 1077.00531852309 2106.891018944097 209.0878226576257
v 1106.209206258832 2107.4334280936 178.3747469560603
v 1105.376653663749 2106.975468401903 182.6342372187696
v 1106.407375949588 2103.360011857405 183.4819475143203
v 1116.530857286245 2061.457243475261 187.0887308094713
v 1117.526965488629 2057.976038904184 187.0887308094713
v 1111.237036051069 2049.121264865043 165.9584003807198
v 1070.810130497165 2106.781777048987 211.1393104073416
v 1020.00963633358 2088.966076782956 226.6158256595268
v 1021.259217728823 2072.419206704044 229.2815731768299
v 1020.624745504797 2066.93773535759 229.899373006396
v 1024.323710797395 2067.837298923186 229.0335130553454
v 1017.424867105925 2062.430615244951 230.609634558139
v 1014.255134694952 2057.954929241143 230.8811518286529
v 1010.44748283367 2062.762374509784 231.4894092766323
v 1004.784567674518 2062.438660830771 231.8743011499916
v 1011.161876101225 2107.037484482977 222.7874689944108
v 1014.168187831069 2102.24965494298 224.0974608118502
v 1104.728500460862 2106.056356419818 161.2374398120756
v 1102.087596701473 2107.344050555179 156.4468109260996
v 1099.036089774656 2107.11478295303 151.692688281951
v 1095.620321454306 2106.859212378914 147.6669052505771
v 1105.247664413582 2102.520974811201 160.3617692652611
v 1106.636157184639 2102.974044462078 164.3912068550958
v 1105.679402098471 2106.975468401903 164.8162628559628
v 1106.305891977717 2107.573078975685 168.9584544602473
v 1100.095581030822 2089.20689461863 150.8108005786457
v 1103.857005771538 2089.157494039096 155.2468110672982
v 1106.861294616182 2089.819895551155 159.9517186798102
v 1107.131875939144 2093.611987629798 161.2090688375345
v 1108.051685861393 2097.858714876701 165.3486154928979
v 1096.123878254418 2089.155473473929 147.01603661796
v 1097.874190867028 2084.703000448394 148.9879811445099
v 1107.514081957113 2084.74591455507 160.627744605294
v 1108.62684059685 2093.611987629798 164.8162628559628
v 1107.772991363964 2102.745375047704 169.1505252791337
v 1108.956716183994 2098.066481220499 169.2707564466645
v 1104.257231130602 2066.885026085587 157.7789733973957
v 1100.644909677209 2066.210729800225 154.7056734503026
v 1098.356507428054 2049.399898856678 156.6475712058028
v 1102.835663907998 2048.77803956809 159.4398677572046
v 1107.23072930142 2049.06705172278 162.4827991379371
v 1107.261999017507 2066.885026085587 161.0100833782489
v 1102.573383777316 2071.433399660926 155.4137195765642
v 1096.334832281835 2067.030575589817 151.2267835691375
v 1098.75082308991 2071.511154916461 152.011825739102
v 1106.289025744147 2071.045366139065 159.4419882164581
v 1093.49945357564 2048.284457041454 154.3921992724833
v 1095.850245516827 2044.746451006007 156.3328075851268
v 1109.172474390113 2044.607038873791 164.1379666007181
v 1093.10872350954 2075.879281674977 146.864109061028
v 1095.4841640071 2080.488735850863 147.6416109355271
v 1097.489966728018 2075.134801610248 150.2751405974005
v 1094.128829153844 2084.149655982354 146.0209792402687
v 1091.40048282946 2080.248506857693 144.7797060779765
v 1094.698703546197 2071.339519676289 149.0243047900709
v 1089.562991218124 2084.553911791815 142.8047410856445
v 1092.05577669495 2089.055677185395 143.871451260657
v 1089.263596298938 2076.708845031249 144.2620581642496
v 1090.185441317672 2071.18907777611 146.2264820590669
v 1092.470265476028 2067.698673456222 148.5349459117452
v 1090.146307788003 2093.659982033546 142.1394333314134
v 1087.222726626153 2088.210232770115 140.8316971105984
v 1085.156897255848 2084.703000448394 140.2459887019104
v 1086.231204506146 2072.012389313428 143.8540520462244
v 1087.261643630167 2066.68484545032 145.9562452677142
v 1107.899216656782 2075.752014604803 161.2459709354892
v 1088.857577063998 2062.176504209685 148.1309736734057
v 1087.134183408818 2052.883097145938 150.1747164122486
v 1089.316284611944 2049.248757068902 152.2075492177029
v 1083.328263198639 2048.675024495859 149.9599473068566
v 1090.432279017116 2043.744012726996 154.1893948168553
v 1086.099786840442 2044.803990659876 152.1732122787339
v 1074.087251443368 2062.142305437287 142.3704168780671
v 1077.75054734623 2066.746219966868 141.9369714219128
v 1083.101670916018 2067.488847911683 143.7563394915397
v 1070.451091548398 2058.070028080439 142.898193868223
v 1074.082695035379 2055.621227063723 144.6434766526956
v 1079.87175583731 2049.740635717886 148.3938913701728
v 1080.969710004667 2071.151218799998 141.7347443917681
v 1073.301385171706 2067.872379120607 140.181593352394
v 1076.61207367798 2072.168010733897 139.7952043793192
v 1070.932892410642 2064.924080835271 140.5828496521378
v 1067.675847161571 2062.002102283886 140.9416594942593
v 1067.84954697787 2053.249667232179 144.052258176605
v 1071.66279014488 2052.624616801536 145.0691287063048
v 1074.082058558076 2048.925455165938 146.9219173274378
v 1067.687509253617 2048.678683458035 145.5661191390819
v 1070.38878789471 2044.740286544147 147.3880630093402
v 1091.56489631287 2106.240985083365 143.8110987680577
v 1087.221527549088 2107.952128048096 140.8039944844322
v 1090.080534894306 2102.462244674916 142.1782905693642
v 1083.334057014361 2107.051130454308 138.2627191550647
v 1083.243000031663 2089.334454938399 138.5231408608979
v 1078.760678918033 2106.975468401903 135.9281266510433
v 1073.777324006385 2106.782187115116 133.9072358985489
v 1077.837483468365 2088.218831620657 136.2950597582449
v 1074.185730095617 2089.061161193115 134.8347566691486
v 1066.105495594054 2102.520974811201 131.5527905886234
v 1067.692745151853 2106.926293455784 132.1145376620304
v 1063.957308574394 2099.114301507506 131.1841125026463
v 1064.545886378157 2093.714383794584 131.7035308154807
v 1068.390489142015 2088.890910427666 133.2054920767029
v 1063.933202556763 2105.908813363292 131.2370383113176
v 1061.547949779035 2102.530263970385 130.7564290586452
v 1058.374626385305 2098.033878475189 130.4472808081381
v 1060.844394036552 2094.51851806735 130.9906550204131
v 1061.42138850894 2089.310184624971 131.8035319996964
v 1065.092445422179 2084.550185629851 133.3603896019483
v 1070.654625845584 2071.404722993354 138.3118527611624
v 1067.657506379359 2075.33050495358 136.3937624173677
v 1063.979853835493 2076.576282779575 135.3411715049108
v 1064.89801574002 2071.067823689674 137.2834905429791
v 1061.483484536431 2073.652890482278 135.9481785270394
v 1067.839530496962 2066.657335122865 139.3183368172801
v 1036.294460769953 2062.33203010849 142.4902251343225
v 1033.815068872554 2058.874445168763 144.4035948021171
v 1036.285063538533 2055.625961786958 144.6482113759297
v 1038.670044751892 2052.537657962543 144.9327803294516
v 1042.694347113212 2062.025194453649 141.0242619585671
v 1042.684312630951 2048.569321269513 145.2372849499482
v 1046.435868118277 2049.897082789261 144.3657507025019
v 1048.803342799431 2053.981712685456 142.8765253056511
v 1048.884274037482 2060.525881615802 140.6391440233706
v 1046.461250553378 2063.255454054309 139.9420437887091
v 1030.561650331016 2063.199234532201 144.1273555400361
v 1032.734666525538 2066.803277107113 142.0314859144811
v 1038.663756572667 2065.943923220718 140.5121783964778
v 1029.371806863865 2057.758745932459 146.262783540596
v 1032.499077503646 2053.282920044707 146.3846136756702
v 1042.524814770832 2066.631664043572 139.3507293499675
v 1035.70831609357 2048.852177439004 146.5608232642753
v 1045.762613257358 2044.766560928122 145.8161189107975
v 1048.884274037482 2047.025925347661 144.9571621180361
v 1052.016971489817 2049.492922790545 144.0883015921933
v 1052.006291780777 2062.827260798499 139.578931433424
v 1048.85501480841 2067.050496280631 138.2426299305305
v 1052.040287947879 2044.839772399414 145.4298048842049
v 1026.259436423668 2062.254808058509 146.1602414065729
v 1026.717529277417 2053.389573919511 148.2884694471999
v 1029.900769686943 2048.962661414367 148.1148976585314
v 1033.070728168531 2044.518154461966 148.0709077166059
v 1036.285063538533 2068.863349685385 140.0676249115508
v 1039.471662047777 2071.455256470833 138.1809720805769
v 1045.452916743449 2071.087621444113 137.1450157015084
v 995.4317424151634 2075.301220993579 151.0352997599513
v 996.0785945248679 2081.146137512987 148.9438020533129
v 995.0582643403301 2089.067874721332 146.759837448954
v 998.487432041687 2078.31120535736 149.5154805835253
v 1001.72676347778 2075.446307906753 150.0898509046409
v 997.7912650765372 2092.659125212638 145.0608973122057
v 998.3892028456978 2097.960082092626 143.7153627133177
v 1006.312704854803 2102.520974811201 140.2469210719274
v 1014.328318323489 2098.107788064103 138.186940642994
v 1011.444389790326 2102.717131234925 138.4292168032599
v 1014.954932641544 2090.129396362727 140.0772983685802
v 1017.407184578014 2093.619669948495 138.1141541819405
v 1014.299789801822 2084.467361726477 142.4112728394423
v 1001.163976905156 2102.265771013862 142.0874873659027
v 1011.086642540636 2082.257359876107 144.5526479208688
v 1007.831184009425 2106.936261234062 139.2624203522683
v 1004.162626367544 2105.955525564708 140.6408016685863
v 1019.943255234788 2097.191715493078 136.3761966009817
v 1017.535943707436 2102.622198782943 136.355886999516
v 1013.698199480907 2107.001529269896 137.2377078492217
v 1017.38624779011 2086.872653168578 140.2589540319372
v 1020.613655512174 2089.180084553874 138.1914803887184
v 1023.044405552938 2092.701907654895 136.2720776016831
v 1013.472199329461 2079.297618206699 144.9665930160278
v 995.185732018942 2102.438649234253 144.1882354415142
v 998.5748190731879 2106.957398642559 142.5894203583873
v 1004.720316330146 2071.27087726455 151.3704277541374
v 998.7510142904581 2058.270948333833 156.03620067811
v 1004.787037291161 2064.819157965451 153.8414075544233
v 1008.543808150958 2067.021614631522 152.090443010106
v 1004.820499043503 2058.012228019772 155.2772034401991
v 1007.291643218869 2061.510390106449 154.0746873667858
v 1010.537450514319 2070.657997756393 149.9945853519968
v 1007.936839915899 2073.789929660871 149.4486984777379
v 1005.497088925395 2076.61026729013 148.8187071674132
v 1002.187338066051 2053.810183681267 156.1494180303722
v 1011.780199543052 2062.690797310398 152.2830477767026
v 995.3128595197277 2053.458689901966 156.994264616758
v 1014.470583600557 2066.529474865491 150.030905798705
v 1008.005513489018 2053.548996381347 154.9179912305631
v 1010.406032274175 2056.912933344969 153.8816418458247
v 1012.558229070968 2053.521545313482 153.5339197132595
v 1014.586185396552 2049.004838468777 153.1525632297136
v 1020.138669698154 2049.248531394006 151.2830440758595
v 1017.818535812657 2067.476165859097 148.200775851003
v 1023.10523939849 2066.755276594535 146.0186797032274
v 1026.146471282103 2048.02788167904 149.4389581398067
v 1011.215755354354 2049.088514241698 154.1891504164444
v 1012.76565819161 2044.612558132079 153.8272687889018
v 1017.305623652349 2044.589803023231 152.5212368756721
v 1023.177935287842 2044.646615138882 150.7630189288473
v 1014.824366389934 2071.41515702255 147.9502909007202
v 1019.748554263885 2070.249000981019 146.2283581901806
v 1027.319191196303 2067.529864111407 143.8724554354911
v 1023.851704371233 2072.082991886935 143.5951337933608
v 1028.431007552115 2044.612558132079 149.2544567696309
v 993.5655418193319 2106.975468401903 144.4921781788915
v 1024.184999653147 2107.334595403067 133.9401717220726
v 1030.054459088266 2106.978526235904 132.4282251923573
v 1018.757506019058 2106.975468401903 135.5740597059442
v 1020.866630170308 2102.388821704814 135.2831441990296
v 1033.231824599764 2102.561287399192 131.8227025443381
v 1034.735471654755 2106.975468401903 131.4433538628687
v 1026.206330227355 2088.297414165149 136.3392208697009
v 1029.885461884535 2088.984955740357 134.8588435969408
v 1032.453255994919 2093.322571581905 133.0748433774151
v 1035.614806268616 2097.083673281288 131.7041128604437
v 1029.430147532218 2083.971722842574 136.5726957022763
v 1033.014777500385 2084.431827712826 135.2241022449574
v 1035.694355974952 2088.951576852161 133.1592457337477
v 1038.733645543295 2092.64995149408 131.6810958743479
v 1036.70514369484 2102.4822640227 131.1365675934545
v 1039.356934937851 2097.995348843888 130.9216225940689
v 1052.040239368023 2107.021988937501 130.1403418626686
v 1058.371043530326 2107.021924821039 130.5236212779844
v 1045.721312670984 2107.012686412846 130.2168767353198
v 1055.203278604974 2102.533307801095 130.1329526901803
v 1042.550147315242 2102.523805068251 130.3324790405535
v 1042.521735053379 2093.47145221556 130.9567201725247
v 1046.450562303168 2090.042858603201 131.0783841435829
v 1052.042448836145 2089.680175589945 130.9742891458543
v 1055.208727026596 2093.518805728178 130.5494329401108
v 1039.382521248569 2107.006988559368 130.7536292999116
v 1042.675055558219 2088.632594737171 131.8191311639017
v 1045.76587260542 2084.867206669697 132.3886213156311
v 1048.884274037482 2087.074828608033 131.5521422899888
v 1055.183879286956 2087.103099408747 131.5804130907022
v 1057.587403097931 2090.118119414904 131.1963371258916
v 1045.656420802055 2076.210868858834 135.2068606232679
v 1048.884274037482 2073.5253430602 135.8206311049622
v 1052.056411483923 2070.933516254471 136.5800267554744
v 1055.183879286956 2073.359879937188 135.6551679819499
v 1058.303978448264 2070.943693046031 136.6267859022952
v 1055.179040480065 2066.833466726029 138.0409529458465
v 1061.517661369553 2067.071865939179 138.2496294211832
v 1058.368136342899 2049.509589780927 144.1639003528832
v 1063.921296518232 2063.239192258073 139.9048678984621
v 1063.861950710947 2049.964098012712 144.5316756614424
v 1055.183879286956 2046.907956509953 144.8391932803283
v 1058.311246495408 2044.831289681964 145.5899673152601
v 1061.483484536431 2047.206420921251 145.1376576916265
v 1064.83374292464 2044.390509503155 146.4470741358346
v 1033.714662531406 2072.066005912122 139.6351851732712
v 1030.212915930591 2076.571967014878 139.0969021183768
v 1029.348264314729 2071.233981960947 141.59389674047
v 1016.824279515912 2075.074619809212 145.4841518803835
v 1011.354946809581 2075.815253785363 147.3711744033032
v 1111.441435583543 2031.320067564269 165.2330192147091
v 1109.125969424854 2026.787070594855 163.9172268235587
v 1106.228411440085 2021.237553663679 162.7977541363549
v 1108.624829283519 2017.826776132222 163.2955002194408
v 1112.268334989681 2013.364827865954 163.9778418042011
v 1109.162364997839 2036.06959306431 164.1219607029253
v 1092.873188787693 2040.204665632939 156.042024807347
v 1095.480703383615 2036.689624511425 157.8134307563732
v 1101.846541928429 2031.597383248537 160.9266527153602
v 1106.888133395131 2031.249077359974 162.9673029150247
v 1096.014389489563 2031.369212620881 158.9462759391696
v 1089.800796496603 2035.715832676225 155.9404358788107
v 1092.381853472158 2032.116698670704 157.6229404881938
v 1105.165342667273 2026.76743609285 162.4021566330703
v 1087.303907941494 2039.287277877054 154.1568447701935
v 1092.871709861974 2026.946780437666 158.7872174932226
v 1099.249267324105 2008.960179166731 162.0209525635472
v 1102.45584068446 2013.460130400956 161.9778561386487
v 1107.978183944094 2012.409604473174 162.4472371690029
v 1103.100045762843 2000.067622225062 156.85356430116
v 1105.580721282751 1997.280397101351 157.5745441415505
v 1108.832914196739 1995.731906140234 160.3276486171699
v 1112.976336021561 1994.894635283762 164.2269578872187
v 1093.026530124312 2008.892769677071 161.8250086767779
v 1096.162382180748 2013.359631774659 161.5884906828464
v 1104.901298027194 2016.842243615928 162.365971819802
v 1089.889123641808 2004.44920862223 161.8792456866211
v 1102.429888411795 1995.598704913823 160.3835276074353
v 1102.477103369261 1990.916830301822 163.902674237516
v 1105.580721282751 1992.909600778541 162.1127350001435
v 1108.855900047907 1990.792904695786 164.5753772938058
v 1070.489573417112 2009.164585320102 156.2509827659538
v 1073.648239819665 2013.60971738025 156.2674086951127
v 1079.696776785374 2014.398988575163 157.8446378828453
v 1070.319385938724 2000.943773966957 157.6510565896446
v 1077.373187539042 1995.546857951234 160.2688000795159
v 1083.593611752528 1995.538866097062 161.6421819582854
v 1086.742226912598 1999.9989047177 161.7744978459644
v 1086.352018677215 2009.123542918372 160.5781255848379
v 1083.444135797747 2013.561896497841 159.052642104067
v 1076.843278579101 2018.037519407452 156.2436475347366
v 1082.858516021839 2018.821196292701 157.795471091488
v 1067.706454696546 2013.553799129134 154.6780987057193
v 1070.830432974872 1995.759702558926 158.6579566453231
v 1067.156862879695 1996.482889553927 157.6626551780123
v 1074.240230750159 1991.093770818466 160.2596198414792
v 1080.443590553398 1991.062733043313 161.5969404666258
v 1085.934477583989 1992.203968204605 162.4641251704746
v 1089.088557643359 1996.65790736535 162.4575215344473
v 1089.556434358884 2013.542933058809 160.5287623585143
v 1086.593052318958 2018.035490164507 158.9645388970057
v 1070.844371853291 2018.032822630138 154.5652614322927
v 1067.698686231021 1991.320592728631 158.7783927450463
v 1092.886990348087 2017.923969360685 160.4156506373526
v 1089.734525710288 2022.501241407838 158.8326141601381
v 1089.227873760925 2027.641175410296 157.6078181108605
v 1086.043442728298 2023.223023913541 157.693132168889
v 1067.846246534845 2039.960392013783 148.3092732736883
v 1077.399490086582 2031.683597116878 153.0417422545553
v 1080.926108266651 2030.510508633122 154.399646324524
v 1084.129332337334 2034.88483615225 154.2439309195717
v 1070.921529712923 2031.188639631017 151.4328433148937
v 1068.381177027586 2034.939264278044 149.842652322559
v 1064.745988694925 2036.205703568884 148.8039365336371
v 1073.50857430391 2027.565452082871 153.0355797223402
v 1077.11045519779 2027.01951273959 154.1769334453189
v 1083.365814800433 2026.855304949662 156.0589244100291
v 1086.622299531155 2031.271362803659 155.9649502328042
v 1064.56958519744 2031.435656570355 150.0079940289527
v 1067.424016038623 2026.911678138805 151.6967648833634
v 1080.088920969812 2022.449231423695 156.1671414191194
v 1073.979702959111 2022.521766952923 154.4003265313863
v 1070.282591626692 2023.2196878575 153.252043951072
v 1067.069567723322 2018.857685980988 153.4339440549343
v 1089.77672556204 1991.262788437837 163.1540937640299
v 1096.113471736204 1991.223548393391 163.8127061492086
v 1051.930463587597 1991.35759907334 155.9914663424169
v 1058.380220676717 1991.025120195875 157.0297698674875
v 1063.933430204697 1992.091714634929 157.8301024653923
v 1055.730674243172 1995.433299197794 155.6334346834456
v 1061.214644870895 1995.974301309154 156.4867407886299
v 1045.970882959856 1990.86277909986 155.4732976379846
v 1048.853392094744 1995.740056265934 154.6795909928181
v 1026.83958321122 1991.261126634553 154.7769561074984
v 1033.132006635067 1991.275076495443 154.7692898529438
v 1039.424293984746 1991.265742162793 154.9484232937045
v 1036.275554284522 1995.07165844985 154.0874084771228
v 1042.561027803277 1995.782412775788 154.1792313654729
v 1029.996890140607 1995.064598958183 154.0862463278865
v 995.6454805131031 1991.253041241244 156.0235842728921
v 1001.37916209787 1990.799247906196 155.6185377986213
v 1007.942279190726 1991.189302472911 155.3165677064178
v 1014.244149595287 1991.209987945577 155.1122373926551
v 1011.103634770877 1995.654721140022 154.7787710864163
v 1020.543740197866 1991.235932102453 154.9126775755008
v 1023.703892408727 1995.726835459575 154.1688177215958
v 1017.406409984555 1995.687467026628 154.4623545332042
v 1001.655905861087 2009.003630494554 154.8161614391619
v 1014.269114988017 2000.121719707106 154.2822434771569
v 1011.124960178922 2004.563910501766 154.2706289212784
v 1007.971663259974 2009.011801786016 154.3380928615397
v 1004.819669866938 2013.446517072354 154.5057585850822
v 995.3530037499457 2008.977233276561 155.3066107910387
v 998.5082030489076 2013.430345146905 155.0955432827165
v 1016.665118604528 2003.507406788843 153.8727359731658
v 1013.528351862961 2007.95935455954 153.8886256759378
v 1011.140420703953 2013.46630910485 153.8846243123342
v 1030.734556250373 2041.242650749187 149.1422591974028
v 1033.884561325955 2036.753619003115 149.1080073507617
v 1036.285063538533 2033.427896029348 149.1771071625308
v 1038.665152346058 2030.225598443735 149.3407634481713
v 1042.552305328797 2031.095687073711 148.8739909268909
v 1045.722317215291 2035.617184848756 147.8600241075366
v 1048.914710371628 2039.787364050448 146.807932262055
v 1033.193183355437 2031.337167595087 149.8834145518446
v 1030.059718087619 2035.783452031869 149.9403213545688
v 1026.914646371346 2040.222132942309 150.1774525668498
v 1045.734471412745 2028.886684045967 149.0903887698513
v 1048.883957033797 2031.088479820995 148.6521659467386
v 1052.037282236087 2035.618890293815 147.7338702339044
v 1048.872409125421 2026.223887864584 149.5487825006587
v 1023.355446262164 2035.812728417179 151.3588496520061
v 1026.308213201632 2031.263625316421 151.0445909051805
v 1030.008945830711 2026.822906291569 150.7857258040342
v 1020.926539227503 2040.398656042218 151.6993675248498
v 1055.230018382792 2031.75350596488 148.7453304746646
v 1059.088532582727 2030.304526103831 149.4407107711742
v 1061.483484536431 2033.295343690016 149.0445548231981
v 1052.034076662219 2028.936771729542 149.1404764534259
v 1058.387684075796 2013.311571573801 152.7585970997359
v 1051.770874702359 2013.785802183543 151.8090329162549
v 1048.877415586209 2017.928670429209 150.9188816283095
v 1063.863911996988 2014.482270142619 153.5920100210456
v 1045.659546753266 2013.459435214309 151.4611411282051
v 1048.90193479128 2008.904083340726 152.3477532044569
v 1055.241264813855 2008.834861439092 153.0671046362955
v 1061.483484536431 2011.232303029411 153.7084757068038
v 1039.303129130401 2013.365438602536 151.4358042058376
v 1030.194085274671 2017.973193715485 151.5091143225619
v 1033.364170204196 2013.74916640051 151.6492519048054
v 1036.280916247244 2008.939855696209 152.0528332639838
v 1026.817937555681 2013.400939589554 152.2102498969124
v 1029.970875413366 2008.931414447596 152.3561297354289
v 1033.125239834242 2004.444231404751 152.7002659566849
v 1036.285924411701 1999.92487405271 153.279055402766
v 1039.43486616327 1997.82408869321 153.6637421427079
v 1046.514907271675 1999.082720480428 153.8186709536635
v 1048.884274037482 2002.09537044218 153.4805303009755
v 1052.112612558719 2005.073290196696 153.3119794730647
v 1051.980881839241 2000.232087681561 154.1621621734881
v 1029.969789381757 1999.938784836468 153.38169379881
v 1033.135260913796 1997.775287656065 153.6149411055629
v 1017.338017899804 2008.916820378925 153.4598195090745
v 1020.498000542166 2013.38974697009 152.8643055105302
v 1026.835655664322 1997.9130000752 153.752653524697
v 1014.696077143092 2013.375461003911 153.5090502125812
v 1017.337578247459 2017.85707324807 153.0193285038851
v 995.2853280914821 2044.617893537121 157.3698349934711
v 995.2925963015996 2035.74046069933 156.974843632195
v 1014.633775384416 2040.161775939211 153.3339645637498
v 1017.314749113777 2035.697011038402 152.7173596856941
v 1020.502668316169 2031.239022698463 152.1399914952293
v 1012.698362460654 2035.703570950675 153.7320982534945
v 1014.145750509285 2031.259795696993 153.3608236755522
v 1017.330263394813 2026.785268021307 152.7998278439259
v 1010.673848422863 2031.210011411772 154.006548551569
v 998.4525794619672 2049.051495170289 156.9113955007444
v 1004.629840957693 2049.071668958878 155.8633205254753
v 998.7906509002397 2031.089346864535 156.0361168019349
v 1004.824457170939 2031.223139408082 155.0368742853684
v 995.9203605473672 2026.489463353734 156.1499305215715
v 1012.587859850815 2026.794583769272 153.5758239639821
v 1014.170198506756 2022.331238218179 153.3337443625333
v 1012.606177964121 2017.885596587869 153.6017296882564
v 994.8732804125399 2018.140436396616 155.736786630117
v 1107.971756559414 2102.394999846181 177.9217023298324
v 1108.220086546668 2102.520974811201 173.7252500373662
v 1107.123458619428 2106.053084929095 173.7252500373662
v 993.1175999999999 1990.096 156.7520787414681
v 994.1582761761109 1990.096 156.547688955709
v 994.6306947176349 1990.096 156.4549055071136
v 996.3475770337124 1990.096 156.1792984982369
v 1000.567416525887 1990.096 155.8189416384249
v 1000.891251327275 1990.096 155.7912874841988
v 1002.019080069735 1990.096 155.7049406549436
v 1002.90192 1990.096 155.6725206881648
v 1003.080859040826 1990.096 155.6659496240793
v 1008.168456385379 1990.096 155.4828571428571
v 1008.736889084568 1990.096 155.4639383742928
v 1012.548886889583 1990.096 155.3423158631356
v 1012.68624 1990.096 155.337933586162
v 1006.769595356078 1990.096 155.5304905168318
v 1007.082386750016 1990.096 155.5190040782912
v 1013.049047509049 1990.096 155.3263581439466
v 1013.483183408229 1990.096 155.3125069559495
v 1014.992252759646 1990.096 155.2815820900121
v 1015.494071823382 1990.096 155.2660425040178
v 1019.782585463138 1990.096 155.1332421954827
v 1021.290145226078 1990.096 155.1171274317503
v 1021.823762397367 1990.096 155.1060361331699
v 1022.096741947893 1990.096 155.1003622196151
v 1022.47056 1990.096 155.0925923653942
v 1026.078863985256 1990.096 155.0175933229668
v 1027.605220539208 1990.096 155.0238483967911
v 1028.127986896686 1990.096 155.0234576441289
v 1031.803217138027 1990.096 155.0207105163146
v 1032.25488 1990.096 155.0203729114492
v 1032.355571869408 1990.096 155.0202976472026
v 1033.950199516119 1990.096 155.06120366969
v 1034.405428988615 1990.096 155.074009464975
v 1038.626849071185 1990.096 155.1927597758738
v 1040.335694686372 1990.096 155.2862759118325
v 1041.950513005726 1990.096 155.3921115919768
v 1042.0392 1990.096 155.397924164355
v 1043.335089339168 1990.096 155.4828571428571
v 1045.057365961286 1990.096 155.5957356726049
v 1045.290233401157 1990.096 155.6109978749138
v 1046.495187274222 1990.096 155.7204665952386
v 1046.856487738138 1990.096 155.7593434199927
v 1051.134931440916 1990.096 156.2197145588796
v 1051.82352 1990.096 156.3062659640669
v 1052.740949216918 1990.096 156.4215812518925
v 1052.931488408666 1990.096 156.4455308725643
v 1053.233135077845 1990.096 156.4903267166389
v 1057.633378110879 1990.096 157.1437819705434
v 1058.500065630086 1990.096 157.2840914365094
v 1058.986261750996 1990.096 157.3635155503898
v 1059.722120138613 1990.096 157.4837240380028
v 1061.60784 1990.096 157.835008657118
v 1062.412751047902 1990.096 157.9849529180202
v 1064.178910105189 1990.096 158.3359497861164
v 1064.450690770698 1990.096 158.3916946941709
v 1064.494008627481 1990.096 158.4005796159109
v 1066.842455275235 1990.096 158.8822692983066
v 1068.602155734855 1990.096 159.2298008928503
v 1071.39216 1990.096 159.8415410553863
v 1073.102426423602 1990.096 160.2165364175886
v 1073.463223926284 1990.096 160.2956453729728
v 1074.912508344219 1990.096 160.5918823337305
v 1076.776239236314 1990.096 160.9919088395791
v 1079.317683428468 1990.096 161.5373980216861
v 1079.769980395576 1990.096 161.6344779038329
v 1080.571920178293 1990.096 161.7928780647289
v 1081.082686912885 1990.096 161.879899283081
v 1081.17648 1990.096 161.8958791583566
v 1081.800193626957 1990.096 162.0021435566518
v 1084.419246245439 1990.096 162.4990176749793
v 1086.205601431678 1990.096 162.8311834298439
v 1086.547341828471 1990.096 162.8794967993457
v 1088.703196197598 1990.096 163.1842795809696
v 1088.947310860905 1990.096 163.2187911635623
v 1090.600505323815 1990.096 163.4565106986749
v 1090.9608 1990.096 163.4935417022525
v 1091.149339898281 1990.096 163.5129197894386
v 1095.427005404054 1990.096 163.9525772618316
v 1096.882070994905 1990.096 164.115801690684
v 1099.400914407111 1990.096 164.1188791169422
v 1100.74512 1990.096 164.1205214157718
v 993.1175999999999 2020.76125813892 156.1980747821584
v 993.1175999999999 2020.048 156.1537966171892
v 993.1175999999999 2020.875190180458 156.2051475394888
v 993.1175999999999 2000.18665735598 155.5758653164116
v 993.1175999999999 2000.173387540337 155.5765012423712
v 993.1175999999999 2000.738196660873 155.5606497949528
v 993.1175999999999 2009.33706010345 155.6354134496349
v 993.1175999999999 2008.84953650737 155.6221456831807
v 993.1175999999999 2008.339954277546 155.6040622541001
v 993.1175999999999 2002.874112792183 155.5017254763378
v 993.1175999999999 2006.168840496347 155.5270164314822
v 993.1175999999999 2010.064 155.6551968382774
v 993.1175999999999 2004.525045861195 155.5294584977048
v 993.1175999999999 2000.08 155.58097662943
v 993.1175999999999 1999.685613922331 155.5998766919203
v 993.1175999999999 1996.895217059741 155.7336001625544
v 993.1175999999999 1994.50116368944 155.9538703687047
v 993.1175999999999 1991.1551437102 156.5396933550574
v 993.1175999999999 1991.150807841053 156.5405628076493
v 993.1175999999999 1995.634179040924 155.829749058675
v 993.1175999999999 2010.240662152105 155.6600046305448
v 993.1175999999999 2018.073019975802 156.0311923501635
v 993.1175999999999 2017.409602600921 155.9867588403271
v 993.1175999999999 2015.134976395116 155.8344118718624
v 993.1175999999999 2012.012606518753 155.7082274124072
v 993.1175999999999 2013.399569601868 155.7647065467609
v 993.1175999999999 2044.61545594151 157.6724741103417
v 993.1175999999999 2042.15614664327 157.628883309872
v 993.1175999999999 2047.644075562933 157.5761352263862
v 993.1175999999999 2049.01910541877 157.5517537359816
v 993.1175999999999 2050 157.4866027429034
v 993.1175999999999 2027.505306846082 156.7298440663454
v 993.1175999999999 2026.637213746814 156.6656156205232
v 993.1175999999999 2025.831104552245 156.5945291848395
v 993.1175999999999 2030.032 156.9167889625582
v 993.1175999999999 2023.410131623414 156.3810365990252
v 993.1175999999999 2022.356494024361 156.3086345554689
v 993.1175999999999 2041.590229733436 157.6188525377699
v 993.1175999999999 2040.188076261465 157.5750167879125
v 993.1175999999999 2040.016 157.5651338870646
v 993.1175999999999 2035.332144143397 157.3235856347491
v 993.1175999999999 2035.013006105181 157.2992382526169
v 993.1175999999999 2038.785730827255 157.4944755164849
v 993.1175999999999 2032.686181330018 157.121722302866
v 993.1175999999999 2031.58576213121 157.0408878513508
v 993.1175999999999 2030.045792979843 156.9178094771312
v 993.1175999999999 2031.268008304713 157.0175463317648
v 993.1175999999999 2051.845484431965 157.3334115869983
v 993.1175999999999 2050.385885220854 157.4609722563721
v 993.1175999999999 2053.439979877197 157.1940617540038
v 993.1175999999999 2052.725205837637 157.2565289396828
v 993.1175999999999 2060.391851735587 155.8918293502454
v 993.1175999999999 2059.984 155.9866844935656
v 993.1175999999999 2062.421525057119 155.419782925017
v 993.1175999999999 2062.150322797374 155.4828571428571
v 993.1175999999999 2063.123147251245 155.2037357845526
v 993.1175999999999 2065.308322013693 154.5308654523505
v 993.1175999999999 2068.116446951314 153.6262174099712
v 993.1175999999999 2066.739239984555 154.0615189635816
v 993.1175999999999 2057.246556043505 156.5443791020219
v 993.1175999999999 2059.281813312646 156.1499938853245
v 993.1175999999999 2058.33997332677 156.3751810839879
v 993.1175999999999 2075.53958987516 151.3028857988012
v 993.1175999999999 2072.36370304296 152.2562599046295
v 993.1175999999999 2070.3062907003 152.934061177026
v 993.1175999999999 2069.968 153.0409866217607
v 993.1175999999999 2071.194281272823 152.6516679945317
v 993.1175999999999 2061.76969854155 155.5713799200995
v 993.1175999999999 2089.046077121717 147.3010762031201
v 993.1175999999999 2088.425432207175 147.4591536589182
v 993.1175999999999 2089.936 147.1035653553891
v 993.1175999999999 2086.534947014587 147.9406577886811
v 993.1175999999999 2084.085339511397 148.6831533100849
v 993.1175999999999 2083.36120707228 148.890001597204
v 993.1175999999999 2085.111233732233 148.3480408401685
v 993.1175999999999 2075.725398000692 151.2446435995953
v 993.1175999999999 2091.268695132956 146.8077849547493
v 993.1175999999999 2096.741295759839 145.6980017438493
v 993.1175999999999 2095.096824075889 145.9675930703294
v 993.1175999999999 2091.712089976381 146.7093772235382
v 993.1175999999999 2093.286935030816 146.3283162716184
v 993.1175999999999 2080.642346511159 149.666643575389
v 993.1175999999999 2079.952 149.8994034741146
v 993.1175999999999 2076.061278273336 151.1393607671434
v 993.1175999999999 2079.091739904066 150.1894520940043
v 993.1175999999999 2099.760618211067 145.3116089204375
v 993.1175999999999 2098.410073742052 145.4714285714286
v 993.1175999999999 2097.379325940252 145.5934043802397
v 993.1175999999999 2109.904 144.7248159943235
v 993.1175999999999 2109.14782676374 144.713177936168
v 993.1175999999999 2099.92 145.2927481257979
v 993.1175999999999 2106.973495437515 144.675237646477
v 993.1175999999999 2106.67885185654 144.6891783025718
v 993.1175999999999 2108.120276077935 144.6973631809431
v 993.1175999999999 2105.827905813688 144.7294396451043
v 993.1175999999999 2100.162852697116 145.2640096175993
v 993.1175999999999 2102.5499930206 144.9385555683203
v 994.3527239213099 2109.904 144.2076355929632
v 994.6318820052629 2109.904 144.0907444151544
v 996.3622135045812 2109.904 143.4334912604401
v 1000.247902391987 2109.904 141.9161032130743
v 1001.960312389163 2109.904 141.3104409812175
v 1002.90192 2109.904 140.9669339167834
v 1004.896842453967 2109.904 140.239167968368
v 1006.08696485496 2109.904 139.8026694868482
v 1009.700689582511 2109.904 138.5148494684445
v 1009.895962515879 2109.904 138.4452602186807
v 1011.901681522044 2109.904 137.7538773087277
v 1012.68624 2109.904 137.499759793212
v 1015.849438252973 2109.904 136.4752038120908
v 1017.57704649841 2109.904 135.9069472935569
v 1019.028479217578 2109.904 135.46
v 1019.854993951542 2109.904 135.2054869808627
v 1021.839988130114 2109.904 134.6096822205055
v 1022.47056 2109.904 134.4386364648082
v 1023.828834744308 2109.904 134.0701976853765
v 1025.50224416858 2109.904 133.6162770567614
v 1027.799357232941 2109.904 133.0253621701663
v 1032.153160837657 2109.904 132.0887693172245
v 1032.25488 2109.904 132.0673702215394
v 1033.722805694343 2109.904 131.7585564084052
v 1036.298603352643 2109.904 131.3224158339465
v 1036.675602352153 2109.904 131.2585814098072
v 1037.337852638509 2109.904 131.1601298878956
v 1041.424325500112 2109.904 130.7231492095999
v 1042.0392 2109.904 130.6710560298001
v 1043.683899451264 2109.904 130.5317143848844
v 1046.994496893608 2109.904 130.3896833197827
v 1047.753734765457 2109.904 130.3571105393459
v 1050.011616793236 2109.904 130.3295733448055
v 1051.82352 2109.904 130.3838348878892
v 1054.069704256633 2109.904 130.4511019600818
v 1056.345602366531 2109.904 130.5888908393215
v 1056.563091616221 2109.904 130.6104159006489
v 1060.402759405241 2109.904 130.9904304749479
v 1061.202889248628 2109.904 131.1030977845021
v 1061.60784 2109.904 131.1766039547691
v 1064.384749453273 2109.904 131.6806651977643
v 1065.145481682842 2109.904 131.8402444095168
v 1065.563088994891 2109.904 131.9278461215104
v 1070.122650904307 2109.904 133.0917560289049
v 1071.39216 2109.904 133.4683796008391
v 1076.987012591763 2109.904 135.5079380266806
v 1076.867662240126 2109.904 135.46
v 1079.812701662035 2109.904 136.855433654847
v 1071.991339491814 2109.904 133.646137382333
v 1072.854933913258 2109.904 133.9632729358059
v 1079.994539627454 2109.904 136.942147322679
v 1081.17648 2109.904 137.5429145265467
v 1076.195493269856 2109.904 135.1900179380394
v 1081.696913244159 2109.904 137.8074449818518
v 1084.580257519649 2109.904 139.471981271402
v 1086.11326597314 2109.904 140.4194410838911
v 1086.113617099521 2109.904 140.4196932010395
v 1088.467788259148 2109.904 142.1100444587621
v 1089.973589518647 2109.904 143.2602076943272
v 1090.9608 2109.904 144.1273011681964
v 1100.740714318271 2109.904 155.4873650869896
v 1100.737759845097 2109.904 155.4828571428571
v 1092.764764688376 2109.904 145.7117717931827
v 1092.491127122429 2109.904 145.4714285714286
v 1093.915606274023 2109.904 146.7676594769839
v 1096.386265177375 2109.904 149.5120304642394
v 1096.578822764242 2109.904 149.7344317421272
v 1091.66766316403 2109.904 144.748158065511
v 1100.74512 2109.904 155.4940872895367
v 1097.874183764565 2109.904 151.2305552991594
v 1099.580799422671 2109.904 153.7175634204427
v 1101.466262634771 1990.096 164.1214024801799
v 1101.764316929795 1990.096 164.1217666314841
v 1103.055623323553 1990.096 164.3035860090735
v 1107.929537107062 1990.096 164.7778306419346
v 1108.231958773466 1990.096 164.8072570656515
v 1108.934487929457 1990.096 164.9945755928933
v 1109.316655148526 1990.096 165.1660897001115
v 1109.955686021908 1990.096 165.4528825077208
v 1110.038517383374 1990.096 165.4942857142857
v 1100.96624142908 2109.904 155.8314750368438
v 1102.519643402882 2109.904 158.9422903486012
v 1103.322462995103 2109.904 160.6404608808966
v 1103.859329828847 2109.904 162.3077904588217
v 1104.533468899787 2109.904 164.4014418858885
v 1104.805048022107 2109.904 165.1700434727891
v 1104.869172732429 2109.904 165.4942857142857
v 993.1175999999999 2020.048 222.5516281462994
v 993.1175999999999 2021.572404697956 222.8817057403978
v 993.1175999999999 2013.541923851401 221.1828889447632
v 993.1175999999999 2014.218880001312 221.3196748202114
v 993.1175999999999 2016.219601355012 221.7239409191741
v 993.1175999999999 2010.208348340413 220.6662816522107
v 993.1175999999999 2010.064 220.6417972753731
v 993.1175999999999 1999.434611657397 219.5592511919569
v 993.1175999999999 2000.08 219.6146181205426
v 993.1175999999999 1993.411922263668 218.8764605116453
v 993.1175999999999 1994.14149870114 219.0103568209302
v 993.1175999999999 1996.958040416068 219.3467897419981
v 993.1175999999999 1995.664391585895 219.2279647904311
v 993.1175999999999 2005.282043981832 220.0649318875362
v 993.1175999999999 2009.787663803537 220.5987272576289
v 993.1175999999999 2004.508284649628 219.9918788382256
v 993.1175999999999 2009.956171158933 220.6235073388827
v 993.1175999999999 2000.114636669406 219.6175895501065
v 993.1175999999999 2000.801360690401 219.6847380231226
v 993.1175999999999 2003.299351549888 219.9289937455009
v 993.1175999999999 2004.508276870969 219.991878103818
v 993.1175999999999 1990.577219287376 218.3296397449185
v 993.1175999999999 1991.007085037097 218.435110143774
v 993.1175999999999 1990.096 218.2115694166604
v 993.1175999999999 2019.180508888971 222.3637912948293
v 993.1175999999999 2016.453494295823 221.7712013668029
v 993.1175999999999 2017.856227077598 222.0541497422755
v 993.1175999999999 2035.106440309154 226.2524952944448
v 993.1175999999999 2035.791698638596 226.4206777640807
v 993.1175999999999 2036.524544737202 226.6093519801658
v 993.1175999999999 2038.640648491971 227.1541515197217
v 993.1175999999999 2033.014197803067 225.7389976883117
v 993.1175999999999 2039.921448874004 227.4572508021629
v 993.1175999999999 2040.016 227.4797324633614
v 993.1175999999999 2032.340278379594 225.5628571428572
v 993.1175999999999 2043.967861789722 228.3866547649168
v 993.1175999999999 2044.768536886078 228.5666004101748
v 993.1175999999999 2045.454491904854 228.7237653767196
v 993.1175999999999 2046.730662040056 229.0161595295642
v 993.1175999999999 2042.503962263468 228.0576544674884
v 993.1175999999999 2048.770003168627 229.4385965407207
v 993.1175999999999 2050 229.6747733195607
v 993.1175999999999 2041.456613344528 227.8222707545607
v 993.1175999999999 2030.032 224.9780134879539
v 993.1175999999999 2030.905303643482 225.1985444762954
v 993.1175999999999 2031.666349015979 225.3867139993737
v 993.1175999999999 2022.195473556211 223.0166181228944
v 993.1175999999999 2025.434034154827 223.8207986565521
v 993.1175999999999 2027.552529158291 224.3518851540497
v 993.1175999999999 2029.252439489684 224.781154982788
v 993.1175999999999 2026.873574585392 224.1723146208795
v 994.2573319498182 1990.096 218.4010993910246
v 994.5909533434984 1990.096 218.4565784483605
v 995.724228988879 1990.096 218.6266186511581
v 996.1561589187926 1990.096 218.6605169470714
v 1000.437704045221 1990.096 218.9965369207066
v 1000.879532255521 1990.096 219.0312120436336
v 1002.357802349594 1990.096 219.1358504838568
v 1002.90192 1990.096 219.1613986628786
v 1002.963710852858 1990.096 219.164299954115
v 1006.599682090584 1990.096 219.33502120168
v 1007.258307507729 1990.096 219.3659459107994
v 1008.762043141442 1990.096 219.4592105651723
v 1009.181998431665 1990.096 219.4864740749068
v 1012.68624 1990.096 219.7139695401015
v 1013.43302045151 1990.096 219.7624505488737
v 1015.112443523046 1990.096 219.880852259194
v 1017.099343519417 1990.096 220.0669667654947
v 1019.675715039643 1990.096 220.3082975392677
v 1019.715561831401 1990.096 220.3120300200112
v 1019.85313974066 1990.096 220.3247508971125
v 1022.47056 1990.096 220.5897514507401
v 1023.263165618816 1990.096 220.6699987580057
v 1023.656695692422 1990.096 220.7098416861722
v 1024.693640276859 1990.096 220.8368210710327
v 1028.044120690411 1990.096 221.2543598676837
v 1029.258939996704 1990.096 221.4057513485131
v 1029.280765136635 1990.096 221.4084712100073
v 1030.616708591588 1990.096 221.586489029154
v 1032.25488 1990.096 221.8277944898755
v 1034.858968589083 1990.096 222.211381209508
v 1035.407664806713 1990.096 222.2922051043163
v 1037.276946827749 1990.096 222.6172787534555
v 1039.558698770433 1990.096 223.0247798026691
v 1041.52741765065 1990.096 223.3763758698346
v 1041.915778897406 1990.096 223.4457338103567
v 1042.0392 1990.096 223.4713729475781
v 1043.44862201367 1990.096 223.7641621355843
v 1048.140966262297 1990.096 224.8227373505007
v 1048.14357560605 1990.096 224.8233260086379
v 1048.150535638197 1990.096 224.8249773742469
v 1051.16594372331 1990.096 225.5628571428572
v 1051.3445975135 1990.096 225.6065742828415
v 1051.82352 1990.096 225.7237681098612
v 1051.828931408045 1990.096 225.7250922982973
v 1052.039463290733 1990.096 225.7838127974813
v 1052.628426708874 1990.096 225.9480835268022
v 1053.064528497323 1990.096 226.0803880801341
v 1057.295482322487 1990.096 227.3639747812972
v 1058.360183503632 1990.096 227.6441412275117
v 1061.60784 1990.096 228.6017356899393
v 1063.757272551372 1990.096 229.2355110633071
v 1063.802957368713 1990.096 229.2489815544603
v 993.1175999999999 2052.21579049542 230.1002364170618
v 993.1175999999999 2053.404552928281 230.3002354192403
v 993.1175999999999 2066.964727027484 231.8836337926595
v 993.1175999999999 2069.533588797482 232.0052665679979
v 993.1175999999999 2066.239277740418 231.8353197122325
v 993.1175999999999 2069.968 232.0115967539161
v 993.1175999999999 2084.517729418338 231.0619998389128
v 993.1175999999999 2085.28088865376 230.9063856006103
v 993.1175999999999 2081.362478298493 231.5550473111114
v 993.1175999999999 2079.952 231.7111960064648
v 993.1175999999999 2080.149028622121 231.6941213938062
v 993.1175999999999 2057.929877543765 230.9818753061516
v 993.1175999999999 2058.59660499897 231.0703728651901
v 993.1175999999999 2054.978238361431 230.5547719833031
v 993.1175999999999 2059.984 231.2545276799572
v 993.1175999999999 2074.969236204702 231.9974590632485
v 993.1175999999999 2075.751902815217 231.9774047724092
v 993.1175999999999 2073.145644582366 232.0441850079547
v 993.1175999999999 2076.333523768877 231.9458686143954
v 993.1175999999999 2071.340436618971 232.0315957293307
v 993.1175999999999 2061.629459170477 231.4729364449601
v 993.1175999999999 2063.44849330459 231.6494567083107
v 993.1175999999999 2062.515717846792 231.5659237000968
v 993.1175999999999 2085.349921102878 230.8923093351482
v 993.1175999999999 2087.95642651413 230.3608221495425
v 993.1175999999999 2089.375470710356 230.0309752721508
v 993.1175999999999 2054.785616009561 230.5268994550378
v 993.1175999999999 2078.765953476436 231.8139794739982
v 993.1175999999999 2100.532198094929 226.1767371006844
v 993.1175999999999 2100.728353622317 226.1009078924887
v 993.1175999999999 2102.012059947149 225.5628571428572
v 993.1175999999999 2108.41451715326 222.7432105323809
v 993.1175999999999 2109.904 221.9965077724677
v 993.1175999999999 2107.503201746611 223.1554632898712
v 993.1175999999999 2090.065452364066 229.8591719883631
v 993.1175999999999 2093.251455157915 228.8874206940632
v 993.1175999999999 2089.936 229.8914052240166
v 993.1175999999999 2102.829529391705 225.2428658635264
v 993.1175999999999 2106.522732659722 223.6182079426411
v 993.1175999999999 2102.095857992175 225.5277341555572
v 993.1175999999999 2107.348831930121 223.2252957343325
v 993.1175999999999 2098.024761705738 227.1460542467541
v 993.1175999999999 2098.652461319127 226.9034000360778
v 993.1175999999999 2099.92 226.4133987814209
v 993.1175999999999 2095.346919429661 228.1452019465616
v 993.1175999999999 2093.301647135313 228.8721118189127
v 993.1175999999999 2094.008116690711 228.617494364174
v 994.3093041862221 2109.904 222.1308710958857
v 996.3679689823477 2109.904 222.2370422780978
v 996.405603912116 2109.904 222.2389832181641
v 1000.264558685979 2109.904 222.331896806088
v 1002.90192 2109.904 222.2650222240196
v 1002.977059881647 2109.904 222.2631169302114
v 1006.296474402445 2109.904 222.0895101006603
v 1006.915568249872 2109.904 222.0571312219836
v 1008.918576695205 2109.904 221.8449268471523
v 1012.68624 2109.904 221.3720238636076
v 1013.047529960489 2109.904 221.3266761012364
v 1039.189942316779 2109.904 215.5514285714286
v 1039.195174746333 2109.904 215.5504142756212
v 1040.385401902732 2109.904 215.343639125415
v 1042.0392 2109.904 215.1198856474468
v 1042.525218419894 2109.904 215.0541289435375
v 1044.653577701083 2109.904 214.766168888245
v 1046.776817591786 2109.904 214.5390277156585
v 1050.949060192592 2109.904 214.1128449763534
v 1051.82352 2109.904 214.0366251773827
v 1053.405054861739 2109.904 213.8987751947925
v 1053.443911410599 2109.904 213.8934254741293
v 1057.40477362377 2109.904 213.3480989578005
v 1059.301283373115 2109.904 213.0679033593292
v 1061.60784 2109.904 212.62981397717
v 1063.525397050115 2109.904 212.2656081417058
v 1014.222071749097 2109.904 221.1037203136161
v 1017.22791438696 2109.904 220.574981901272
v 1017.660774009302 2109.904 220.4728568249737
v 1019.286499277874 2109.904 220.0892975634415
v 1022.47056 2109.904 219.4326351940099
v 1022.81410939261 2109.904 219.3617835432859
v 1025.367877398296 2109.904 218.6776906851078
v 1029.084363543758 2109.904 217.82580320109
v 1030.38548481561 2109.904 217.4642151892306
v 1031.208374285413 2109.904 217.2355301513307
v 1032.25488 2109.904 217.0073228605099
v 1035.189760479133 2109.904 216.3673252821975
v 1035.893479921579 2109.904 216.1904410898784
v 1063.933766419939 1990.096 229.2664038905
v 1065.406934606086 1990.096 229.4501343665106
v 1064.480276395904 2109.904 212.0733404616514
v 1065.179467028338 2109.904 211.8968987852007
v 1110.52944 1990.096 165.7396730910436
v 1110.998307322148 1990.096 165.9740361420275
v 1112.817186247987 1990.096 166.8832016869351
v 1114.547079223733 1990.096 167.9294122398056
v 1116.95404856741 1990.096 169.6986049555487
v 1117.12831360596 1990.096 169.8266948448616
v 1117.997587044522 1990.096 170.5581844715439
v 1118.272034141783 1990.096 170.8346829082449
v 1120.31376 1990.096 172.8916695319078
v 1124.903238737595 1990.096 180.20172162823
v 1125.762560790188 1990.096 182.5148609346543
v 1125.907427536068 1990.096 182.9048159731394
v 1126.228378603377 1990.096 184.6265501846068
v 1126.36543676285 1990.096 185.5171428571429
v 1120.685710113026 1990.096 173.2663997651979
v 1121.540473240074 1990.096 174.3821953081395
v 1121.870477886487 1990.096 174.8698436394814
v 1122.30078853104 1990.096 175.5057142857143
v 1126.607296996869 1990.096 187.0887308094713
v 1123.987569447116 1990.096 177.9982728239195
v 1124.559789732481 1990.096 179.2772191194385
v 1067.44617504461 1990.096 229.7044641979533
v 1067.771219628752 1990.096 229.7450030832827
v 1069.607998761496 1990.096 229.6845750971921
v 1071.39216 1990.096 229.4755794510966
v 1071.773697651737 1990.096 229.4308863447149
v 1073.021492793427 1990.096 229.1015670025775
v 1073.642460409411 1990.096 228.9376806081271
v 1074.139364580389 1990.096 228.734148471658
v 1074.390842159207 1990.096 228.6311431602112
v 1080.878983493825 1990.096 225.2584553017662
v 1080.408050953626 1990.096 225.5628571428572
v 1076.797908637152 1990.096 227.645207819973
v 1078.138419176888 1990.096 227.0299039753959
v 1078.153852102939 1990.096 227.0199284253915
v 1081.17648 1990.096 225.0661592158773
v 1081.252043100421 1990.096 225.0173166642945
v 1082.289322071832 1990.096 224.3629059338747
v 1085.174207091536 1990.096 222.1343670981196
v 1085.447369681036 1990.096 221.92335229683
v 1086.239758953048 1990.096 221.3995550244433
v 1086.625835837939 1990.096 221.1272720364649
v 1089.178590487688 1990.096 219.326926844066
v 1089.652006375595 1990.096 218.9930475118383
v 1098.266132275973 1990.096 215.2531011102593
v 1097.320970727813 1990.096 215.5514285714286
v 1098.544845925055 1990.096 215.1651289159972
v 1099.919781886701 1990.096 214.7069331370431
v 1099.943112856036 1990.096 214.6991581191761
v 1100.74512 1990.096 214.4942337308975
v 1103.999206250735 1990.096 213.6627677778124
v 1104.423968496733 1990.096 213.5542348999197
v 1106.062246767559 1990.096 212.9475441736029
v 1106.18129475055 1990.096 212.903458068969
v 1107.471058353984 1990.096 212.4220573536788
v 1109.585441389766 1990.096 211.6328697047852
v 1109.66759372311 1990.096 211.5904561632558
v 1110.52944 1990.096 211.145502850683
v 1110.719490394037 1990.096 211.047383783919
v 1113.890619921787 1990.096 209.2715267933626
v 1114.075262013085 1990.096 209.1681257983184
v 1118.824350931049 1990.096 205.4646571449537
v 1118.729549032536 1990.096 205.54
v 1119.123870380005 1990.096 205.1616494352729
v 1119.505048881721 1990.096 204.7125174978365
v 1114.179393412854 1990.096 209.1098114114109
v 1115.216620101942 1990.096 208.3318649241982
v 1118.596809181203 1990.096 205.6454936613582
v 1120.31376 1990.096 203.7596358695626
v 1122.315406544795 1990.096 201.401151887182
v 1122.360658717404 1990.096 201.347832521411
v 1122.417749541304 1990.096 201.2701298613672
v 1122.469850802758 1990.096 201.1666348750533
v 1123.67177535293 1990.096 198.9645312957491
v 1126.191192730947 1990.096 191.9140352882545
v 1125.250610794179 1990.096 195.5285714285714
v 1126.26990814191 1990.096 191.611542026792
v 1124.792374364548 1990.096 196.9114281337476
v 1124.947138046482 1990.096 196.6278781739054
v 1125.117368115423 1990.096 196.0406060094759
v 1126.338008877229 1990.096 191.3498396068638
v 1126.442880922192 1990.096 189.6034634637959
v 1090.788436981974 1990.096 218.3889898734031
v 1090.9608 1990.096 218.3019449840461
v 1092.760616386609 1990.096 217.3930213644103
v 1093.974331075227 1990.096 216.7800844247361
v 1094.301575685401 1990.096 216.6148229248419
v 1095.225257045493 1990.096 216.2129122547217
v 1105.282251651239 2109.904 178.0267091889706
v 1105.570972306124 2109.904 175.5057142857143
v 1105.529884757997 2109.904 169.1471952809779
v 1105.062416877623 2109.904 166.4714116066225
v 1105.58068271758 2109.904 170.5579109892441
v 1105.584082628253 2109.904 175.3912401228528
v 1105.632528946965 2109.904 171.997738313156
v 1105.730830761049 2109.904 173.7506299979628
v 1067.555283279964 2109.904 211.2973584267773
v 1068.612880312056 2109.904 211.0212471225604
v 1071.39216 2109.904 210.1605115346659
v 1072.863655581019 2109.904 209.7047932348823
v 1074.84100779966 2109.904 209.0585334326849
v 1077.536285736079 2109.904 207.9806026673961
v 1079.655249508377 2109.904 207.0965405063978
v 1079.742664862509 2109.904 207.0600695634356
v 1079.813327692954 2109.904 207.0305880142925
v 1080.165161306278 2109.904 206.8588330529457
v 1081.17648 2109.904 206.3651366107309
v 1082.410623671418 2109.904 205.7626634798142
v 1082.837806734214 2109.904 205.54
v 1084.49416891857 2109.904 204.6766432803128
v 1086.937931912637 2109.904 203.1901580093708
v 1089.350685233132 2109.904 201.5873889571938
v 1090.9608 2109.904 200.3922024850314
v 1091.495485431037 2109.904 199.9953060605105
v 1092.422521905844 2109.904 199.2284162974873
v 1095.603324836173 2109.904 196.3028579822536
v 1096.287737337888 2109.904 195.6064597616894
v 1096.352106296464 2109.904 195.5285714285714
v 1098.678509987436 2109.904 192.7135545375562
v 1099.787584324944 2109.904 191.2673822651319
v 1100.74512 2109.904 189.686991075227
v 1104.606988481453 2109.904 180.9829573188932
v 1105.25343339227 2109.904 178.278338861987
v 1104.423512945958 2109.904 181.7533689580775
v 1101.918983518412 2109.904 187.7495556240199
v 1102.516700249364 2109.904 186.6708880636162
v 1102.979039324214 2109.904 185.5171428571429
v 1104.023143805565 2109.904 182.9116297046876
v 1104.335166305571 2109.904 182.1243354733284
f 2296 2295 146
f 133 146 2295
f 133 2295 2297
f 133 2301 2302
f 2302 2239 133
f 2239 2234 133
f 2301 133 2297
f 242 2319 2318
f 2220 242 2317
f 2317 242 2318
f 168 2304 2305
f 2142 2144 51
f 44 51 2144
f 2142 51 2143
f 2143 51 2145
f 44 2132 2131
f 44 2131 2069
f 44 2144 2157
f 2132 44 2157
f 2251 2256 167
f 166 2251 167
f 2306 168 2305
f 2307 168 2306
f 2308 168 2307
f 2266 168 2308
f 2347 2346 220
f 2346 2345 220
f 220 2345 2341
f 2338 231 2339
f 220 2340 2339
f 220 2341 2340
f 220 2339 231
f 2284 2283 2282
f 2285 2283 2284
f 158 2283 2285
f 158 2285 145
f 52 1901 1909
f 1897 52 1898
f 1899 52 1897
f 1900 52 1899
f 1902 52 1900
f 1902 1901 52
f 146 2294 2298
f 146 2298 2300
f 2298 2299 2300
f 146 2300 2296
f 45 1896 1895
f 45 1895 53
f 59 2134 2133
f 59 2133 2135
f 59 2136 2134
f 51 59 2135
f 51 2135 2152
f 51 2151 2145
f 51 2152 2153
f 51 2153 2151
f 2333 231 2334
f 2335 2334 231
f 2335 231 2336
f 2336 231 2337
f 2337 231 2338
f 2331 2330 241
f 231 2332 2331
f 231 2333 2332
f 2330 2329 241
f 231 2331 241
f 2265 156 2266
f 156 2265 2267
f 156 2267 2268
f 156 168 2266
f 2269 157 2268
f 157 156 2268
f 2270 157 2269
f 157 2270 2271
f 157 2271 2272
f 157 2272 2273
f 157 2273 2274
f 157 2274 2275
f 2278 158 2277
f 158 2275 2276
f 158 2276 2277
f 158 157 2275
f 158 2278 2279
f 158 2279 2280
f 158 2280 2281
f 2287 2288 158
f 2281 2286 158
f 2286 2287 158
f 158 2288 2283
f 2080 6 2079
f 2080 2081 6
f 2081 2082 6
f 6 2051 2079
f 60 1919 1927
f 60 1928 1926
f 60 1927 1928
f 1919 60 1906
f 60 1907 1906
f 52 1909 1908
f 52 1910 1907
f 52 1908 1910
f 60 52 1907
f 2089 159 2088
f 160 159 2089
f 160 2089 2090
f 160 2090 2091
f 160 2091 2092
f 2093 160 2092
f 2094 160 2093
f 2095 160 2094
f 2098 161 2097
f 161 2095 2096
f 2097 161 2096
f 2099 161 2098
f 2095 161 160
f 161 2100 2101
f 161 2099 2100
f 161 2102 2103
f 2102 161 2101
f 162 2104 2105
f 2106 162 2105
f 2103 2104 162
f 2107 162 2106
f 2103 162 161
f 2110 2111 162
f 162 2107 2108
f 2109 162 2108
f 2109 2110 162
f 2112 163 2111
f 163 162 2111
f 2113 163 2112
f 2114 163 2113
f 2117 2118 163
f 163 2114 2115
f 2118 2119 169
f 2116 163 2115
f 2116 2117 163
f 2118 169 163
f 2251 166 2252
f 171 2252 166
f 2324 2323 241
f 2324 241 2325
f 2325 241 2326
f 2326 241 2327
f 167 2257 2258
f 2259 167 2258
f 2256 2257 167
f 167 2259 2260
f 2262 167 2261
f 167 2260 2261
f 2303 2304 168
f 2264 168 2263
f 2262 2263 167
f 2264 2303 168
f 168 167 2263
f 2203 2202 243
f 2219 2203 243
f 2220 2219 243
f 2220 243 242
f 2200 2199 243
f 2200 243 2201
f 2201 243 2202
f 2198 2197 244
f 2198 244 2199
f 2199 244 243
f 2194 2193 244
f 2194 244 2195
f 244 2197 2196
f 2195 244 2196
f 2193 2192 245
f 244 2193 245
f 2192 2191 245
f 2190 2189 245
f 245 2189 250
f 2191 2190 245
f 1914 68 1912
f 68 1913 1912
f 1913 68 1915
f 68 1916 1918
f 1916 68 1917
f 1915 68 1918
f 1925 1917 60
f 1917 68 60
f 1926 1925 60
f 2120 2121 169
f 2120 169 2119
f 2122 169 2121
f 2123 169 2122
f 2127 2128 170
f 169 2123 2124
f 2124 2125 169
f 2125 170 169
f 2126 170 2125
f 2127 170 2126
f 2217 2129 2130
f 170 2128 2129
f 2217 170 2129
f 2218 170 2217
f 2243 2244 171
f 2242 2243 171
f 2244 2245 171
f 171 2218 2242
f 2218 171 170
f 2246 2247 171
f 171 2248 2249
f 171 2249 2250
f 2247 2248 171
f 2246 171 2245
f 2253 2254 171
f 171 2250 2253
f 2252 171 2255
f 2254 2255 171
f 75 2167 2156
f 67 2154 2138
f 67 75 2154
f 2154 75 2155
f 2155 75 2156
f 2141 67 2139
f 67 2137 2139
f 67 2138 2137
f 2141 2140 67
f 2214 250 2215
f 250 2189 2216
f 2215 250 2216
f 250 2214 2213
f 2212 250 2213
f 2208 251 2209
f 2210 251 2211
f 2211 250 2212
f 2210 2209 251
f 2211 251 250
f 251 2208 2207
f 2206 251 2207
f 2204 252 2205
f 252 2206 2205
f 2204 2188 252
f 2187 252 2188
f 252 251 2206
f 252 2185 2184
f 252 2186 2185
f 252 2187 2186
f 2182 253 2183
f 2183 253 2184
f 253 252 2184
f 253 2180 2179
f 253 2181 2180
f 253 2182 2181
f 2163 92 2178
f 2178 92 2179
f 253 2179 92
f 76 1929 1934
f 1929 76 1930
f 1924 77 1923
f 1922 77 1924
f 1921 1931 77
f 1921 77 1922
f 77 1920 1923
f 1931 1930 77
f 1930 76 77
f 1920 68 1914
f 1920 77 68
f 176 1963 1964
f 176 1964 1965
f 1959 1960 177
f 1960 176 177
f 1961 176 1960
f 1962 176 1961
f 176 1962 1963
f 2059 37 2055
f 2055 37 2056
f 2056 37 2057
f 2057 37 2058
f 2058 37 2060
f 2060 37 2061
f 37 2059 2062
f 1959 177 1958
f 75 2172 2175
f 84 2174 2173
f 75 2176 2166
f 75 2177 2176
f 75 2175 2177
f 84 2173 2172
f 75 84 2172
f 2165 2167 75
f 2166 2165 75
f 1933 1932 85
f 85 1938 1936
f 85 1935 1937
f 85 1936 1935
f 1940 1938 85
f 76 1939 1940
f 1937 1933 85
f 76 1934 1939
f 85 76 1940
f 2029 24 2074
f 24 2075 2074
f 2078 24 2076
f 2076 24 2077
f 2075 24 2078
f 2028 24 2029
f 2162 2164 92
f 83 92 2164
f 2162 92 2163
f 83 2169 2168
f 84 2170 2161
f 84 2168 2170
f 83 2171 2169
f 83 2164 2171
f 84 83 2168
f 2160 2159 84
f 2160 84 2161
f 84 2159 2174
f 2292 2293 2291
f 2291 2293 2290
f 2294 146 2293
f 146 2289 2290
f 2293 146 2290
f 1898 53 1911
f 53 1895 1911
f 53 1898 52
f 104 1822 1821
f 104 1823 1822
f 1823 104 1824
f 104 1825 1824
f 104 105 1825
f 96 1799 1798
f 2034 18 2033
f 2032 2031 18
f 18 2030 2033
f 18 2031 2030
f 1857 7 1858
f 1859 1858 7
f 1863 7 1860
f 1860 7 1861
f 1859 7 1863
f 1862 1861 7
f 1 1764 1862
f 1 1862 7
f 1771 97 1772
f 97 98 1772
f 12 2036 2035
f 2039 12 2035
f 2038 2037 6
f 6 12 2038
f 2039 2040 12
f 2040 2038 12
f 2037 2050 6
f 6 2050 2049
f 2049 2051 6
f 2320 2319 242
f 2320 242 2321
f 2321 242 2322
f 2322 241 2323
f 2322 242 241
f 1847 13 1848
f 13 1847 1849
f 13 1849 1853
f 1850 13 1851
f 1856 1854 13
f 1851 13 1852
f 1856 13 1853
f 13 1850 1855
f 1854 1852 13
f 1848 7 1857
f 1848 13 7
f 19 1845 1844
f 25 19 1844
f 1778 1777 98
f 1773 1778 98
f 1777 1772 98
f 93 1773 98
f 2043 18 2041
f 2041 18 2042
f 2042 18 2044
f 2034 2044 18
f 2043 12 18
f 2045 2036 12
f 2046 2045 12
f 2047 2046 12
f 12 2048 2047
f 12 2043 2048
f 1953 1954 186
f 1954 1955 186
f 1955 177 186
f 1953 186 1952
f 1770 97 1771
f 1766 1765 97
f 1767 1766 97
f 1767 97 1768
f 1768 97 1769
f 1769 97 1770
f 172 1990 1993
f 1993 1987 172
f 172 1985 1989
f 1990 172 1989
f 1983 173 1982
f 1984 172 1983
f 1983 172 173
f 1985 172 1984
f 173 1980 1981
f 1982 173 1981
f 1978 1979 173
f 1978 173 1977
f 173 174 1977
f 1979 1980 173
f 1977 174 1976
f 174 1974 1975
f 1976 174 1975
f 1974 174 1973
f 174 1971 1972
f 1973 174 1972
f 175 1971 174
f 175 1970 1971
f 175 1969 1970
f 175 1968 1969
f 175 1967 1968
f 1966 1967 175
f 1965 1966 175
f 176 1965 175
f 85 1942 1943
f 1945 1946 187
f 1944 1945 187
f 1943 1944 187
f 1942 85 1941
f 1943 187 85
f 19 1864 1868
f 19 1865 1845
f 19 1866 1865
f 19 1867 1866
f 19 1869 1867
f 19 1868 1869
f 1864 13 1855
f 13 1864 19
f 1956 177 1955
f 1957 177 1956
f 177 1957 1958
f 1774 93 1775
f 1773 93 1774
f 1776 1775 93
f 1779 93 1780
f 1779 1776 93
f 93 1781 1780
f 93 1782 1781
f 94 1782 93
f 94 1783 1782
f 94 1784 1783
f 94 1785 1784
f 1786 1785 94
f 1787 1786 94
f 1787 94 1788
f 1789 1788 94
f 1789 94 95
f 1790 1789 95
f 1790 95 1791
f 1792 1791 95
f 1798 1797 96
f 1797 1796 96
f 96 1796 95
f 95 1794 1793
f 1792 95 1793
f 95 1795 1794
f 95 1796 1795
f 2032 24 2053
f 2053 24 2054
f 2052 24 2028
f 2054 24 2052
f 24 2032 18
f 1800 1799 96
f 178 2008 2004
f 178 2000 2008
f 1999 2000 178
f 1998 179 1997
f 1999 178 1998
f 1998 178 179
f 1992 1994 179
f 1994 1995 179
f 1995 1996 179
f 1996 1997 179
f 1988 1991 179
f 1991 1992 179
f 180 1988 179
f 1988 180 1986
f 180 1987 1986
f 180 172 1987
f 1 1765 1764
f 1 97 1765
f 1951 1952 186
f 1950 1951 186
f 1950 186 1949
f 186 187 1949
f 187 1947 1948
f 1949 187 1948
f 1946 1947 187
f 1875 1878 25
f 25 1880 1879
f 1876 25 1877
f 1877 25 1879
f 1875 25 1876
f 25 1844 1846
f 1880 25 1846
f 1932 1941 85
f 2084 159 2083
f 2083 159 2082
f 2084 2085 159
f 2086 159 2085
f 159 6 2082
f 1800 102 1801
f 1801 102 1802
f 1802 102 1803
f 1803 102 1804
f 1804 102 1805
f 1805 102 1806
f 1800 96 102
f 1807 1806 102
f 103 1807 102
f 1808 1807 103
f 1808 103 1809
f 1809 103 1810
f 1810 103 1811
f 1811 103 1812
f 1812 103 1813
f 103 1814 1813
f 1815 103 1816
f 103 1817 1816
f 103 1815 1814
f 103 104 1817
f 1817 104 1818
f 104 1819 1818
f 104 1820 1819
f 104 1821 1820
f 159 2086 2087
f 159 2087 2088
f 1825 105 1826
f 105 1827 1826
f 1827 105 1828
f 1828 105 1829
f 1829 105 1830
f 1835 1834 106
f 1830 105 1831
f 105 1832 1831
f 105 1833 1832
f 105 1834 1833
f 1834 105 106
f 1835 106 1836
f 1836 106 1837
f 1837 106 1838
f 1840 1839 106
f 1840 106 1841
f 1841 107 1842
f 1839 1838 106
f 106 107 1841
f 1842 107 1843
f 2019 2015 2020
f 2012 1843 107
f 2013 2012 107
f 2014 2013 107
f 2015 2014 107
f 2020 2015 107
f 2017 2016 2015
f 2017 2015 2018
f 2018 2015 2019
f 2010 188 2007
f 2011 2002 188
f 2010 2011 188
f 2007 188 2006
f 2006 188 2005
f 2004 2003 178
f 178 2003 2005
f 188 178 2005
f 2071 2077 30
f 24 30 2077
f 31 1884 1886
f 1884 31 1885
f 31 1886 1883
f 1885 31 1887
f 31 1888 1887
f 1890 25 1889
f 1888 25 1890
f 1878 1889 25
f 31 25 1888
f 2024 2025 198
f 2025 2026 198
f 2026 2027 198
f 2021 198 2009
f 2022 198 2021
f 2023 198 2022
f 2024 198 2023
f 2009 199 2001
f 2009 198 199
f 2001 188 2002
f 2001 199 188
f 30 2062 2073
f 2072 2071 30
f 2072 30 2073
f 2062 30 37
f 2020 119 2221
f 107 119 2020
f 2221 119 2222
f 119 120 2222
f 2224 2223 120
f 2224 120 2225
f 2225 120 2226
f 2226 120 2227
f 2227 120 2228
f 2228 120 2229
f 2223 2222 120
f 2229 120 2235
f 2236 2235 120
f 2237 2236 120
f 2237 120 2238
f 2315 2316 209
f 209 2314 2310
f 2316 2314 209
f 2315 209 2313
f 2313 198 2311
f 198 2027 2312
f 198 2312 2311
f 209 198 2313
f 38 1872 1873
f 1870 1872 38
f 1874 38 1873
f 1871 1870 38
f 1881 1871 31
f 1882 1881 31
f 1883 1882 31
f 1871 38 31
f 2233 2232 133
f 2231 2230 133
f 2232 2231 133
f 2234 2233 133
f 2230 120 133
f 120 2230 2241
f 120 2241 2240
f 2238 120 2240
f 2065 44 2066
f 37 2063 2067
f 2064 44 2065
f 2063 44 2064
f 2066 44 2068
f 2068 44 2069
f 2063 37 44
f 37 2067 2070
f 2061 37 2070
f 2328 2327 241
f 2328 241 2329
f 2348 2347 220
f 220 2344 2348
f 2349 2348 2344
f 2343 2342 209
f 209 2342 2344
f 2343 209 2309
f 220 209 2344
f 2309 209 2310
f 2285 2289 145
f 2289 146 145
f 2140 2158 67
f 67 2158 2149
f 59 67 2149
f 1891 38 1892
f 45 38 1891
f 1874 1892 38
f 45 1903 1905
f 1904 45 1905
f 45 1893 1903
f 45 1891 1894
f 1893 45 1894
f 45 1904 1896
f 2136 59 2150
f 59 2146 2148
f 59 2147 2146
f 59 2148 2150
f 59 2149 2147
f 7 8 1
f 8 2 1
f 8 9 2
f 9 3 2
f 9 10 3
f 10 4 3
f 10 11 4
f 11 5 4
f 11 12 5
f 12 6 5
f 13 14 7
f 14 8 7
f 14 15 8
f 15 9 8
f 15 16 9
f 16 10 9
f 16 17 10
f 17 11 10
f 17 18 11
f 18 12 11
f 19 20 13
f 20 14 13
f 20 21 14
f 21 15 14
f 21 22 15
f 22 16 15
f 22 23 16
f 23 17 16
f 23 24 17
f 24 18 17
f 25 26 19
f 26 20 19
f 26 27 20
f 27 21 20
f 27 28 21
f 28 22 21
f 28 29 22
f 29 23 22
f 29 30 23
f 30 24 23
f 31 32 25
f 32 26 25
f 32 33 26
f 33 27 26
f 33 34 27
f 34 28 27
f 34 35 28
f 35 29 28
f 35 36 29
f 36 30 29
f 36 37 30
f 38 39 31
f 39 32 31
f 39 40 32
f 40 33 32
f 40 41 33
f 41 34 33
f 41 42 34
f 42 35 34
f 42 43 35
f 43 36 35
f 43 44 36
f 44 37 36
f 45 46 38
f 46 39 38
f 46 47 39
f 47 40 39
f 47 48 40
f 48 41 40
f 48 49 41
f 49 42 41
f 49 50 42
f 50 43 42
f 50 51 43
f 51 44 43
f 53 54 45
f 54 46 45
f 54 55 46
f 55 47 46
f 55 56 47
f 56 48 47
f 56 57 48
f 57 49 48
f 57 58 49
f 58 50 49
f 58 59 50
f 59 51 50
f 60 61 52
f 61 53 52
f 61 62 53
f 62 54 53
f 62 63 54
f 63 55 54
f 63 64 55
f 64 56 55
f 64 65 56
f 65 57 56
f 65 66 57
f 66 58 57
f 66 67 58
f 67 59 58
f 68 69 60
f 69 61 60
f 69 70 61
f 70 62 61
f 70 71 62
f 71 63 62
f 71 72 63
f 72 64 63
f 72 73 64
f 73 65 64
f 73 74 65
f 74 66 65
f 74 75 66
f 75 67 66
f 77 78 68
f 78 69 68
f 78 79 69
f 79 70 69
f 79 80 70
f 80 71 70
f 80 81 71
f 81 72 71
f 81 82 72
f 82 73 72
f 82 83 73
f 83 74 73
f 83 84 74
f 84 75 74
f 85 86 76
f 86 77 76
f 86 87 77
f 87 78 77
f 87 88 78
f 88 79 78
f 88 89 79
f 89 80 79
f 89 90 80
f 90 81 80
f 90 91 81
f 91 82 81
f 91 92 82
f 92 83 82
f 98 99 93
f 99 94 93
f 99 100 94
f 100 95 94
f 100 101 95
f 101 96 95
f 101 102 96
f 2 108 1
f 108 97 1
f 108 109 97
f 109 98 97
f 109 110 98
f 110 99 98
f 110 111 99
f 111 100 99
f 111 112 100
f 112 101 100
f 112 113 101
f 113 102 101
f 113 114 102
f 114 103 102
f 114 115 103
f 115 104 103
f 115 116 104
f 116 105 104
f 116 117 105
f 117 106 105
f 117 118 106
f 118 107 106
f 118 119 107
f 3 121 2
f 121 108 2
f 121 122 108
f 122 109 108
f 122 123 109
f 123 110 109
f 123 124 110
f 124 111 110
f 124 125 111
f 125 112 111
f 125 126 112
f 126 113 112
f 126 127 113
f 127 114 113
f 127 128 114
f 128 115 114
f 128 129 115
f 129 116 115
f 129 130 116
f 130 117 116
f 130 131 117
f 131 118 117
f 131 132 118
f 132 119 118
f 132 133 119
f 133 120 119
f 4 134 3
f 134 121 3
f 134 135 121
f 135 122 121
f 135 136 122
f 136 123 122
f 136 137 123
f 137 124 123
f 137 138 124
f 138 125 124
f 138 139 125
f 139 126 125
f 139 140 126
f 140 127 126
f 140 141 127
f 141 128 127
f 141 142 128
f 142 129 128
f 142 143 129
f 143 130 129
f 143 144 130
f 144 131 130
f 144 145 131
f 145 132 131
f 145 146 132
f 146 133 132
f 5 147 4
f 147 134 4
f 147 148 134
f 148 135 134
f 148 149 135
f 149 136 135
f 149 150 136
f 150 137 136
f 150 151 137
f 151 138 137
f 151 152 138
f 152 139 138
f 152 153 139
f 153 140 139
f 153 154 140
f 154 141 140
f 154 155 141
f 155 142 141
f 155 156 142
f 156 143 142
f 156 157 143
f 157 144 143
f 157 158 144
f 158 145 144
f 6 159 5
f 159 147 5
f 159 160 147
f 160 148 147
f 160 161 148
f 161 149 148
f 161 162 149
f 162 150 149
f 162 163 150
f 163 151 150
f 163 164 151
f 164 152 151
f 164 165 152
f 165 153 152
f 165 166 153
f 166 154 153
f 166 167 154
f 167 155 154
f 167 168 155
f 168 156 155
f 169 164 163
f 169 170 164
f 170 165 164
f 170 171 165
f 171 166 165
f 180 181 172
f 181 173 172
f 181 182 173
f 182 174 173
f 182 183 174
f 183 175 174
f 183 184 175
f 184 176 175
f 184 185 176
f 185 177 176
f 185 186 177
f 188 189 178
f 189 179 178
f 189 190 179
f 190 180 179
f 190 191 180
f 191 181 180
f 191 192 181
f 192 182 181
f 192 193 182
f 193 183 182
f 193 194 183
f 194 184 183
f 194 195 184
f 195 185 184
f 195 196 185
f 196 186 185
f 196 197 186
f 197 187 186
f 197 86 187
f 86 85 187
f 199 200 188
f 200 189 188
f 200 201 189
f 201 190 189
f 201 202 190
f 202 191 190
f 202 203 191
f 203 192 191
f 203 204 192
f 204 193 192
f 204 205 193
f 205 194 193
f 205 206 194
f 206 195 194
f 206 207 195
f 207 196 195
f 207 208 196
f 208 197 196
f 208 87 197
f 87 86 197
f 209 210 198
f 210 199 198
f 210 211 199
f 211 200 199
f 211 212 200
f 212 201 200
f 212 213 201
f 213 202 201
f 213 214 202
f 214 203 202
f 214 215 203
f 215 204 203
f 215 216 204
f 216 205 204
f 216 217 205
f 217 206 205
f 217 218 206
f 218 207 206
f 218 219 207
f 219 208 207
f 219 88 208
f 88 87 208
f 220 221 209
f 221 210 209
f 221 222 210
f 222 211 210
f 222 223 211
f 223 212 211
f 223 224 212
f 224 213 212
f 224 225 213
f 225 214 213
f 225 226 214
f 226 215 214
f 226 227 215
f 227 216 215
f 227 228 216
f 228 217 216
f 228 229 217
f 229 218 217
f 229 230 218
f 230 219 218
f 230 89 219
f 89 88 219
f 231 221 220
f 231 232 221
f 232 222 221
f 232 233 222
f 233 223 222
f 233 234 223
f 234 224 223
f 234 235 224
f 235 225 224
f 235 236 225
f 236 226 225
f 236 237 226
f 237 227 226
f 237 238 227
f 238 228 227
f 238 239 228
f 239 229 228
f 239 240 229
f 240 230 229
f 240 90 230
f 90 89 230
f 241 232 231
f 241 242 232
f 242 233 232
f 242 243 233
f 243 234 233
f 243 244 234
f 244 235 234
f 244 245 235
f 245 236 235
f 245 246 236
f 246 237 236
f 246 247 237
f 247 238 237
f 247 248 238
f 248 239 238
f 248 249 239
f 249 240 239
f 249 91 240
f 91 90 240
f 250 246 245
f 250 251 246
f 251 247 246
f 251 252 247
f 252 248 247
f 252 253 248
f 253 249 248
f 253 92 249
f 92 91 249
f 1996 1995 1424
f 1995 1426 1424
f 1426 1995 1994
f 1428 1992 1991
f 1426 1994 1992
f 1426 1992 1428
f 1428 1991 1988
f 1428 1988 1986
f 1428 1986 1987
f 1993 1428 1987
f 1428 1993 1429
f 1984 1429 1985
f 1985 1429 1989
f 1984 1433 1429
f 1990 1989 1429
f 1990 1429 1993
f 1981 1437 1982
f 1982 1437 1983
f 1983 1437 1433
f 1984 1983 1433
f 1979 1437 1980
f 1980 1437 1981
f 1926 1480 1925
f 1926 1928 1480
f 1928 1479 1480
f 1480 1916 1917
f 1925 1480 1917
f 781 1918 1916
f 1480 781 1916
f 1918 781 1915
f 1915 781 1481
f 625 1907 1910
f 1907 625 1479
f 1901 620 1909
f 620 1908 1909
f 620 1901 1902
f 1908 625 1910
f 620 625 1908
f 2177 2175 450
f 2175 451 450
f 2176 2177 452
f 450 452 2177
f 1924 1484 1922
f 1484 633 1922
f 1484 1924 1923
f 1481 1484 1923
f 1506 1904 1905
f 1904 1506 621
f 1335 2309 2310
f 1335 2310 2314
f 1903 1506 1905
f 1506 1903 1516
f 1941 1937 1942
f 1937 1535 1942
f 1933 1941 1932
f 1937 1941 1933
f 1940 1939 1503
f 633 1503 1939
f 1503 1938 1940
f 1535 1938 1503
f 1942 1535 1943
f 1943 1535 1504
f 1958 1957 1536
f 1959 1958 1536
f 1960 1959 1536
f 1961 1960 1536
f 1961 1536 1537
f 1962 1961 1537
f 1955 1954 1538
f 1956 1955 1538
f 1538 1957 1956
f 1957 1538 1536
f 1963 1962 1537
f 1964 1963 1541
f 1963 1537 1541
f 1965 1964 1541
f 1541 1966 1965
f 1498 1953 1952
f 1498 1952 1951
f 1538 1954 1953
f 1498 1538 1953
f 1944 1943 1504
f 1945 1944 1504
f 1495 1945 1504
f 1946 1495 1947
f 1946 1945 1495
f 1495 1948 1947
f 1495 1494 1948
f 1949 1494 1950
f 1949 1948 1494
f 1498 1951 1950
f 1498 1950 1494
f 620 1902 1900
f 620 1900 621
f 1552 1974 1973
f 1974 1552 1975
f 1976 1975 1553
f 1975 1552 1553
f 1553 1977 1976
f 1553 1978 1977
f 1554 1972 1971
f 1970 1554 1971
f 1554 1973 1972
f 1552 1973 1554
f 1978 1553 1979
f 1553 1437 1979
f 1968 1561 1969
f 1969 1554 1970
f 1561 1554 1969
f 1966 1541 1967
f 1561 1967 1541
f 1968 1967 1561
f 2275 893 2276
f 2275 2274 886
f 893 2275 886
f 2244 899 2245
f 2245 899 2246
f 898 899 2244
f 1616 2019 2020
f 2020 2221 1616
f 2221 2222 1616
f 2222 1151 1616
f 2223 1151 2222
f 1664 1814 1815
f 1663 1813 1814
f 1664 1663 1814
f 1831 1832 1633
f 1632 1831 1633
f 1854 1856 713
f 1854 713 1688
f 1853 713 1856
f 712 713 1853
f 1863 714 1859
f 1859 714 712
f 714 1863 1860
f 1675 714 1860
f 1869 1868 1689
f 1689 1868 1688
f 2040 2039 294
f 293 294 2039
f 294 2038 2040
f 2038 294 963
f 971 2043 2041
f 971 2048 2043
f 971 292 2048
f 2047 2048 292
f 2047 292 293
f 971 2041 2042
f 2044 961 2042
f 961 971 2042
f 961 2034 2033
f 2034 961 2044
f 973 961 2033
f 307 2141 2139
f 1003 307 2139
f 2158 2140 307
f 307 2140 2141
f 307 1005 2158
f 2155 2156 453
f 1003 2155 453
f 1012 2150 2148
f 1005 1012 2148
f 2134 2136 1012
f 1012 2136 2150
f 2134 1012 1013
f 1870 1871 1743
f 1871 1881 1743
f 1872 1870 1743
f 1883 1886 756
f 1744 756 1886
f 1883 756 1882
f 756 1881 1882
f 1881 756 1743
f 2167 2165 452
f 2156 2167 452
f 453 2156 452
f 1872 1752 1873
f 1752 1872 1743
f 1888 1754 1887
f 1887 1754 1744
f 1888 1890 1754
f 1754 1890 1889
f 1754 1889 1756
f 1874 1752 1892
f 1874 1873 1752
f 1892 1752 1516
f 2053 2054 335
f 973 2053 335
f 335 2054 2052
f 334 335 2052
f 2078 333 2075
f 333 334 2075
f 1044 2078 2076
f 333 2078 1044
f 2077 2071 1044
f 2077 1044 2076
f 2071 2072 1044
f 1879 1880 767
f 1879 767 1756
f 1846 767 1880
f 1760 767 1846
f 1867 1869 1689
f 1689 1760 1867
f 2061 2070 326
f 2060 2061 326
f 2070 1056 326
f 2060 326 2058
f 326 1058 2058
f 1061 2066 2068
f 1061 1056 2066
f 1059 2073 2062
f 2059 1059 2062
f 1059 2059 1058
f 1044 2072 2073
f 1044 2073 1059
f 2316 1763 2314
f 1763 1335 2314
f 1763 2316 2315
f 1359 1763 2315
f 1931 1921 633
f 1921 1922 633
f 1934 1929 633
f 1929 1930 633
f 1930 1931 633
f 1939 1934 633
f 2046 293 2045
f 2046 2047 293
f 2035 2036 293
f 293 2036 2045
f 2039 2035 293
f 963 2037 2038
f 963 2050 2037
f 963 2049 2050
f 2137 2138 1003
f 2138 2154 1003
f 1003 2154 2155
f 1003 2139 2137
f 2149 1005 2147
f 2158 1005 2149
f 1005 2146 2147
f 1005 2148 2146
f 334 2074 2075
f 334 2029 2074
f 334 2052 2028
f 334 2028 2029
f 973 2033 2030
f 973 2030 2031
f 2032 2053 973
f 2031 2032 973
f 1056 2064 2065
f 1056 2065 2066
f 2063 2064 1056
f 2067 2063 1056
f 2067 1056 2070
f 2056 2057 1058
f 2057 2058 1058
f 2055 2056 1058
f 2059 2055 1058
f 451 2175 2172
f 2173 451 2172
f 2159 2160 451
f 2174 2159 451
f 2173 2174 451
f 2144 2142 1276
f 2144 1276 2157
f 2143 1276 2142
f 2143 2145 1276
f 1276 2145 2151
f 2135 2133 1013
f 2152 2135 1013
f 2133 2134 1013
f 2162 2163 2178
f 1906 1907 1479
f 1919 1906 1479
f 1927 1919 1479
f 1928 1927 1479
f 1912 1913 1481
f 1913 1915 1481
f 1481 1920 1914
f 1923 1920 1481
f 1481 1914 1912
f 1899 1897 621
f 1899 621 1900
f 1898 621 1897
f 1911 621 1898
f 1895 621 1911
f 1896 621 1895
f 1904 621 1896
f 1903 1893 1516
f 1894 1516 1893
f 1894 1891 1516
f 1891 1892 1516
f 1935 1936 1535
f 1535 1936 1938
f 1935 1535 1937
f 1860 1861 1675
f 1849 1847 712
f 1849 712 1853
f 712 1847 1848
f 1857 712 1848
f 1857 1858 712
f 712 1858 1859
f 1850 1851 1688
f 1850 1688 1855
f 1688 1864 1855
f 1688 1868 1864
f 1852 1688 1851
f 1854 1688 1852
f 1744 1884 1885
f 1887 1744 1885
f 1744 1886 1884
f 1876 1756 1875
f 1878 1756 1889
f 1878 1875 1756
f 1877 1756 1876
f 1879 1756 1877
f 1844 1845 1760
f 1844 1760 1846
f 1760 1845 1865
f 1866 1760 1865
f 1867 1760 1866
f 881 2267 2265
f 881 2265 2266
f 2308 885 2266
f 885 881 2266
f 2268 2267 881
f 2268 881 2269
f 2272 2271 886
f 2269 881 2270
f 881 886 2270
f 2270 886 2271
f 2307 885 2308
f 885 2307 2306
f 885 2306 2305
f 2304 2303 892
f 2304 892 2305
f 2305 892 885
f 2273 2272 886
f 2274 2273 886
f 897 2130 2129
f 2128 2127 906
f 2128 897 2129
f 2128 906 897
f 897 2217 2130
f 898 2243 2242
f 2218 898 2242
f 2218 897 898
f 2218 2217 897
f 2243 898 2244
f 2248 2247 899
f 899 2247 2246
f 2249 2248 899
f 2250 907 2253
f 2250 899 907
f 2250 2249 899
f 2303 2264 892
f 2264 2263 892
f 2261 956 2262
f 2263 2262 956
f 2263 956 892
f 2261 2260 956
f 2083 957 2084
f 963 2082 2081
f 2082 963 957
f 2082 957 2083
f 957 2085 2084
f 957 2087 2086
f 2085 957 2086
f 964 2089 2088
f 957 964 2088
f 957 2088 2087
f 2080 963 2081
f 2089 964 2090
f 964 2091 2090
f 2092 2091 964
f 964 974 2092
f 2093 2092 974
f 975 2102 2101
f 2105 976 2106
f 2105 2104 976
f 2103 2102 975
f 2103 975 976
f 2103 976 2104
f 2110 2109 977
f 977 2109 2108
f 2107 2106 976
f 2108 2107 977
f 2107 976 977
f 2100 975 2101
f 2099 2098 979
f 2099 975 2100
f 2099 979 975
f 2097 979 2098
f 2097 2096 979
f 979 2096 2095
f 979 2095 974
f 974 2095 2094
f 2093 974 2094
f 2291 948 2292
f 2291 2290 948
f 948 2290 2289
f 948 2289 1148
f 2289 2285 1148
f 1148 2285 2284
f 2282 1148 2284
f 2293 2292 948
f 2283 1148 2282
f 2288 1148 2283
f 2288 2287 1149
f 1148 2288 1149
f 1149 2287 2286
f 944 2299 2298
f 2294 944 2298
f 2294 2293 948
f 944 2294 948
f 944 2300 2299
f 1149 2286 2281
f 1149 2281 2280
f 2280 2279 893
f 2280 893 1149
f 2277 893 2278
f 2279 2278 893
f 2277 2276 893
f 2297 2295 945
f 2297 945 2301
f 944 2296 2300
f 945 2295 2296
f 944 945 2296
f 945 2302 2301
f 954 2232 2233
f 2240 2241 1143
f 1142 2236 2237
f 2240 1143 2238
f 2238 1142 2237
f 1143 1142 2238
f 1142 2235 2236
f 1150 2227 2228
f 1142 2228 2229
f 2228 1142 1150
f 2229 2235 1142
f 2227 1150 2226
f 2231 2232 954
f 2231 954 2230
f 1143 2241 2230
f 2230 954 1143
f 1150 2225 2226
f 1151 2224 2225
f 1151 2225 1150
f 2223 2224 1151
f 2123 2122 1153
f 2124 2123 1153
f 906 2127 2126
f 1153 2125 2124
f 906 2126 2125
f 906 2125 1153
f 1153 2121 2120
f 1153 2122 2121
f 2118 1084 2119
f 2119 1153 2120
f 1084 1153 2119
f 1084 2118 2117
f 1084 2117 2116
f 1081 2116 2115
f 2116 1081 1084
f 1081 2114 2113
f 1081 2115 2114
f 2253 907 2254
f 2258 2257 1154
f 2259 956 2260
f 2259 2258 1154
f 956 2259 1154
f 2255 2254 907
f 1154 2251 2252
f 2256 2251 1154
f 2256 1154 2257
f 2252 907 1154
f 2255 907 2252
f 1616 2017 2018
f 1616 2018 2019
f 1616 2016 2017
f 2015 2016 1616
f 2014 2015 1614
f 1614 2015 1616
f 2013 2014 1614
f 1832 1833 1633
f 1837 1660 1836
f 1633 1833 1834
f 1835 1633 1834
f 1836 1660 1835
f 1835 1660 1633
f 1661 1840 1841
f 1838 1839 1660
f 1837 1838 1660
f 1661 1839 1840
f 1661 1660 1839
f 2013 1614 2012
f 1661 1841 1842
f 1843 2012 1614
f 1843 1614 1842
f 1842 1614 1661
f 1807 1808 1662
f 1806 1662 1805
f 1807 1662 1806
f 1663 1810 1811
f 1662 1808 1809
f 1810 1663 1809
f 1663 1662 1809
f 1812 1663 1811
f 1663 1812 1813
f 2239 953 2234
f 2234 953 954
f 2234 954 2233
f 1816 1664 1815
f 1803 1667 1802
f 1804 1667 1803
f 1662 1804 1805
f 1662 1667 1804
f 1819 1820 1638
f 1664 1816 1817
f 1818 1664 1817
f 1818 1819 1664
f 1664 1819 1638
f 1631 1823 1824
f 1632 1827 1828
f 1632 1826 1827
f 1824 1825 1631
f 1825 1632 1631
f 1632 1825 1826
f 1632 1828 1829
f 1830 1632 1829
f 1632 1830 1831
f 1823 1631 1822
f 1822 1631 1821
f 1821 1631 1638
f 1821 1638 1820
f 1669 1788 1789
f 1670 1793 1794
f 1790 1669 1789
f 1793 1670 1792
f 1670 1791 1792
f 1790 1791 1669
f 1670 1669 1791
f 1671 1796 1797
f 1670 1794 1795
f 1796 1671 1795
f 1671 1670 1795
f 1667 1801 1802
f 1798 1799 1671
f 1799 1800 1671
f 1800 1667 1671
f 1801 1667 1800
f 1798 1671 1797
f 1766 1767 1675
f 1676 1769 1770
f 1774 1677 1773
f 1677 1778 1773
f 1677 1777 1778
f 1772 1676 1771
f 1677 1676 1772
f 1676 1770 1771
f 1777 1677 1772
f 1676 1768 1769
f 1767 1768 1675
f 1768 1676 1675
f 1781 1678 1780
f 1780 1678 1779
f 1775 1776 1678
f 1678 1776 1779
f 1775 1677 1774
f 1677 1775 1678
f 1783 1784 1680
f 1680 1784 1785
f 1680 1785 1786
f 1788 1669 1787
f 1787 1680 1786
f 1669 1680 1787
f 1782 1678 1781
f 1783 1680 1782
f 1678 1782 1680
f 2113 2112 1081
f 1081 2112 2111
f 2110 977 2111
f 977 1081 2111
f 2080 2079 963
f 2049 2079 2051
f 2049 963 2079
f 1161 2341 2345
f 1161 2340 2341
f 1172 2345 2346
f 1172 1161 2345
f 1765 1766 1861
f 1862 1765 1861
f 1764 1765 1862
f 1766 1675 1861
f 2325 2326 1333
f 2328 1333 2327
f 2327 1333 2326
f 2325 1333 2324
f 1333 2323 2324
f 1334 2322 2323
f 1333 1334 2323
f 2343 1335 2342
f 2343 2309 1335
f 2215 1208 2214
f 1208 2213 2214
f 2215 2216 1208
f 1209 1208 2216
f 2190 1209 2189
f 1209 2216 2189
f 2191 1209 2190
f 1209 2191 1210
f 2192 1210 2191
f 1210 2192 2193
f 2194 1210 2193
f 2321 2322 1334
f 2211 1212 2210
f 2212 1212 2211
f 2213 1208 2212
f 1208 1212 2212
f 1215 2194 2195
f 1210 2194 1215
f 2196 1215 2195
f 2196 2197 1215
f 1219 2197 2198
f 1219 1215 2197
f 2200 2201 1219
f 1223 1219 2201
f 1219 2199 2200
f 1219 2198 2199
f 1223 2203 2219
f 1230 1223 2219
f 1223 2201 2202
f 2203 1223 2202
f 953 2239 2302
f 953 2302 945
f 2176 452 2166
f 2165 2166 452
f 2168 1254 2170
f 2170 1254 1249
f 2160 2161 1249
f 2161 2170 1249
f 2160 1249 451
f 1254 2168 2169
f 2171 1255 2169
f 1255 1254 2169
f 2208 1259 2207
f 2209 1259 2208
f 1259 2209 2210
f 1259 2210 1212
f 1260 2204 2205
f 2206 1260 2205
f 2206 2207 1260
f 2207 1259 1260
f 1061 2068 2069
f 2131 1061 2069
f 2132 1060 2131
f 1060 1061 2131
f 2132 2157 1060
f 1276 1060 2157
f 2151 2153 1277
f 2151 1277 1276
f 2152 1277 2153
f 2152 1013 1277
f 2332 507 2331
f 2332 506 507
f 2333 506 2332
f 2334 506 2333
f 2334 2335 506
f 2335 412 506
f 2335 2336 412
f 411 2336 2337
f 411 412 2336
f 411 2337 2338
f 2339 411 2338
f 1161 2339 2340
f 1161 411 2339
f 2330 2331 507
f 2330 507 2329
f 2328 2329 1333
f 507 1333 2329
f 1172 2346 2347
f 1172 2347 2348
f 2349 1336 2348
f 1336 1172 2348
f 2344 2342 1336
f 2349 2344 1336
f 2342 1335 1336
f 2319 2320 1341
f 2319 1341 2318
f 1334 2320 2321
f 1334 1341 2320
f 2220 2317 1230
f 2220 1230 2219
f 2317 2318 1230
f 1341 1230 2318
f 2184 2185 1257
f 2184 1257 2183
f 1350 2185 2186
f 1350 1257 2185
f 2187 1350 2186
f 1350 2187 2188
f 1255 2180 2181
f 1255 2181 2182
f 2183 1257 2182
f 2182 1257 1255
f 2188 2204 1350
f 1260 1350 2204
f 2162 2178 2179
f 2162 2179 2164
f 2164 2179 1255
f 2179 2180 1255
f 2164 1255 2171
f 1352 2024 2023
f 1352 2025 2024
f 2023 2022 1352
f 1353 1352 2022
f 1353 2022 2021
f 1354 2011 2010
f 2010 2007 1354
f 2007 2006 1355
f 2007 1355 1354
f 2005 1355 2006
f 2001 2002 1353
f 2009 2001 1353
f 2002 2011 1353
f 1353 2021 2009
f 1353 2011 1354
f 2026 2025 1358
f 2025 1352 1358
f 2027 2026 1358
f 1358 2312 2027
f 2312 1358 1359
f 2311 2312 1359
f 2311 1359 2313
f 2313 1359 2315
f 2004 2008 1423
f 1423 2008 2000
f 2004 1423 2003
f 2000 1999 1423
f 1997 1996 1424
f 1998 1997 1424
f 1423 1999 1998
f 1423 1998 1424
f 1355 2005 2003
f 1423 1355 2003
f 256 255 254
f 257 256 254
f 258 257 254
f 258 254 259
f 260 259 254
f 260 254 255
f 263 262 261
f 264 263 261
f 265 264 261
f 266 265 261
f 267 266 261
f 262 267 261
f 270 269 268
f 271 268 269
f 273 272 269
f 274 273 269
f 270 274 269
f 272 271 269
f 277 276 275
f 278 277 275
f 279 278 275
f 280 279 275
f 280 275 281
f 276 281 275
f 284 283 282
f 285 284 282
f 287 286 282
f 283 287 282
f 288 285 282
f 289 288 282
f 290 289 282
f 286 290 282
f 293 292 291
f 294 293 291
f 295 294 291
f 296 295 291
f 297 296 291
f 292 297 291
f 300 299 298
f 301 300 298
f 302 301 298
f 303 302 298
f 304 303 298
f 299 304 298
f 307 306 305
f 308 307 305
f 309 308 305
f 310 309 305
f 311 310 305
f 306 311 305
f 314 313 312
f 313 316 315
f 313 315 312
f 319 318 317
f 320 319 317
f 321 320 317
f 322 321 317
f 323 322 317
f 318 323 317
f 326 325 324
f 327 326 324
f 328 327 324
f 329 328 324
f 330 329 324
f 331 330 324
f 325 331 324
f 334 333 332
f 335 334 332
f 336 335 332
f 337 336 332
f 338 337 332
f 339 338 332
f 333 339 332
f 342 341 340
f 345 344 343
f 347 346 343
f 348 347 343
f 344 348 343
f 349 345 343
f 346 349 343
f 352 351 350
f 353 352 350
f 354 353 350
f 355 354 350
f 356 355 350
f 357 356 350
f 351 357 350
f 360 359 358
f 361 360 358
f 362 361 358
f 363 362 358
f 364 363 358
f 358 359 364
f 367 366 365
f 368 367 365
f 369 368 365
f 370 369 365
f 371 370 365
f 366 371 365
f 374 373 372
f 375 374 372
f 378 377 376
f 378 376 379
f 377 380 376
f 379 376 381
f 382 381 376
f 382 376 380
f 385 384 383
f 386 385 383
f 387 386 383
f 387 383 388
f 384 389 383
f 389 390 383
f 388 383 390
f 393 392 391
f 395 394 391
f 392 395 391
f 394 396 391
f 397 393 391
f 396 397 391
f 400 399 398
f 402 401 398
f 401 403 398
f 399 402 398
f 405 404 398
f 404 406 398
f 406 400 398
f 403 405 398
f 409 408 407
f 412 411 410
f 412 410 413
f 410 414 413
f 410 415 414
f 411 416 410
f 415 410 416
f 419 418 417
f 420 419 417
f 421 420 417
f 422 421 417
f 422 417 423
f 418 423 417
f 426 425 424
f 427 426 424
f 428 427 424
f 429 428 424
f 430 429 424
f 431 430 424
f 425 431 424
f 434 433 432
f 435 434 432
f 436 435 432
f 437 436 432
f 438 437 432
f 433 438 432
f 441 440 439
f 444 443 442
f 445 444 442
f 446 445 442
f 447 446 442
f 448 447 442
f 448 442 449
f 443 449 442
f 453 452 450
f 454 453 450
f 455 454 450
f 456 455 450
f 451 456 450
f 459 458 457
f 460 459 457
f 463 462 461
f 464 463 461
f 467 466 465
f 468 467 465
f 469 468 465
f 470 469 465
f 471 470 465
f 466 471 465
f 474 473 472
f 476 475 472
f 477 476 472
f 473 477 472
f 478 474 472
f 475 479 472
f 479 480 472
f 480 478 472
f 483 482 481
f 484 483 481
f 485 484 481
f 486 485 481
f 487 486 481
f 482 487 481
f 490 489 488
f 488 489 491
f 489 492 491
f 489 493 492
f 483 489 490
f 483 493 489
f 496 495 494
f 496 494 497
f 494 498 497
f 494 366 498
f 501 500 499
f 502 501 499
f 503 502 499
f 500 504 499
f 505 503 499
f 504 505 499
f 508 507 506
f 508 506 413
f 511 510 509
f 509 510 512
f 510 513 512
f 514 511 509
f 515 509 512
f 515 516 509
f 516 514 509
f 495 518 517
f 519 495 517
f 518 520 517
f 519 517 521
f 520 522 517
f 521 517 522
f 525 524 523
f 525 523 526
f 527 526 523
f 467 527 523
f 467 523 528
f 524 528 523
f 531 530 529
f 532 531 529
f 533 532 529
f 533 529 534
f 535 534 529
f 535 529 530
f 538 537 536
f 541 540 539
f 541 539 542
f 542 539 543
f 543 539 544
f 545 544 539
f 540 545 539
f 548 547 546
f 547 549 546
f 551 550 546
f 550 552 546
f 552 548 546
f 549 551 546
f 555 554 553
f 556 555 553
f 557 555 556
f 557 558 555
f 559 555 558
f 559 554 555
f 562 561 560
f 561 563 560
f 565 564 560
f 564 566 560
f 566 562 560
f 563 565 560
f 569 568 567
f 570 569 567
f 570 571 569
f 572 569 559
f 568 569 572
f 559 569 571
f 575 574 573
f 574 576 573
f 578 577 573
f 577 575 573
f 576 579 573
f 579 578 573
f 581 550 580
f 550 582 580
f 582 583 580
f 583 584 580
f 584 585 580
f 585 581 580
f 588 587 586
f 587 589 586
f 589 590 586
f 592 591 586
f 591 588 586
f 590 592 586
f 595 594 593
f 595 591 594
f 591 596 594
f 597 594 596
f 598 594 597
f 593 594 598
f 601 600 599
f 601 602 600
f 604 603 600
f 603 599 600
f 607 606 605
f 607 608 606
f 605 606 603
f 603 606 609
f 612 611 610
f 615 614 613
f 614 616 613
f 616 617 613
f 617 618 613
f 618 619 613
f 619 615 613
f 621 622 620
f 621 623 622
f 623 624 622
f 624 625 622
f 620 622 625
f 628 627 626
f 629 626 627
f 629 630 626
f 630 631 626
f 631 632 626
f 632 628 626
f 636 635 634
f 636 634 637
f 640 639 638
f 640 641 639
f 644 643 642
f 643 645 642
f 645 646 642
f 647 644 642
f 646 648 642
f 648 647 642
f 651 650 649
f 650 652 649
f 652 653 649
f 654 649 653
f 654 655 649
f 655 656 649
f 656 651 649
f 659 658 657
f 658 660 657
f 658 661 660
f 661 662 660
f 663 657 662
f 657 660 662
f 666 665 664
f 665 667 664
f 668 664 667
f 668 669 664
f 669 670 664
f 664 670 666
f 673 672 671
f 675 673 674
f 675 408 673
f 408 672 673
f 676 673 671
f 674 673 676
f 679 678 677
f 678 680 677
f 680 681 677
f 683 682 677
f 682 679 677
f 681 683 677
f 686 685 684
f 685 687 684
f 687 688 684
f 688 689 684
f 689 690 684
f 690 691 684
f 691 686 684
f 694 693 692
f 693 695 692
f 695 696 692
f 697 692 696
f 697 698 692
f 698 694 692
f 701 700 699
f 701 702 700
f 705 704 703
f 704 706 703
f 708 707 703
f 707 709 703
f 709 705 703
f 706 710 703
f 710 708 703
f 713 712 711
f 712 714 711
f 714 715 711
f 715 716 711
f 716 717 711
f 717 713 711
f 720 719 718
f 718 721 720
f 724 723 722
f 727 726 725
f 726 728 725
f 730 729 725
f 729 727 725
f 728 731 725
f 731 730 725
f 734 733 732
f 733 735 732
f 735 736 732
f 736 737 732
f 737 738 732
f 738 734 732
f 741 740 739
f 741 742 740
f 745 744 743
f 744 746 743
f 746 747 743
f 748 743 747
f 748 749 743
f 749 745 743
f 752 751 750
f 752 754 753
f 752 750 754
f 757 756 755
f 756 758 755
f 758 759 755
f 759 760 755
f 760 761 755
f 761 757 755
f 764 763 762
f 764 765 763
f 768 767 766
f 767 769 766
f 769 770 766
f 770 771 766
f 771 772 766
f 772 768 766
f 775 774 773
f 775 776 774
f 776 777 774
f 773 777 778
f 773 774 777
f 616 780 779
f 780 781 779
f 782 779 781
f 783 779 782
f 783 784 779
f 784 616 779
f 787 786 785
f 788 787 785
f 789 788 785
f 790 789 785
f 790 785 791
f 786 791 785
f 794 793 792
f 796 794 795
f 796 797 794
f 793 794 797
f 556 794 792
f 795 794 556
f 800 799 798
f 802 801 798
f 803 802 798
f 799 803 798
f 798 804 800
f 805 804 798
f 801 805 798
f 808 807 806
f 809 808 806
f 810 809 806
f 807 811 806
f 812 810 806
f 811 812 806
f 815 814 813
f 816 814 815
f 817 814 816
f 818 814 817
f 685 814 818
f 813 814 685
f 821 820 819
f 822 821 819
f 823 822 819
f 820 824 819
f 825 823 819
f 824 825 819
f 827 826 273
f 272 273 826
f 828 272 826
f 828 826 829
f 826 830 829
f 827 830 826
f 831 256 257
f 832 831 257
f 832 257 833
f 833 257 258
f 259 834 258
f 835 833 258
f 834 835 258
f 260 255 836
f 836 255 837
f 838 837 255
f 256 838 255
f 834 259 839
f 839 259 840
f 259 260 840
f 841 840 260
f 836 841 260
f 842 838 256
f 831 842 256
f 843 832 833
f 844 843 833
f 844 833 835
f 845 831 832
f 845 832 846
f 846 832 843
f 842 831 847
f 847 831 845
f 839 848 834
f 848 502 834
f 502 835 834
f 503 835 502
f 844 835 503
f 849 841 836
f 837 850 836
f 849 836 850
f 851 850 837
f 852 851 837
f 852 837 838
f 852 838 853
f 853 838 842
f 854 848 839
f 854 839 855
f 839 840 855
f 856 855 840
f 841 856 840
f 280 856 841
f 849 280 841
f 857 853 842
f 847 857 842
f 852 859 858
f 858 859 860
f 860 859 861
f 861 859 862
f 862 859 853
f 853 859 852
f 858 851 852
f 863 851 858
f 864 863 858
f 860 864 858
f 865 864 860
f 866 865 860
f 861 866 860
f 857 862 853
f 867 866 861
f 868 867 861
f 862 868 861
f 869 868 862
f 857 869 862
f 850 851 870
f 870 851 863
f 863 864 871
f 871 864 872
f 872 864 865
f 870 863 873
f 873 863 871
f 874 866 867
f 875 874 867
f 876 875 867
f 868 876 867
f 877 876 868
f 869 877 868
f 865 866 878
f 874 878 866
f 877 869 378
f 378 869 879
f 879 869 857
f 847 879 857
f 880 872 865
f 878 880 865
f 881 264 265
f 878 874 262
f 882 878 262
f 267 262 874
f 882 262 263
f 882 263 883
f 883 263 884
f 884 263 264
f 885 884 264
f 881 885 264
f 265 886 881
f 886 265 887
f 266 887 265
f 888 266 267
f 875 888 267
f 874 875 267
f 808 887 266
f 888 808 266
f 880 882 889
f 889 882 883
f 880 878 882
f 890 889 883
f 891 890 883
f 884 891 883
f 891 884 892
f 892 884 885
f 887 893 886
f 893 887 809
f 808 809 887
f 888 807 808
f 894 807 888
f 894 888 875
f 876 894 875
f 271 272 895
f 828 895 272
f 827 273 896
f 274 896 273
f 896 274 897
f 898 897 274
f 270 898 274
f 899 898 270
f 900 899 270
f 268 900 270
f 900 268 822
f 821 822 268
f 821 268 271
f 901 821 271
f 895 901 271
f 828 902 895
f 903 901 895
f 902 903 895
f 904 830 827
f 905 904 827
f 896 905 827
f 906 905 896
f 897 906 896
f 907 899 900
f 908 907 900
f 822 908 900
f 908 822 823
f 901 820 821
f 820 901 909
f 903 909 901
f 910 828 829
f 910 902 828
f 849 279 280
f 281 856 280
f 276 911 281
f 912 856 281
f 911 912 281
f 913 277 278
f 914 913 278
f 915 914 278
f 915 278 279
f 276 277 916
f 917 916 277
f 913 917 277
f 918 915 279
f 849 918 279
f 855 856 912
f 918 849 850
f 920 919 276
f 916 920 276
f 919 911 276
f 429 855 912
f 429 912 428
f 911 428 912
f 914 915 373
f 921 373 915
f 921 915 918
f 922 911 919
f 917 923 920
f 917 920 916
f 922 428 911
f 924 917 913
f 924 913 925
f 925 913 914
f 927 926 919
f 920 927 919
f 926 922 919
f 923 927 920
f 340 923 917
f 924 340 917
f 928 925 914
f 373 928 914
f 870 921 918
f 850 870 918
f 929 288 289
f 290 930 289
f 930 931 289
f 931 929 289
f 932 284 285
f 932 285 288
f 933 286 287
f 934 290 933
f 290 286 933
f 283 284 935
f 935 284 936
f 936 284 932
f 938 287 937
f 283 937 287
f 933 287 938
f 935 939 283
f 939 937 283
f 934 930 290
f 940 932 288
f 941 940 288
f 941 288 929
f 934 942 930
f 402 931 930
f 942 943 930
f 943 401 930
f 401 402 930
f 399 929 402
f 931 402 929
f 941 929 399
f 936 932 944
f 945 944 932
f 940 945 932
f 945 940 941
f 938 386 933
f 386 387 933
f 387 388 933
f 388 934 933
f 946 934 388
f 946 942 934
f 936 947 935
f 948 947 936
f 944 948 936
f 939 935 812
f 812 935 947
f 950 949 938
f 937 950 938
f 949 386 938
f 950 937 951
f 951 937 939
f 811 951 939
f 812 811 939
f 946 943 942
f 952 943 946
f 953 945 941
f 954 953 941
f 399 955 941
f 955 954 941
f 956 891 892
f 957 294 295
f 959 958 296
f 959 296 297
f 961 960 292
f 962 959 297
f 962 297 960
f 961 962 960
f 297 292 960
f 957 963 294
f 295 964 957
f 965 964 295
f 296 965 295
f 958 965 296
f 965 958 966
f 967 966 958
f 968 967 958
f 959 968 958
f 969 968 959
f 962 969 959
f 961 970 962
f 971 961 292
f 972 969 962
f 970 972 962
f 973 970 961
f 965 974 964
f 966 974 965
f 975 978 976
f 980 977 976
f 980 976 978
f 979 981 975
f 981 978 975
f 982 981 979
f 974 982 979
f 983 301 302
f 304 299 984
f 985 300 301
f 986 985 301
f 983 986 301
f 344 986 983
f 348 344 983
f 987 348 983
f 302 987 983
f 988 987 302
f 303 988 302
f 989 303 304
f 989 304 990
f 984 990 304
f 342 988 303
f 342 303 989
f 991 464 984
f 299 991 984
f 990 984 992
f 464 992 984
f 993 991 299
f 300 993 299
f 322 993 300
f 985 322 300
f 995 994 991
f 993 995 991
f 994 464 991
f 323 995 993
f 322 323 993
f 321 322 985
f 996 321 985
f 986 996 985
f 997 996 986
f 344 997 986
f 998 348 987
f 999 998 987
f 988 999 987
f 1000 999 988
f 342 1000 988
f 340 1000 342
f 989 341 342
f 1001 341 989
f 990 1001 989
f 1002 1001 990
f 992 1002 990
f 307 1003 306
f 1003 453 306
f 1004 311 306
f 453 1004 306
f 308 1005 307
f 309 310 1006
f 1007 1006 310
f 1008 1007 310
f 311 1008 310
f 1009 1008 311
f 1004 1009 311
f 1010 308 309
f 455 1004 454
f 453 454 1004
f 1011 1009 1004
f 1011 1004 455
f 1012 1005 308
f 1010 1012 308
f 1014 1013 1012
f 1010 1014 1012
f 1015 1014 1010
f 1016 1015 1010
f 309 1016 1010
f 1006 1016 309
f 1018 1017 1008
f 1018 1008 1009
f 1019 1018 1009
f 1019 1009 1011
f 455 1019 1011
f 1017 525 1007
f 1017 1007 1008
f 1015 1016 1020
f 1021 1020 1016
f 1006 1021 1016
f 1022 1021 1006
f 1007 1022 1006
f 1022 1007 525
f 1024 312 1023
f 1025 1023 312
f 315 1025 312
f 1024 314 312
f 1026 1025 315
f 1027 1026 315
f 316 1027 315
f 1029 316 1028
f 313 1028 316
f 1027 316 1030
f 316 1029 1030
f 1031 1028 313
f 1032 1031 313
f 1032 313 314
f 1033 1032 314
f 1034 1033 314
f 1024 1034 314
f 1035 1034 1024
f 1036 1035 1024
f 1037 1036 1024
f 1023 1037 1024
f 1025 1037 1023
f 1025 1038 1037
f 1039 1038 1025
f 1026 1039 1025
f 345 1039 1026
f 345 1026 997
f 997 1026 1027
f 997 1027 996
f 996 1027 1030
f 1041 1040 1029
f 320 1030 1029
f 1040 320 1029
f 1028 1041 1029
f 1042 1041 1028
f 1031 1042 1028
f 321 996 1030
f 320 321 1030
f 1031 1032 1033
f 1033 337 1031
f 337 1042 1031
f 336 337 1033
f 972 336 1033
f 1034 972 1033
f 969 972 1034
f 1035 969 1034
f 1043 1036 1037
f 1043 1037 1038
f 338 1042 337
f 1046 1045 318
f 323 318 1045
f 1045 995 323
f 531 995 1045
f 530 531 1045
f 1046 530 1045
f 1047 1046 318
f 319 1047 318
f 531 994 995
f 1040 319 320
f 1049 1048 1046
f 1047 1049 1046
f 1048 530 1046
f 1050 1049 1047
f 1051 1050 1047
f 1051 1047 319
f 329 1051 319
f 1040 329 319
f 329 1050 1051
f 328 329 1040
f 1041 328 1040
f 330 1050 329
f 331 1050 330
f 1052 331 325
f 1053 1050 331
f 1052 1053 331
f 1054 327 328
f 1041 1054 328
f 1053 1049 1050
f 1052 536 1053
f 1055 1052 325
f 1056 1055 325
f 326 1056 325
f 1053 1057 1049
f 536 1057 1053
f 1058 326 327
f 1059 1058 327
f 1054 1059 327
f 339 1059 1054
f 1042 339 1054
f 1041 1042 1054
f 1061 1060 1052
f 1055 1061 1052
f 1060 536 1052
f 1061 1055 1056
f 1044 1059 333
f 333 1059 339
f 970 973 335
f 970 335 336
f 972 970 336
f 339 1042 338
f 924 1000 340
f 341 923 340
f 1062 923 341
f 1001 1062 341
f 1000 924 1063
f 1063 924 925
f 1062 927 923
f 447 1062 446
f 1001 446 1062
f 447 927 1062
f 447 926 927
f 1063 999 1000
f 1002 446 1001
f 351 999 1063
f 357 351 1063
f 925 357 1063
f 351 998 999
f 344 345 997
f 349 1039 345
f 1064 1039 349
f 1065 1064 349
f 1065 349 346
f 1067 1066 346
f 347 1067 346
f 1066 1065 346
f 1064 1038 1039
f 1068 1038 1064
f 359 1068 1064
f 1065 359 1064
f 1069 359 1065
f 1069 1065 1066
f 1071 1070 1066
f 1067 1071 1066
f 1070 1069 1066
f 352 1067 347
f 998 352 347
f 348 998 347
f 353 1071 1067
f 352 353 1067
f 351 352 998
f 1074 1073 1072
f 1075 1072 1073
f 967 1075 1073
f 981 967 1073
f 978 981 1073
f 978 1073 1074
f 1075 1036 1072
f 361 1074 1072
f 1043 361 1072
f 1036 1043 1072
f 1036 1075 1035
f 1035 1075 968
f 967 968 1075
f 978 1074 980
f 362 980 1074
f 361 362 1074
f 968 969 1035
f 1068 361 1043
f 1038 1068 1043
f 981 966 967
f 974 966 982
f 966 981 982
f 1068 360 361
f 353 354 910
f 902 910 354
f 1076 902 354
f 355 1076 354
f 1076 355 356
f 910 1071 353
f 829 1070 1071
f 910 829 1071
f 1077 1076 356
f 374 1077 356
f 928 374 356
f 357 928 356
f 1076 903 902
f 1077 903 1076
f 925 928 357
f 909 903 1077
f 375 909 1077
f 374 375 1077
f 373 374 928
f 364 1078 363
f 1079 362 363
f 1080 1078 364
f 1069 1080 364
f 359 1069 364
f 360 1068 359
f 1079 980 362
f 1079 977 980
f 1081 977 1079
f 1082 1081 1079
f 363 1082 1079
f 1078 1082 363
f 1078 1083 1082
f 904 1083 1078
f 1080 904 1078
f 904 1080 830
f 1080 1070 830
f 1070 1080 1069
f 1084 1081 1082
f 1083 1084 1082
f 1085 369 370
f 1086 1085 370
f 371 1087 370
f 1087 1086 370
f 1088 368 369
f 1089 1088 369
f 1085 1089 369
f 1090 367 368
f 1090 368 1091
f 1091 368 1088
f 367 498 366
f 498 367 846
f 1090 846 367
f 366 519 371
f 521 1087 371
f 519 521 371
f 1092 1086 1087
f 521 1093 1087
f 1093 1094 1087
f 1092 1087 1094
f 1096 1085 1095
f 1095 1085 1086
f 1097 1096 1095
f 1097 1095 1086
f 1097 1086 1092
f 1098 1089 1085
f 1098 1085 1096
f 1099 380 1088
f 1099 1088 1089
f 380 1091 1088
f 384 1099 1089
f 384 1089 1098
f 1096 384 1098
f 495 519 494
f 519 366 494
f 1091 1100 1090
f 845 846 1090
f 1100 845 1090
f 380 377 1091
f 1100 1091 377
f 843 497 498
f 846 843 498
f 1101 1093 521
f 522 1101 521
f 382 1099 385
f 949 382 385
f 386 949 385
f 384 385 1099
f 382 380 1099
f 949 381 382
f 1096 389 384
f 381 949 950
f 950 1102 381
f 379 381 1102
f 1100 377 879
f 879 377 378
f 877 378 379
f 1103 877 379
f 1102 1103 379
f 1104 388 390
f 389 1104 390
f 951 1102 950
f 1103 1102 1105
f 1105 1102 951
f 375 372 1106
f 1106 372 873
f 873 372 921
f 373 921 372
f 1107 909 375
f 1106 1107 375
f 870 873 921
f 873 871 1106
f 1108 1107 1106
f 1108 1106 871
f 824 1108 1109
f 1109 1108 872
f 871 872 1108
f 1107 1108 824
f 909 1107 820
f 824 820 1107
f 847 845 1100
f 879 847 1100
f 1103 876 877
f 1105 894 1103
f 876 1103 894
f 1110 389 1096
f 1110 1111 389
f 1104 389 1111
f 1104 946 388
f 1097 1110 1096
f 1112 1110 1097
f 1113 1110 1112
f 1113 1111 1110
f 1113 1104 1111
f 952 946 1104
f 1113 1114 1104
f 1114 952 1104
f 1116 1115 394
f 1115 1117 394
f 394 1117 396
f 1115 1118 1117
f 396 1117 1118
f 1118 1119 396
f 1119 1120 396
f 1120 397 396
f 1121 393 397
f 1120 1122 397
f 1122 1121 397
f 1112 393 1123
f 1124 392 393
f 1124 393 1112
f 1121 1123 393
f 1116 394 395
f 1112 1097 1124
f 1097 392 1124
f 395 392 1092
f 1092 392 1097
f 1093 1125 395
f 1094 1093 395
f 1092 1094 395
f 1125 1116 395
f 1126 1118 1115
f 1126 1127 1118
f 1127 1119 1118
f 1127 1128 1119
f 1128 1129 1119
f 1129 1120 1119
f 1122 1120 1130
f 1130 1120 1129
f 671 672 1122
f 672 1121 1122
f 1130 671 1122
f 409 1121 672
f 1123 1121 409
f 409 1112 1123
f 1113 1112 409
f 1125 511 1116
f 511 1115 1116
f 1101 1125 1093
f 1101 1131 1125
f 1131 511 1125
f 511 514 1115
f 514 1126 1115
f 405 1133 1132
f 1133 405 403
f 1134 405 1132
f 404 405 1134
f 1134 816 404
f 816 1135 404
f 1135 406 404
f 1137 1136 406
f 1136 400 406
f 1135 1137 406
f 1136 399 400
f 1133 401 943
f 401 1133 403
f 1136 955 399
f 1133 1138 1132
f 1138 1139 1132
f 675 1140 1132
f 1140 1134 1132
f 1139 675 1132
f 1140 817 1134
f 816 1134 817
f 952 1138 1133
f 943 952 1133
f 1135 1141 1137
f 816 815 1135
f 815 1141 1135
f 1143 1137 1142
f 1136 1137 1143
f 1142 1137 1141
f 954 1136 1143
f 954 955 1136
f 1138 408 1139
f 1138 407 408
f 672 408 409
f 675 1139 408
f 952 407 1138
f 1113 409 407
f 1114 1113 407
f 1114 407 952
f 674 1140 675
f 1130 1144 671
f 1144 676 671
f 1145 674 676
f 1146 676 1144
f 1146 1145 676
f 1145 1147 674
f 1147 1140 674
f 1147 817 1140
f 1148 947 948
f 947 1148 810
f 1149 810 1148
f 809 1149 893
f 809 810 1149
f 1141 1150 1142
f 1152 1151 1150
f 1141 1152 1150
f 905 906 1153
f 1084 1083 1153
f 905 1153 1083
f 1155 956 1154
f 908 1155 1154
f 907 908 1154
f 1156 508 413
f 414 1156 413
f 506 412 413
f 1157 1156 414
f 1158 1157 414
f 415 1158 414
f 1159 1158 415
f 1160 1159 415
f 416 1160 415
f 411 1161 416
f 1161 1162 416
f 1160 416 1162
f 1163 508 1156
f 1163 1156 1164
f 1164 1156 1157
f 1165 507 508
f 1165 508 1163
f 1166 1164 1157
f 1167 1157 1158
f 1168 1167 1158
f 1168 1158 1159
f 1166 1157 1167
f 1169 1159 1160
f 1170 1169 1160
f 1162 1170 1160
f 1171 1168 1159
f 1169 1171 1159
f 1172 1162 1161
f 1172 1173 1162
f 1170 1162 1173
f 1174 421 422
f 1175 1174 422
f 1176 1175 422
f 423 1176 422
f 418 1177 423
f 1178 1176 423
f 1177 1178 423
f 1179 419 420
f 1180 1179 420
f 1181 1180 420
f 1181 420 421
f 418 419 1182
f 1183 1182 419
f 1179 1183 419
f 1184 1181 421
f 1174 1184 421
f 1186 1185 1176
f 1186 1176 1178
f 1185 491 1175
f 1185 1175 1176
f 1187 1184 1174
f 1188 1187 1174
f 1175 1188 1174
f 1188 1175 491
f 1190 1189 418
f 1182 1190 418
f 1189 1177 418
f 789 1186 1178
f 789 1178 788
f 1177 788 1178
f 1191 1180 1181
f 1191 1181 1192
f 1184 1192 1181
f 1193 1177 1189
f 1183 1194 1190
f 1183 1190 1182
f 1193 788 1177
f 1196 1179 1195
f 1180 1195 1179
f 1183 1179 1196
f 1198 1197 1189
f 1190 1198 1189
f 1197 1193 1189
f 1194 1198 1190
f 441 1194 1183
f 441 1183 1196
f 1195 1180 1199
f 1199 1180 1191
f 1200 1192 1184
f 1187 1200 1184
f 429 430 854
f 1201 854 430
f 1201 430 1202
f 431 1202 430
f 1192 431 425
f 1202 431 1200
f 1192 1200 431
f 922 427 428
f 922 1203 426
f 922 426 427
f 854 855 429
f 1204 1201 1202
f 1204 1202 1205
f 1200 1205 1202
f 848 854 1201
f 501 848 1201
f 501 1201 1204
f 1206 1191 425
f 426 1206 425
f 1191 1192 425
f 1205 1200 1187
f 1203 1207 1206
f 1203 1206 426
f 1203 922 926
f 1206 1199 1191
f 1207 1199 1206
f 1207 1203 448
f 1203 926 448
f 1208 1209 458
f 1211 458 1209
f 1211 1209 1210
f 1213 1212 1208
f 1213 1208 458
f 1214 1211 1210
f 1215 1214 1210
f 435 1217 1216
f 1218 1216 1217
f 1218 1217 436
f 1217 435 436
f 438 433 1219
f 1220 434 435
f 1221 1220 435
f 1216 1221 435
f 436 1198 1218
f 1216 1218 439
f 1197 1198 436
f 437 1197 436
f 1194 439 1218
f 1194 1218 1198
f 1222 437 438
f 1222 438 1223
f 1219 1223 438
f 1224 1197 437
f 1224 437 1222
f 433 1215 1219
f 1214 1215 433
f 434 1214 433
f 1226 1225 1220
f 1226 1220 1221
f 1216 1226 1221
f 1227 1214 434
f 1220 1227 434
f 1227 1211 1214
f 1225 1227 1220
f 1225 457 1227
f 1226 1216 1228
f 439 1228 1216
f 1193 1197 1224
f 787 1193 1224
f 1229 787 1224
f 1222 1229 1224
f 1230 1229 1222
f 1223 1230 1222
f 457 1211 1227
f 440 441 1231
f 1231 441 1196
f 439 1194 441
f 1228 439 440
f 1232 1228 440
f 1233 1232 440
f 1234 1233 440
f 1231 1234 440
f 1235 1231 1196
f 1195 1235 1196
f 1236 1234 1231
f 1235 1236 1231
f 1237 1226 1228
f 1237 1228 1232
f 1237 1232 470
f 1233 1238 1232
f 470 1232 1238
f 1238 1233 1234
f 1239 1238 1234
f 1236 1239 1234
f 1240 1239 1236
f 1242 1241 1235
f 1195 1242 1235
f 1236 1235 1241
f 1240 1236 1241
f 1241 449 443
f 448 449 1207
f 1243 1207 449
f 1241 1243 449
f 1002 445 446
f 1002 1244 444
f 1002 444 445
f 1245 1240 443
f 444 1245 443
f 1240 1241 443
f 1195 1199 1243
f 1195 1243 1242
f 1241 1242 1243
f 1199 1207 1243
f 926 447 448
f 1244 1245 444
f 992 1244 1002
f 1246 1239 1240
f 1245 1246 1240
f 1247 1246 1245
f 1244 1247 1245
f 461 1247 1244
f 992 461 1244
f 1248 1019 455
f 456 1248 455
f 451 1249 456
f 1250 1248 456
f 1249 1250 456
f 1019 1248 1251
f 1252 1251 1248
f 1252 1248 1253
f 1250 1253 1248
f 1255 1249 1254
f 1256 1250 1249
f 1256 1249 1255
f 1257 1250 1256
f 1255 1257 1256
f 1253 1250 1257
f 1258 1018 1019
f 1251 1258 1019
f 1261 540 1259
f 1212 1261 1259
f 1260 1259 540
f 545 1261 1212
f 1213 545 1212
f 545 540 1261
f 460 457 1225
f 458 1211 457
f 458 459 1213
f 544 1213 459
f 1262 544 459
f 460 1262 459
f 1263 460 1225
f 1263 1225 1226
f 1264 1262 460
f 1263 1264 460
f 544 545 1213
f 544 1262 543
f 1262 1265 543
f 1265 1262 1264
f 471 1264 1263
f 1237 471 1263
f 1226 1237 1263
f 466 1265 1264
f 466 1264 471
f 464 461 992
f 462 1247 461
f 1267 462 1266
f 462 463 1266
f 1268 1247 462
f 1267 1268 462
f 532 1266 463
f 994 532 463
f 464 994 463
f 1246 1247 1268
f 1269 1246 1268
f 1269 1268 1270
f 1267 1270 1268
f 1269 1239 1246
f 1272 1267 1271
f 1267 1266 1271
f 1272 1270 1267
f 533 1271 1266
f 532 533 1266
f 531 532 994
f 1237 470 471
f 469 470 1238
f 1272 527 468
f 1272 468 1273
f 1270 1272 1273
f 1270 1273 469
f 1273 468 469
f 527 467 468
f 1269 1270 469
f 1238 1269 469
f 1239 1269 1238
f 528 1265 466
f 467 528 466
f 526 527 1274
f 1274 527 1272
f 1275 543 1265
f 528 1275 1265
f 524 1275 528
f 1271 1274 1272
f 538 1060 1276
f 538 1276 1277
f 1278 480 479
f 1278 478 480
f 1280 1279 474
f 1279 473 474
f 1281 1280 474
f 478 1281 474
f 476 800 475
f 479 475 800
f 1279 1282 473
f 1283 477 473
f 1284 1283 473
f 1282 1284 473
f 1283 476 477
f 799 476 1285
f 1283 1285 476
f 799 800 476
f 800 1286 479
f 1286 1287 479
f 1287 1288 479
f 1288 1278 479
f 1289 1281 478
f 1278 1290 478
f 1290 1289 478
f 1287 1291 1288
f 1291 1278 1288
f 1292 1278 1291
f 1293 1278 1292
f 1293 1290 1278
f 1289 1290 1293
f 1294 1279 1280
f 1294 1280 1281
f 1294 1281 1295
f 1296 1281 1289
f 1296 1295 1281
f 1298 1279 1297
f 1282 1279 1298
f 1297 1279 1294
f 804 1286 800
f 804 1287 1286
f 1298 1299 1282
f 1300 1284 1282
f 1301 1300 1282
f 1299 1301 1282
f 1300 1283 1284
f 1285 1283 1302
f 1300 1302 1283
f 1303 803 799
f 1304 1303 799
f 1285 1304 799
f 1305 1303 1304
f 1305 1304 1285
f 1306 1305 1285
f 1302 1306 1285
f 1307 1287 804
f 1308 1287 1307
f 1291 1287 1308
f 1309 1289 1293
f 1309 1310 1289
f 1310 1296 1289
f 1311 484 485
f 1312 1311 485
f 1313 1312 485
f 486 1313 485
f 1168 1171 487
f 1168 487 482
f 1171 1314 487
f 486 487 1314
f 493 483 484
f 493 484 1315
f 1315 484 1311
f 490 482 483
f 1317 1316 1311
f 1312 1317 1311
f 1316 1315 1311
f 1302 1313 486
f 1314 1302 486
f 1318 1312 1313
f 1300 1318 1313
f 1302 1300 1313
f 1317 1312 1319
f 1318 1319 1312
f 1171 1305 1314
f 1305 1306 1314
f 1302 1314 1306
f 490 1167 482
f 1167 1168 482
f 1315 1320 493
f 492 493 1320
f 1316 1321 1315
f 1320 1315 1321
f 1167 490 1166
f 488 1166 490
f 1305 1171 1169
f 1166 488 1322
f 1322 488 1185
f 488 491 1185
f 492 1188 491
f 1323 1188 492
f 1320 1323 492
f 1186 1322 1185
f 1322 1164 1166
f 1323 1187 1188
f 1324 1205 1323
f 1320 1324 1323
f 1187 1323 1205
f 1321 1324 1320
f 1325 1322 1186
f 1325 1164 1322
f 1327 1326 496
f 1327 496 497
f 1326 1328 496
f 1328 495 496
f 844 1327 497
f 844 497 843
f 1328 518 495
f 503 505 1327
f 505 1326 1327
f 844 503 1327
f 1329 1328 1326
f 1330 518 1328
f 1330 1328 1329
f 505 1331 1326
f 1331 1329 1326
f 1330 1332 518
f 1332 520 518
f 504 1331 505
f 500 1321 504
f 1316 504 1321
f 1331 504 1316
f 848 501 502
f 501 1204 500
f 1204 1324 500
f 1324 1321 500
f 1317 1331 1316
f 1329 1331 1317
f 1204 1205 1324
f 1333 507 1165
f 1165 791 1333
f 1334 1333 791
f 1163 790 1165
f 791 1165 790
f 1164 1325 1163
f 790 1163 1325
f 1337 1172 1336
f 1335 1337 1336
f 797 516 515
f 514 516 797
f 1131 510 511
f 513 1294 512
f 515 512 1294
f 1101 510 1131
f 513 510 1338
f 1339 1338 510
f 1339 510 1101
f 1298 1297 513
f 1338 1298 513
f 1297 1294 513
f 1294 1295 515
f 1296 793 515
f 793 797 515
f 1295 1296 515
f 797 796 514
f 796 1126 514
f 520 1339 1101
f 522 520 1101
f 1339 520 1338
f 520 1332 1338
f 1332 1298 1338
f 1332 1299 1298
f 793 1296 1310
f 1310 792 793
f 796 1340 1126
f 795 1340 796
f 1340 1127 1126
f 1329 1319 1330
f 1299 1332 1330
f 1319 1299 1330
f 1229 1230 1341
f 786 1229 1341
f 1334 786 1341
f 791 786 1334
f 1017 1342 524
f 1017 524 525
f 1342 1275 524
f 526 1022 525
f 1343 1022 526
f 1274 1343 526
f 1018 1342 1017
f 1342 542 1275
f 542 543 1275
f 1343 1021 1022
f 1345 1344 1343
f 1274 1345 1343
f 1021 1343 1344
f 1271 1345 1274
f 1018 1258 1342
f 1258 542 1342
f 1048 535 530
f 1346 1344 534
f 535 1346 534
f 533 534 1345
f 1344 1345 534
f 1347 1346 535
f 1048 1347 535
f 1345 1271 533
f 1020 1021 1344
f 1346 1020 1344
f 1348 1020 1346
f 1347 1348 1346
f 1057 1347 1048
f 1049 1057 1048
f 537 1348 1347
f 1057 537 1347
f 1060 538 536
f 537 1057 536
f 538 1349 537
f 1349 1348 537
f 1277 1014 1349
f 538 1277 1349
f 1015 1348 1349
f 1014 1015 1349
f 1013 1014 1277
f 1020 1348 1015
f 1350 1253 1257
f 1351 1253 1350
f 1260 1351 1350
f 1351 541 1251
f 542 1258 541
f 1351 540 541
f 1251 541 1258
f 1351 1260 540
f 1351 1251 1252
f 1252 1253 1351
f 551 1353 1354
f 1355 582 1354
f 582 551 1354
f 549 1352 1353
f 551 549 1353
f 1357 1352 1356
f 1358 1352 1357
f 549 1356 1352
f 1357 1359 1358
f 550 551 582
f 581 552 550
f 1361 552 1360
f 1361 548 552
f 1360 552 581
f 1362 548 1361
f 547 548 1363
f 1363 548 1362
f 1356 549 547
f 1363 1364 547
f 1364 1357 547
f 1357 1356 547
f 1355 583 582
f 1365 1360 581
f 585 1365 581
f 565 1361 1360
f 1365 1366 1360
f 1366 565 1360
f 565 563 1361
f 563 1362 1361
f 563 1367 1362
f 1308 1362 1367
f 1308 1363 1362
f 1368 1364 1363
f 1368 1363 1308
f 1308 1307 1368
f 1307 1364 1368
f 1369 1357 1364
f 1370 1369 1364
f 1370 1364 1307
f 1369 1359 1357
f 1371 558 557
f 1372 558 1371
f 572 558 1372
f 559 558 572
f 571 554 559
f 1373 554 571
f 1374 554 1373
f 553 554 1374
f 1375 553 1374
f 795 553 1375
f 556 553 795
f 556 792 557
f 792 1376 557
f 1376 1371 557
f 1371 1377 1372
f 1378 572 1372
f 1377 1379 1372
f 1378 1372 1379
f 1378 568 572
f 1371 1380 1377
f 1380 1371 1376
f 570 1381 571
f 1381 1373 571
f 1382 683 1373
f 1374 1373 683
f 1381 1382 1373
f 681 1375 1374
f 683 681 1374
f 1383 1375 681
f 795 1375 1340
f 1340 1375 1383
f 1310 1376 792
f 1376 1309 1380
f 1309 1376 1310
f 1386 1385 1384
f 564 1385 1386
f 1366 1385 564
f 1387 1385 1366
f 1388 1385 1387
f 1384 1385 1388
f 1379 566 1386
f 566 564 1386
f 1384 1389 1386
f 1389 1379 1386
f 565 1366 564
f 1365 1387 1366
f 1390 1388 1387
f 1391 1387 1365
f 1390 1387 1391
f 1384 1388 1392
f 1390 602 1388
f 602 1392 1388
f 1393 1389 1384
f 1392 1393 1384
f 1394 1389 1393
f 1378 1389 1394
f 1379 1389 1378
f 566 1379 1377
f 562 566 1377
f 585 1391 1365
f 1395 1391 585
f 1396 1391 1395
f 1396 1390 1391
f 1397 1390 1396
f 602 1390 1397
f 601 1392 602
f 1397 600 602
f 1398 1392 601
f 1393 1392 1398
f 1399 1394 1393
f 1398 1399 1393
f 1380 562 1377
f 1400 561 562
f 1400 562 1380
f 1367 563 561
f 1400 1292 561
f 1292 1367 561
f 1309 1400 1380
f 1292 1400 1293
f 1293 1400 1309
f 1308 1367 1291
f 1291 1367 1292
f 1394 1401 568
f 1401 567 568
f 1378 1394 568
f 576 1402 567
f 1402 570 567
f 576 567 1401
f 1403 1381 570
f 1402 1403 570
f 1401 1394 1399
f 579 1401 1399
f 579 576 1401
f 574 1404 1402
f 1404 1403 1402
f 574 1402 576
f 1406 1405 1403
f 1381 1403 1405
f 1404 1406 1403
f 1405 1382 1381
f 578 1408 1407
f 577 578 1407
f 1409 578 579
f 1408 578 1409
f 1410 577 1407
f 1410 1411 577
f 575 577 1411
f 1412 574 575
f 1404 574 1412
f 1399 1409 579
f 1409 1413 1408
f 1415 1414 1408
f 1414 1407 1408
f 1413 1415 1408
f 1414 1416 1407
f 1416 1417 1407
f 1417 1410 1407
f 1398 1409 1399
f 1413 1409 1398
f 1418 1410 655
f 1418 1419 1410
f 1411 1410 1419
f 655 1410 1417
f 1420 1412 575
f 1411 1419 575
f 1419 1420 575
f 708 1412 1420
f 710 1412 708
f 1404 1412 710
f 710 1406 1404
f 1418 1421 1419
f 1421 1420 1419
f 1422 708 1420
f 1421 1422 1420
f 583 1423 1425
f 583 1355 1423
f 1425 1423 1424
f 1425 584 583
f 1395 585 584
f 589 584 1425
f 1395 584 589
f 1424 590 1425
f 590 589 1425
f 1395 589 587
f 587 1396 1395
f 590 1426 592
f 596 591 592
f 588 591 595
f 1427 587 588
f 1427 1396 587
f 1424 1426 590
f 1428 596 592
f 1426 1428 592
f 1429 597 596
f 1428 1429 596
f 595 1430 588
f 1430 1427 588
f 1431 595 593
f 1431 1430 595
f 1427 1430 604
f 1397 1427 604
f 1396 1427 1397
f 1431 605 1430
f 605 604 1430
f 1433 1432 597
f 1432 598 597
f 1429 1433 597
f 1432 1434 598
f 1434 1435 598
f 1435 593 598
f 1436 1431 593
f 1435 1436 593
f 1437 1432 1433
f 1437 1438 1432
f 1438 1434 1432
f 1438 1439 1434
f 1439 1440 1434
f 1435 1434 1440
f 1440 1441 1435
f 1441 1436 1435
f 1442 607 1436
f 607 1431 1436
f 1441 1442 1436
f 607 605 1431
f 599 603 609
f 1415 599 609
f 1413 599 1415
f 601 599 1413
f 604 600 1397
f 1413 1398 601
f 604 605 603
f 1443 1415 609
f 606 1444 609
f 1444 1443 609
f 1443 1414 1415
f 608 1444 606
f 608 607 1442
f 646 608 1442
f 646 1445 608
f 1444 608 1445
f 1441 648 1442
f 648 646 1442
f 645 1445 646
f 1445 1446 1444
f 1446 1443 1444
f 645 1447 1445
f 1446 1445 1447
f 1448 1443 1446
f 1448 1414 1443
f 1450 611 1449
f 1450 1451 611
f 1452 611 1451
f 1452 610 611
f 1453 611 612
f 1449 611 1453
f 1454 610 1452
f 1455 610 1454
f 1455 1456 610
f 1456 612 610
f 1456 652 612
f 652 1457 612
f 1457 1458 612
f 1458 1453 612
f 1460 1459 1449
f 1459 1450 1449
f 1453 1461 1449
f 1461 1460 1449
f 1462 1450 1459
f 1451 1450 1463
f 1450 1462 1463
f 1464 1461 1453
f 1458 1464 1453
f 1451 1463 1452
f 1463 1465 1452
f 1465 1454 1452
f 1454 1465 719
f 1467 1455 1466
f 1467 1468 1455
f 1468 1456 1455
f 1455 1454 1466
f 1468 653 1456
f 653 652 1456
f 719 1466 1454
f 1457 1469 1458
f 1469 1470 1458
f 1470 1464 1458
f 1469 1457 652
f 650 1469 652
f 1466 1471 1467
f 1471 1468 1467
f 1472 1462 1459
f 1472 631 1462
f 631 1473 1462
f 1473 1463 1462
f 1473 1474 1463
f 1474 1465 1463
f 1474 1475 1465
f 1475 719 1465
f 1477 1476 1461
f 1476 1460 1461
f 1461 1464 1477
f 1470 1478 1464
f 1477 1464 1478
f 1482 1480 1479
f 1482 782 1480
f 782 781 1480
f 625 1483 1479
f 1483 1482 1479
f 1483 782 1482
f 1485 1484 614
f 780 614 1484
f 780 616 614
f 1485 614 615
f 617 616 784
f 615 619 1486
f 618 1487 619
f 1487 1488 619
f 1488 1486 619
f 1489 618 617
f 1489 1490 618
f 1490 1487 618
f 784 1491 617
f 1491 1489 617
f 1492 1485 615
f 1486 1492 615
f 1484 1481 780
f 1481 781 780
f 1485 633 1484
f 1493 784 783
f 1491 784 1493
f 1488 1494 1486
f 1494 1495 1486
f 1495 1492 1486
f 1490 1496 1487
f 1497 1487 1496
f 1497 1488 1487
f 1494 1488 1498
f 1498 1488 1497
f 1499 1489 1491
f 1499 1500 1489
f 1500 1490 1489
f 1500 1501 1490
f 1496 1490 1501
f 1493 1502 1491
f 1502 667 1491
f 667 665 1491
f 665 1499 1491
f 665 1500 1499
f 783 1502 1493
f 1504 1503 1492
f 1503 1485 1492
f 1495 1504 1492
f 1503 633 1485
f 1505 625 624
f 1483 625 1505
f 1506 623 621
f 1507 624 623
f 1507 1508 624
f 1505 624 1508
f 1506 1509 623
f 1509 1510 623
f 1510 1507 623
f 1510 1508 1507
f 1508 1511 1505
f 1511 1512 1505
f 1512 1513 1505
f 1513 1483 1505
f 1513 782 1483
f 1506 1514 1509
f 1515 1508 1510
f 1516 1514 1506
f 1515 1517 1508
f 1511 1508 1517
f 1514 1518 1509
f 1518 1519 1509
f 1519 1510 1509
f 1519 1515 1510
f 1515 1519 627
f 1520 627 1519
f 1520 629 627
f 628 1515 627
f 1520 1521 629
f 1522 629 1521
f 630 629 1522
f 628 632 1523
f 1472 632 631
f 632 1472 1524
f 1523 632 1524
f 1473 631 630
f 1522 1525 630
f 1525 1473 630
f 1517 1515 628
f 1523 1517 628
f 1519 1518 1520
f 1518 1526 1520
f 1526 1521 1520
f 1527 1521 1526
f 1527 1528 1521
f 1522 1521 1528
f 1528 1529 1522
f 1529 1525 1522
f 1530 1517 1523
f 1523 1524 1531
f 1530 1523 1531
f 1459 1532 1472
f 1532 1524 1472
f 1533 1531 1524
f 1532 1533 1524
f 1474 1473 1525
f 1529 1534 1525
f 1534 1474 1525
f 1530 1511 1517
f 1504 1535 1503
f 1538 1539 1536
f 635 1536 1539
f 1537 1536 635
f 635 1540 1537
f 1540 1541 1537
f 1498 1497 1538
f 1497 1539 1538
f 1539 1496 634
f 1501 634 1496
f 1501 637 634
f 1539 634 635
f 1542 637 1501
f 1542 1543 637
f 1544 637 1543
f 637 1544 636
f 1544 1545 636
f 1545 1540 636
f 1540 635 636
f 1500 1542 1501
f 1497 1496 1539
f 1500 666 1542
f 1546 1543 1542
f 1546 1547 1543
f 1548 1543 1547
f 1543 1548 1544
f 1548 1549 1544
f 1549 1545 1544
f 666 1546 1542
f 1551 1550 1545
f 1540 1545 1550
f 1549 1551 1545
f 1550 1541 1540
f 665 666 1500
f 1554 638 1552
f 638 1555 1552
f 1555 1553 1552
f 1555 1438 1553
f 1438 1437 1553
f 1554 1556 638
f 1556 640 638
f 639 1555 638
f 1556 1551 640
f 1551 1557 640
f 1557 641 640
f 1557 1558 641
f 1558 1559 641
f 1559 1560 641
f 1560 639 641
f 1560 1439 639
f 1439 1555 639
f 1561 1556 1554
f 1439 1438 1555
f 1561 1550 1556
f 1550 1551 1556
f 1557 1562 1558
f 1551 1549 1557
f 1562 1557 1549
f 1564 1558 1563
f 1564 1559 1558
f 1558 1562 1563
f 647 1559 1564
f 1565 1559 647
f 1565 1566 1559
f 1566 1560 1559
f 1566 1440 1560
f 1440 1439 1560
f 1563 647 1564
f 647 648 1565
f 648 1566 1565
f 648 1441 1566
f 1441 1440 1566
f 1548 1562 1549
f 1548 663 1562
f 663 1563 1562
f 1550 1561 1541
f 1567 643 644
f 1567 1568 643
f 1569 643 1568
f 1570 643 1569
f 1570 645 643
f 1571 645 1570
f 1447 645 1571
f 1569 1571 1570
f 662 1567 644
f 1563 662 644
f 647 1563 644
f 662 661 1567
f 1478 1567 661
f 1568 1567 1478
f 1571 1569 1572
f 1568 1478 1569
f 1478 1470 1569
f 1572 1569 1470
f 1572 1573 1571
f 1573 1446 1571
f 1446 1447 1571
f 663 662 1563
f 1468 1574 653
f 1574 654 653
f 1469 651 1572
f 1469 650 651
f 656 1575 651
f 1575 1573 651
f 1572 651 1573
f 1575 656 655
f 1574 1576 654
f 1576 1418 654
f 655 654 1418
f 1417 1575 655
f 1470 1469 1572
f 1577 1468 1471
f 1577 1574 1468
f 1578 1574 1577
f 1579 1574 1578
f 1579 1576 1574
f 1471 1578 1577
f 1448 1575 1417
f 1448 1573 1575
f 1446 1573 1448
f 1421 1418 1576
f 1578 1580 1579
f 1580 1576 1579
f 1580 1421 1576
f 1416 1448 1417
f 1548 1547 663
f 1547 657 663
f 1547 659 657
f 1477 661 658
f 1477 1478 661
f 659 1547 1546
f 1582 1581 658
f 1581 1477 658
f 659 1582 658
f 1546 670 659
f 1582 659 670
f 1581 1476 1477
f 670 1546 666
f 669 1582 670
f 1583 1582 669
f 1581 1582 1583
f 1476 1581 1460
f 1581 1583 1460
f 1584 667 1502
f 1584 668 667
f 1531 668 1584
f 1531 1533 668
f 1533 669 668
f 1583 669 1533
f 1585 1502 783
f 1502 1585 1584
f 1530 1584 1585
f 1530 1531 1584
f 1583 1533 1532
f 1532 1460 1583
f 1129 1586 1130
f 1586 1144 1130
f 1586 1587 1144
f 1144 1587 1146
f 1587 1588 1146
f 1588 1589 1146
f 1589 1145 1146
f 1147 1145 1590
f 1590 1145 1589
f 1590 818 1147
f 817 1147 818
f 1383 1127 1340
f 1383 1128 1127
f 1591 1129 1128
f 1591 1586 1129
f 680 1128 1383
f 1591 1128 680
f 1382 682 683
f 1382 1592 682
f 1592 1593 682
f 679 682 1593
f 1594 678 679
f 1594 1595 678
f 1591 678 1595
f 680 678 1591
f 681 680 1383
f 1405 1592 1382
f 1593 1596 679
f 1596 1594 679
f 1592 1597 1593
f 1597 1598 1593
f 1596 1593 1598
f 699 1594 1596
f 699 1599 1594
f 1599 1595 1594
f 1587 1595 1599
f 1587 1586 1595
f 1586 1591 1595
f 1600 1592 1405
f 1600 1597 1592
f 1598 1601 1596
f 1601 699 1596
f 1603 1602 688
f 689 688 1602
f 687 1604 688
f 1604 1603 688
f 1602 778 689
f 778 777 689
f 777 1605 689
f 1605 690 689
f 1605 691 690
f 1605 1606 691
f 1607 691 1606
f 686 691 1607
f 1608 686 1607
f 813 686 1608
f 685 686 813
f 687 685 818
f 1604 687 1590
f 1590 687 818
f 1610 1609 1602
f 1609 778 1602
f 1603 1610 1602
f 1611 1604 1589
f 1611 1603 1604
f 1589 1604 1590
f 1609 1612 778
f 1612 773 778
f 1613 777 776
f 1613 1605 777
f 1613 1606 1605
f 1613 1607 1606
f 1614 1613 776
f 1615 1613 1614
f 1607 1613 1615
f 1615 1616 1607
f 1616 1608 1607
f 1614 1616 1615
f 1616 1151 1608
f 1151 1152 1608
f 1152 813 1608
f 1152 815 813
f 702 1610 1603
f 1611 702 1603
f 1618 1617 694
f 1617 693 694
f 1619 694 698
f 1619 1618 694
f 1617 748 693
f 748 1620 693
f 695 693 1620
f 696 695 1621
f 1622 696 1621
f 1622 1623 696
f 1623 697 696
f 1623 1612 697
f 1612 1624 697
f 1624 698 697
f 1624 1625 698
f 1625 1619 698
f 1626 1618 1619
f 1627 1619 1625
f 1627 1626 1619
f 749 1617 1628
f 749 748 1617
f 1618 1628 1617
f 1620 1629 695
f 1629 1621 695
f 748 747 1620
f 747 1630 1620
f 1629 1620 1630
f 1621 1629 1631
f 1631 1632 1621
f 1632 1622 1621
f 1632 1633 1622
f 1633 1634 1622
f 1634 1623 1622
f 1634 773 1623
f 773 1612 1623
f 1612 1609 1624
f 1609 1635 1624
f 1635 1625 1624
f 1635 1636 1625
f 1636 1627 1625
f 1628 1618 1637
f 1626 1637 1618
f 1630 1638 1629
f 1638 1631 1629
f 700 1599 699
f 1601 701 699
f 1639 702 701
f 1640 701 1601
f 1640 1639 701
f 1639 1610 702
f 1611 700 702
f 1588 700 1611
f 1588 1599 700
f 1589 1588 1611
f 1587 1599 1588
f 1598 1641 1601
f 1641 1640 1601
f 1641 1642 1640
f 1642 1636 1640
f 1636 1639 1640
f 1635 1610 1639
f 1636 1635 1639
f 1635 1609 1610
f 1422 707 708
f 1422 709 707
f 1422 1643 709
f 1644 704 705
f 1644 1645 704
f 1646 704 1645
f 1646 706 704
f 1600 706 1646
f 1600 1406 706
f 1406 710 706
f 1643 1422 1580
f 1580 1422 1421
f 1647 1644 705
f 709 1648 705
f 1648 1647 705
f 1643 1648 709
f 1643 1649 1648
f 1650 1644 1647
f 1651 1644 1650
f 1645 1644 1651
f 1651 1652 1645
f 1653 1645 1652
f 1653 1646 1645
f 1597 1646 1653
f 1597 1600 1646
f 1405 1406 1600
f 1654 1648 1649
f 1654 1647 1648
f 724 1643 1580
f 724 1649 1643
f 1655 1650 1647
f 1654 1655 1647
f 1627 1656 1626
f 1637 1626 1657
f 1656 1657 1626
f 1627 1642 1656
f 1642 1652 1656
f 1657 1656 1651
f 1652 1651 1656
f 1636 1642 1627
f 1650 1658 1657
f 1658 1637 1657
f 1651 1650 1657
f 1658 1659 1637
f 1659 1628 1637
f 1641 1652 1642
f 1641 1653 1652
f 1655 1658 1650
f 1655 728 1658
f 728 1659 1658
f 775 1660 1661
f 1614 776 1661
f 776 775 1661
f 1634 1633 1660
f 775 1634 1660
f 1662 1663 1665
f 1664 1666 1663
f 1665 1663 1666
f 1667 1662 1668
f 1668 1662 1665
f 1672 1670 1671
f 1667 1673 1671
f 1673 1672 1671
f 1674 1669 1670
f 1672 1674 1670
f 714 1675 1676
f 1677 715 1676
f 715 714 1676
f 1678 1679 1677
f 1679 715 1677
f 1681 1680 1669
f 1674 1681 1669
f 1682 1678 1680
f 1681 1682 1680
f 1683 713 717
f 1679 716 715
f 1679 1684 716
f 1684 1685 716
f 1685 717 716
f 1685 1686 717
f 1686 1683 717
f 1687 1683 1686
f 1689 1688 1683
f 1688 713 1683
f 1687 1689 1683
f 1678 1682 1679
f 1682 1684 1679
f 1682 751 1684
f 751 1690 1684
f 1690 1685 1684
f 1690 1691 1685
f 1691 1686 1685
f 1691 1692 1686
f 1692 1687 1686
f 1475 1693 718
f 1693 1694 718
f 1694 721 718
f 1475 718 719
f 1694 1695 721
f 1696 721 1695
f 1696 1697 721
f 1697 1698 721
f 1698 720 721
f 1699 720 1698
f 1466 720 1699
f 719 720 1466
f 1701 1700 1694
f 1700 1695 1694
f 1700 1696 1695
f 1702 1701 1693
f 1701 1694 1693
f 1696 1700 734
f 738 1697 1696
f 1703 1697 738
f 1703 1704 1697
f 1704 1698 1697
f 1704 1705 1698
f 1699 1698 1705
f 734 738 1696
f 1705 723 1699
f 723 1471 1699
f 1471 1466 1699
f 738 1706 1703
f 1706 1704 1703
f 1474 1534 1475
f 1534 1693 1475
f 1529 1702 1534
f 1702 1693 1534
f 1702 1707 1701
f 1707 1708 1701
f 1708 1700 1701
f 1708 1709 1700
f 1709 734 1700
f 1529 1710 1702
f 1707 1702 1710
f 1705 722 723
f 1705 1711 722
f 1711 1712 722
f 1713 722 1712
f 1713 1649 722
f 1649 724 722
f 723 724 1578
f 1578 724 1580
f 1712 1654 1713
f 1654 1649 1713
f 1578 1471 723
f 1704 1711 1705
f 1654 1712 731
f 730 1712 1711
f 730 731 1712
f 731 1655 1654
f 1704 1706 1714
f 1706 730 1714
f 730 1711 1714
f 1704 1714 1711
f 1716 1715 727
f 1715 726 727
f 1717 727 729
f 1717 1716 727
f 1715 1718 726
f 1718 1659 726
f 1659 728 726
f 1655 731 728
f 1706 737 729
f 737 1717 729
f 730 1706 729
f 737 736 1717
f 736 1719 1717
f 1716 1717 1719
f 1719 1720 1716
f 1720 1721 1716
f 1721 1715 1716
f 1721 745 1715
f 1722 1715 745
f 1722 1718 1715
f 745 749 1722
f 749 1718 1722
f 749 1628 1718
f 1628 1659 1718
f 738 737 1706
f 736 735 1723
f 1723 1719 736
f 1709 733 734
f 733 1724 735
f 1725 735 1724
f 1723 735 1725
f 1709 763 733
f 1724 733 763
f 1725 1726 1723
f 1726 739 1723
f 739 1719 1723
f 739 1720 1719
f 1708 762 1709
f 763 1709 762
f 765 1724 763
f 765 1727 1724
f 1727 1725 1724
f 1727 1728 1725
f 1728 1726 1725
f 1726 741 739
f 740 1720 739
f 1726 1729 741
f 1729 1730 741
f 1730 742 741
f 1730 1731 742
f 1673 742 1731
f 1732 742 1673
f 1732 740 742
f 1733 740 1732
f 1733 1734 740
f 1734 1720 740
f 1673 1668 1732
f 1668 1735 1732
f 1735 1733 1732
f 1735 1734 1733
f 1728 1729 1726
f 1734 1721 1720
f 1730 1672 1731
f 1672 1673 1731
f 1729 1736 1730
f 1736 1737 1730
f 1672 1730 1737
f 1668 1673 1667
f 744 1734 1735
f 744 1721 1734
f 1665 1735 1668
f 1665 746 1735
f 746 744 1735
f 745 1721 744
f 1736 1674 1737
f 1674 1672 1737
f 1728 754 1729
f 754 1736 1729
f 1666 747 746
f 1666 1630 747
f 1665 1666 746
f 1664 1630 1666
f 1638 1630 1664
f 1739 1738 753
f 1738 752 753
f 754 1728 753
f 1728 1727 753
f 1727 1739 753
f 1738 1690 752
f 751 752 1690
f 1740 750 1681
f 1740 1736 750
f 1736 754 750
f 750 751 1681
f 1681 1674 1740
f 1674 1736 1740
f 765 1739 1727
f 1741 1691 1738
f 1690 1738 1691
f 1739 1741 1738
f 1682 1681 751
f 1741 1739 1742
f 1692 1691 1741
f 765 1742 1739
f 1528 1745 1710
f 1745 1746 1710
f 1707 1710 1746
f 1528 1710 1529
f 1746 1747 1707
f 1747 1708 1707
f 1745 1748 1746
f 1748 1749 1746
f 1749 1747 1746
f 1749 1750 1747
f 1750 762 1747
f 762 1708 1747
f 1527 1745 1528
f 1526 761 1527
f 761 760 1527
f 760 1745 1527
f 760 1748 1745
f 760 759 1748
f 759 1751 1748
f 1751 1749 1748
f 1752 1743 757
f 1743 756 757
f 1752 757 1753
f 1753 757 761
f 758 756 1744
f 1744 1754 758
f 1754 1755 758
f 1755 759 758
f 1755 1751 759
f 1526 1753 761
f 1514 1752 1753
f 1526 1518 1753
f 1518 1514 1753
f 1756 768 1754
f 1755 1754 768
f 768 772 1755
f 772 1751 1755
f 772 1757 1751
f 1757 1749 1751
f 1514 1516 1752
f 1750 764 762
f 1750 1758 764
f 1758 1742 764
f 1742 765 764
f 1749 1757 1750
f 1757 1758 1750
f 1758 1759 1742
f 1759 1741 1742
f 772 771 1757
f 771 1758 1757
f 1758 771 1759
f 771 770 1759
f 770 1692 1759
f 1692 1741 1759
f 770 769 1687
f 1687 1692 770
f 1756 767 768
f 767 1760 769
f 1760 1689 769
f 1689 1687 769
f 775 773 1634
f 783 782 1513
f 1513 1585 783
f 1512 1585 1513
f 1511 1585 1512
f 1511 1530 1585
f 1325 789 790
f 1193 787 788
f 786 787 1229
f 1325 1186 789
f 1307 804 805
f 802 1761 801
f 1761 805 801
f 1303 802 803
f 1337 802 1170
f 1303 1170 802
f 1337 1761 802
f 805 1370 1307
f 1761 1762 805
f 1762 1369 805
f 1369 1370 805
f 1335 1761 1337
f 1763 1761 1335
f 1763 1762 1761
f 1763 1369 1762
f 1170 1303 1169
f 1169 1303 1305
f 1173 1172 1337
f 1170 1173 1337
f 1359 1369 1763
f 1105 811 807
f 1105 807 894
f 947 810 812
f 951 811 1105
f 1152 1141 815
f 908 823 1155
f 890 823 825
f 890 1155 823
f 824 1109 825
f 889 890 825
f 1109 889 825
f 889 1109 880
f 872 880 1109
f 891 956 1155
f 890 891 1155
f 830 1070 829
f 1083 904 905
f 1318 1300 1301
f 1318 1301 1299
f 1319 1318 1299
f 1329 1317 1319
f 1448 1416 1414
f 1532 1459 1460
f 1653 1598 1597
f 1653 1641 1598
